{
	"format_version": "1.8.0",
	"animations": {
		"attack18": {
			"animation_length": 0.5,
			"override_previous_animation": true,
			"bones": {
				"body": {
					"rotation": {
						"0.0": {
							"vector": [-22.57624, -44.45181, 43.23897]
						},
						"0.0476": {
							"vector": [0, 0, 0]
						},
						"0.119": {
							"vector": [0, 112.5, 0]
						},
						"0.1667": {
							"vector": [0, 242.5, 0]
						},
						"0.2619": {
							"vector": [-30.49835, 391.16686, -48.69575]
						},
						"0.5": {
							"vector": [-40.54566, 401.6701, -57.1519]
						}
					},
					"position": {
						"0.0": {
							"vector": [-4.87, 1, -8.88]
						},
						"0.0476": {
							"vector": [1.13, -1, -3.88]
						},
						"0.2619": {
							"vector": [7.13, 5, -3.88]
						},
						"0.5": {
							"vector": [7.13, 5, -4.88]
						}
					},
					"scale": {
						"0.0": {
							"vector": [1, 1, 1]
						},
						"0.0476": {
							"vector": [1, 1, 1]
						}
					}
				},
				"left_arm": {
					"rotation": {
						"0.0": {
							"vector": [-36.21474, -43.363, -35.56251]
						},
						"0.0476": {
							"vector": [-53.38013, -10.47389, -0.10026]
						},
						"0.119": {
							"vector": [-33.78422, 5.40207, -2.67128]
						},
						"0.2619": {
							"vector": [-57.2325, 13.67408, -8.37456]
						},
						"0.5": {
							"vector": [-57.2325, 13.67408, -8.37456]
						}
					},
					"position": {
						"0.0": {
							"vector": [-1, -1, -1.3]
						},
						"0.0476": {
							"vector": [-1, -1, -1.3]
						},
						"0.119": {
							"vector": [0.24219, -0.35547, 0.19609]
						}
					}
				},
				"right_arm": {
					"rotation": {
						"0.0": {
							"vector": [-3.32863, 53.6677, 28.2376]
						},
						"0.0476": {
							"vector": [-50.15794, -48.16735, 7.18984]
						},
						"0.119": {
							"vector": [6.26727, -4.4102, -2.82003]
						},
						"0.2619": {
							"vector": [2.6028, -7.20501, 32.25764]
						},
						"0.5": {
							"vector": [2.6028, -7.20501, 32.25764]
						}
					},
					"position": {
						"0.0": {
							"vector": [-0.8, -1, -2]
						},
						"0.0476": {
							"vector": [-0.8, 0, -2]
						},
						"0.119": {
							"vector": [0.2, 0, -1]
						}
					}
				},
				"head": {
					"rotation": {
						"0.0": {
							"vector": [1.65329, 40.73313, -30.16884]
						},
						"0.0476": {
							"vector": [14.94513, 6.50822, -3.29155]
						},
						"0.119": {
							"vector": [-0.06233, 29.00821, -3.31556]
						},
						"0.2619": {
							"vector": [24.93262, -35.99175, -3.24573]
						},
						"0.5": {
							"vector": [24.93262, -35.99175, -3.24573]
						}
					},
					"scale": {
						"0.0": {
							"vector": [1, 1, 1]
						},
						"0.0476": {
							"vector": [1, 1, 1]
						}
					}
				},
				"right_leg": {
					"rotation": {
						"0.0": {
							"vector": [-37.04952, -23.42855, 97.08798]
						},
						"0.0476": {
							"vector": [-6.78585, -39.56127, 7.5402]
						},
						"0.119": {
							"vector": [0, 0, 10]
						},
						"0.2619": {
							"vector": [35, 0, 38.34685]
						},
						"0.5": {
							"vector": [35, 0, 38.34685]
						}
					},
					"position": {
						"0.0": {
							"vector": [-2, 1.1, -3.65]
						},
						"0.0476": {
							"vector": [-1, 1.1, 0.35]
						},
						"0.119": {
							"vector": [-1, 1.1, 0.35]
						},
						"0.2619": {
							"vector": [-1.08, -0.44, -0.08]
						},
						"0.5": {
							"vector": [-1.08, -0.44, -0.08]
						}
					}
				},
				"left_leg": {
					"rotation": {
						"0.0": {
							"vector": [-0.14515, -1.79053, -32.61704]
						},
						"0.0476": {
							"vector": [-0.14515, -1.79053, -32.61704]
						},
						"0.119": {
							"vector": [12.05335, -8.92738, -3.328]
						},
						"0.1667": {
							"vector": [65.62986, -12.84206, -2.95765]
						},
						"0.2619": {
							"vector": [-67.31844, -15.86463, -6.24844]
						},
						"0.5": {
							"vector": [-67.31844, -15.86463, -6.24844]
						}
					},
					"position": {
						"0.0": {
							"vector": [0, 0, 0]
						},
						"0.0476": {
							"vector": [0, 0, 0]
						},
						"0.119": {
							"vector": [0, 0, -0.94]
						},
						"0.1667": {
							"vector": [0, 0, -6.7]
						},
						"0.2619": {
							"vector": [0, 0, -1]
						},
						"0.5": {
							"vector": [0, 0, -1]
						}
					}
				}
			}
		}
	},
	"geckolib_format_version": 2
}