{
	"format_version": "1.8.0",
	"animations": {
		"attack17": {
			"animation_length": 2,
			"override_previous_animation": true,
			"bones": {
				"body": {
					"rotation": {
						"0.0": {
							"vector": [0, 0, 0]
						},
						"0.6667": {
							"vector": [23.78773, 18.42031, 7.92945]
						},
						"0.75": {
							"vector": [0, -49.32, 0]
						},
						"1.25": {
							"vector": [-8.30745, -74.18388, -54.01029]
						},
						"1.4583": {
							"vector": [-4.41944, -59.26677, -58.20665]
						},
						"1.625": {
							"vector": [-95.98207, 65.98157, -153.04648]
						},
						"1.875": {
							"vector": [-95.98207, 65.98157, -153.04648]
						},
						"1.9583": {
							"vector": [0, 0, 0]
						}
					},
					"position": {
						"0.0": {
							"vector": [0, 0, 0]
						},
						"0.6667": {
							"vector": [0, 0, 5]
						},
						"0.75": {
							"vector": [1.22, -1.48, -13]
						},
						"1.125": {
							"vector": [8.25, 7.63, 40.29]
						},
						"1.25": {
							"vector": [9.24, 21.73, 28.57]
						},
						"1.4583": {
							"vector": [10, 10, -5]
						},
						"1.5417": {
							"vector": [12.87, 18.78625, -5.81]
						},
						"1.625": {
							"vector": [15, 9, -6]
						},
						"1.875": {
							"vector": [15, 7, -6]
						},
						"1.9583": {
							"vector": [0, 0, 0]
						}
					},
					"scale": {
						"0.0": {
							"vector": [1, 1, 1]
						},
						"0.6667": {
							"vector": [1, 1, 1]
						},
						"0.7083": {
							"vector": [0, 1, 0]
						},
						"1.2083": {
							"vector": [0, 1, 0]
						},
						"1.25": {
							"vector": [1, 1, 1]
						},
						"1.4583": {
							"vector": [1, 1, 1]
						},
						"1.625": {
							"vector": [1, 1, 1]
						},
						"1.875": {
							"vector": [1, 1, 1]
						},
						"1.9583": {
							"vector": [1, 1, 1]
						}
					}
				},
				"left_arm": {
					"rotation": {
						"0.0": {
							"vector": [0, 0, 0]
						},
						"0.6667": {
							"vector": [-52.9338, 26.94622, 18.89595]
						},
						"0.75": {
							"vector": [-42.11771, 47.42082, 0.45772]
						},
						"1.25": {
							"vector": [-27.60455, -14.24, -37.78381]
						},
						"1.4583": {
							"vector": [-27.60455, -14.24, -37.78381]
						},
						"1.625": {
							"vector": [-69.03437, 4.56443, -21.17388]
						},
						"1.875": {
							"vector": [-81.53437, 4.56443, -21.17388]
						},
						"1.9583": {
							"vector": [0, 0, 0]
						}
					},
					"position": {
						"0.0": {
							"vector": [0, 0, 0]
						},
						"0.6667": {
							"vector": [0, 0, -1.55078]
						},
						"0.75": {
							"vector": [1.17188, 0.01953, 0]
						},
						"1.25": {
							"vector": [0, 0, 0]
						},
						"1.4583": {
							"vector": [0, 0, 0]
						},
						"1.875": {
							"vector": [-1, 0, -2]
						},
						"1.9583": {
							"vector": [0, 0, 0]
						}
					},
					"scale": {
						"0.0": {
							"vector": [1, 1, 1]
						},
						"0.75": {
							"vector": [1, 1, 1]
						},
						"1.9583": {
							"vector": [1, 1, 1]
						}
					}
				},
				"right_arm": {
					"rotation": {
						"0.0": {
							"vector": [0, 0, 0]
						},
						"0.6667": {
							"vector": [10, 0, 10]
						},
						"0.75": {
							"vector": [36.52102, 41.91735, 45.3029]
						},
						"1.25": {
							"vector": [47.67393, -10.17781, 25.68482]
						},
						"1.4583": {
							"vector": [47.67393, -10.17781, 25.68482]
						},
						"1.625": {
							"vector": [15.271, 4.20817, 38.79219]
						},
						"1.875": {
							"vector": [35.6765, 2.20452, 46.03132]
						},
						"1.9167": {
							"vector": [13.79088, -7.69611, 50.75959]
						},
						"1.9583": {
							"vector": [0, 0, 0]
						}
					},
					"position": {
						"0.0": {
							"vector": [0, 0, 0]
						},
						"0.75": {
							"vector": [-0.69531, 0, -1.91016]
						},
						"1.25": {
							"vector": [0, 0, 0]
						},
						"1.4583": {
							"vector": [0, 0, 0]
						},
						"1.875": {
							"vector": [0, 0, 0]
						},
						"1.9583": {
							"vector": [0, 0, 0]
						}
					}
				},
				"head": {
					"rotation": {
						"0.0": {
							"vector": [0, 0, 0]
						},
						"0.6667": {
							"vector": [0, -20, 0]
						},
						"0.75": {
							"vector": [36.04764, 26.85329, 28.23191]
						},
						"1.25": {
							"vector": [20.01027, 50.76404, 15.75215]
						},
						"1.4583": {
							"vector": [20.01027, 50.76404, 15.75215]
						},
						"1.625": {
							"vector": [12.79362, -12.19908, -2.74715]
						},
						"1.875": {
							"vector": [12.79362, -12.19908, -2.74715]
						},
						"1.9167": {
							"vector": [26.63418, -18.5185, -7.81786]
						},
						"1.9583": {
							"vector": [0, 0, 0]
						}
					}
				},
				"right_leg": {
					"rotation": {
						"0.0": {
							"vector": [0, 0, 0]
						},
						"0.6667": {
							"vector": [5, 0, -7.5]
						},
						"0.75": {
							"vector": [5.00761, -1.51625, 37.26118]
						},
						"1.25": {
							"vector": [27.29887, -3.45533, 6.66067]
						},
						"1.4583": {
							"vector": [27.29887, -3.45533, 6.66067]
						},
						"1.625": {
							"vector": [-37.70113, -3.45533, 6.66067]
						},
						"1.875": {
							"vector": [-37.70113, -3.45533, 6.66067]
						},
						"1.9167": {
							"vector": [-13.26, 8.21855, 39.08787]
						},
						"1.9583": {
							"vector": [0, 0, 0]
						}
					},
					"position": {
						"0.0": {
							"vector": [0, 0, 0]
						},
						"0.75": {
							"vector": [0, 0.13594, -1.74219]
						},
						"1.25": {
							"vector": [0, 0, 0]
						},
						"1.4583": {
							"vector": [0, 0, 0]
						},
						"1.625": {
							"vector": [0, 3, -2]
						},
						"1.875": {
							"vector": [0, 3, -2]
						},
						"1.9167": {
							"vector": [0, 3.23, -0.82]
						},
						"1.9583": {
							"vector": [0, 0, 0]
						}
					}
				},
				"left_leg": {
					"rotation": {
						"0.0": {
							"vector": [0, 0, 0]
						},
						"0.6667": {
							"vector": [-26.51916, -11.43563, -9.77243]
						},
						"0.75": {
							"vector": [18.14279, -26.85537, -25.87892]
						},
						"1.25": {
							"vector": [44.3765, -9.21441, -26.31225]
						},
						"1.4583": {
							"vector": [14.3765, -9.21441, -26.31225]
						},
						"1.625": {
							"vector": [-30.71588, -0.09896, -105.83236]
						},
						"1.875": {
							"vector": [-30.71588, -0.09896, -105.83236]
						},
						"1.9583": {
							"vector": [0, 0, 0]
						}
					},
					"position": {
						"0.0": {
							"vector": [0, 0, 0]
						},
						"0.6667": {
							"vector": [0, 2, -3]
						},
						"0.75": {
							"vector": [0, 1.2, -3.75781]
						},
						"1.25": {
							"vector": [0, 0, -4]
						},
						"1.4583": {
							"vector": [0, 0, -4]
						},
						"1.625": {
							"vector": [0, 1, 0]
						},
						"1.875": {
							"vector": [0, 1, 0]
						},
						"1.9583": {
							"vector": [0, 0, 0]
						}
					}
				},
				"root": {
					"rotation": {
						"1.25": {
							"vector": [0, 0, 0]
						},
						"1.4583": {
							"vector": [0, 0, 0]
						},
						"1.5417": {
							"vector": [0, 42.5, 17.5]
						},
						"1.625": {
							"vector": [0, 0, 0]
						},
						"1.875": {
							"vector": [0, 0, 0]
						},
						"1.9583": {
							"vector": [0, 0, 0]
						}
					},
					"position": {
						"0.0": {
							"vector": [0, 0, 0]
						},
						"1.9583": {
							"vector": [0, 0, 0]
						}
					}
				}
			}
		}
	},
	"geckolib_format_version": 2
}