{
	"format_version": "1.8.0",
	"animations": {
		"attack15": {
			"animation_length": 1,
			"override_previous_animation": true,
			"bones": {
				"body": {
					"rotation": {
						"0.0": {
							"vector": [0.50419, 0.3095, 0.23398]
						},
						"0.0833": {
							"vector": [-11.19964, -67.18521, -0.9674]
						},
						"0.1667": {
							"vector": [0, -144.68521, 0]
						},
						"0.25": {
							"vector": [0, -234.68521, 0]
						},
						"0.3333": {
							"vector": [-36.58866, -388.20114, 60.56918]
						},
						"0.4167": {
							"vector": [-65.73219, -401.33696, 103.10162]
						},
						"0.6667": {
							"vector": [-65.73219, -401.33696, 103.10162]
						},
						"1.0": {
							"vector": [0, -360, 0]
						}
					},
					"position": {
						"0.0": {
							"vector": [0, 0, 0]
						},
						"0.0833": {
							"vector": [0, 6, -2]
						},
						"0.25": {
							"vector": [0, 6, -2]
						},
						"0.3333": {
							"vector": [0, 6, -10]
						},
						"0.4167": {
							"vector": [0, 6, -10]
						},
						"0.6667": {
							"vector": [0, 6, -10]
						},
						"1.0": {
							"vector": [0, 0, 0]
						}
					}
				},
				"left_arm": {
					"rotation": {
						"0.0": {
							"vector": [0, 0, -2.5]
						},
						"0.0833": {
							"vector": [-27.5, 0, -22.5]
						},
						"0.1667": {
							"vector": [-97.06414, -36.40085, 53.8762]
						},
						"0.25": {
							"vector": [-100.24554, -56.1851, 58.21081]
						},
						"0.3333": {
							"vector": [-239.16619, -81.29286, 189.16481]
						},
						"0.4167": {
							"vector": [-239.16619, -81.29286, 189.16481]
						},
						"0.6667": {
							"vector": [-239.16619, -81.29286, 189.16481]
						},
						"1.0": {
							"vector": [0, 0, -2.5]
						}
					},
					"position": {
						"0.0": {
							"vector": [0.01563, -0.03828, 0.08516]
						},
						"1.0": {
							"vector": [0.01563, -0.03828, 0.08516]
						}
					},
					"scale": {
						"0.0": {
							"vector": [1, 1.1, 1]
						},
						"1.0": {
							"vector": [1, 1.1, 1]
						}
					}
				},
				"right_arm": {
					"rotation": {
						"0.0": {
							"vector": [0.63987, 0.22365, 1.79413]
						},
						"0.0833": {
							"vector": [-45.0722, 41.61694, 23.12532]
						},
						"0.1667": {
							"vector": [-2.67931, 8.26324, 16.02625]
						},
						"0.25": {
							"vector": [-33.48241, 20.52475, 32.24596]
						},
						"0.3333": {
							"vector": [-115.56592, 2.08887, 11.74908]
						},
						"0.4167": {
							"vector": [-125.37579, -41.84764, 38.09478]
						},
						"0.6667": {
							"vector": [-125.37579, -41.84764, 38.09478]
						},
						"1.0": {
							"vector": [0.63987, 0.22365, 1.79413]
						}
					},
					"position": {
						"0.0": {
							"vector": [0.2, 0.03828, 0.06563]
						},
						"0.0833": {
							"vector": [1.2, 0.04, 3.07]
						},
						"0.1667": {
							"vector": [1.2, 0.04, 0.05438]
						},
						"0.25": {
							"vector": [1.2, 0.04, 0.05438]
						},
						"0.4167": {
							"vector": [1.68, -2.96, -2.32]
						},
						"0.6667": {
							"vector": [1.68, -2.96, -2.32]
						},
						"1.0": {
							"vector": [0.2, 0.03828, 0.06563]
						}
					},
					"scale": {
						"0.0": {
							"vector": [1, 1.1, 1]
						},
						"1.0": {
							"vector": [1, 1.1, 1]
						}
					}
				},
				"head": {
					"rotation": {
						"0.0": {
							"vector": [0, 0, 0]
						},
						"0.0833": {
							"vector": [15, 40, 0]
						},
						"0.25": {
							"vector": [15.34737, -23.13607, -16.36643]
						},
						"0.3333": {
							"vector": [12.45071, 1.98511, -9.74966]
						},
						"0.4167": {
							"vector": [12.07707, -18.62754, -13.68211]
						},
						"0.6667": {
							"vector": [12.07707, -18.62754, -13.68211]
						},
						"1.0": {
							"vector": [0, 0, 0]
						}
					}
				},
				"right_leg": {
					"rotation": {
						"0.0": {
							"vector": [0, 0, 0]
						},
						"0.0833": {
							"vector": [40.02687, -1.91486, 8.39243]
						},
						"0.25": {
							"vector": [34.40742, -21.93478, 34.72249]
						},
						"0.3333": {
							"vector": [-52.24443, 1.44193, 43.79778]
						},
						"0.4167": {
							"vector": [-77.4027, -18.13294, 27.99724]
						},
						"0.6667": {
							"vector": [-77.4027, -18.13294, 27.99724]
						},
						"1.0": {
							"vector": [0, 0, 0]
						}
					},
					"position": {
						"0.0": {
							"vector": [0.5, 0, 0]
						},
						"0.0833": {
							"vector": [0.5, 0, -3]
						},
						"1.0": {
							"vector": [0.5, 0, 0]
						}
					}
				},
				"left_leg": {
					"rotation": {
						"0.0": {
							"vector": [0, 0, 0]
						},
						"0.0833": {
							"vector": [0.07558, -0.86717, -9.96271]
						},
						"0.1667": {
							"vector": [5.19989, -0.90301, -18.08631]
						},
						"0.25": {
							"vector": [5.19989, -0.90301, -18.08631]
						},
						"0.3333": {
							"vector": [10.03082, 1.59672, -45.47516]
						},
						"0.4167": {
							"vector": [-30.24207, -10.81245, -55.05498]
						},
						"0.6667": {
							"vector": [-30.24207, -10.81245, -55.05498]
						},
						"1.0": {
							"vector": [0, 0, 0]
						}
					},
					"position": {
						"0.0": {
							"vector": [0, -0.1, 0.08672]
						},
						"0.0833": {
							"vector": [0, 1.9, -2.91]
						},
						"0.4167": {
							"vector": [0, 1.9, -1.91]
						},
						"0.6667": {
							"vector": [0, 1.9, -1.91]
						},
						"1.0": {
							"vector": [0, -0.1, 0.08672]
						}
					}
				},
				"root": {
					"rotation": {
						"0.0": {
							"vector": [0, 0, 0]
						},
						"0.4167": {
							"vector": [0, -12.5, 0]
						},
						"0.6667": {
							"vector": [0, -12.5, 0]
						},
						"1.0": {
							"vector": [0, 0, 0]
						}
					},
					"position": {
						"0.0": {
							"vector": [0, 0, -0.2]
						},
						"0.4167": {
							"vector": [0, 0, -0.2]
						},
						"0.6667": {
							"vector": [0, 0, -0.2]
						},
						"1.0": {
							"vector": [0, 0, -0.2]
						}
					}
				},
				"rightItem": {
					"rotation": {
						"0.0": {
							"vector": [0, 0, 0]
						},
						"1.0": {
							"vector": [0, 0, 0]
						}
					},
					"position": {
						"0.0": {
							"vector": [0, 0, 1]
						},
						"1.0": {
							"vector": [0, 0, 1]
						}
					}
				}
			}
		}
	},
	"geckolib_format_version": 2
}