{
	"format_version": "1.8.0",
	"animations": {
		"attack30": {
			"animation_length": 1,
			"override_previous_animation": true,
			"bones": {
				"body": {
					"rotation": {
						"0.0": {
							"vector": [29.98656, -43.64861, -5.31785]
						},
						"0.1667": {
							"vector": [20.01989, -60.40574, 4.74961]
						},
						"0.4167": {
							"vector": [4.81732, -74.18958, 20.75538]
						},
						"0.4792": {
							"vector": [27.13701, 27.77029, 18.20542]
						},
						"0.5": {
							"vector": [31.0297, 44.96386, 22.0543]
						},
						"0.75": {
							"vector": [31.0297, 44.96386, 22.0543]
						},
						"1.0": {
							"vector": [0, 0, 0]
						}
					},
					"position": {
						"0.0": {
							"vector": [-4, -1, 0]
						},
						"0.1667": {
							"vector": [-5, -1, 0]
						},
						"0.4167": {
							"vector": [-5, -1, 0]
						},
						"0.4792": {
							"vector": [-2, -1.05078, 1]
						},
						"0.5": {
							"vector": [-2, -1.05078, 1]
						},
						"0.75": {
							"vector": [-2, -1.05078, 1]
						},
						"1.0": {
							"vector": [0, 0, 0]
						}
					}
				},
				"body3": {
					"rotation": {
						"0.0": {
							"vector": [0, 0, 0]
						},
						"0.1667": {
							"vector": [0, 0, 0]
						},
						"0.4167": {
							"vector": [0, 0, 0]
						},
						"0.5": {
							"vector": [0, 0, 0]
						},
						"0.75": {
							"vector": [0, 0, 0]
						},
						"1.0": {
							"vector": [0, 0, 0]
						}
					},
					"position": {
						"0.0": {
							"vector": [0, 0, 0]
						},
						"0.1667": {
							"vector": [0, 0, 0]
						},
						"0.4167": {
							"vector": [0, 0, 0]
						},
						"0.5": {
							"vector": [0, 0, 0]
						},
						"0.75": {
							"vector": [0, 0, 0]
						},
						"1.0": {
							"vector": [0, 0, 0]
						}
					}
				},
				"head": {
					"rotation": {
						"0.0": {
							"vector": [-8.88456, 38.24439, -10.98415]
						},
						"0.1667": {
							"vector": [-10.46537, 48.1038, -13.28584]
						},
						"0.4167": {
							"vector": [-15.30884, 53.91671, -15.6544]
						},
						"0.5": {
							"vector": [-14.53079, -51.70123, 8.31747]
						},
						"0.75": {
							"vector": [-14.53079, -51.70123, 8.31747]
						},
						"1.0": {
							"vector": [0, 0, 0]
						}
					},
					"position": {
						"0.0": {
							"vector": [0, 0, 0]
						},
						"0.1667": {
							"vector": [0, 0, 0]
						},
						"0.4167": {
							"vector": [0, 0, 0]
						},
						"0.5": {
							"vector": [0, 0, 0]
						},
						"0.75": {
							"vector": [0, 0, 0]
						},
						"1.0": {
							"vector": [0, 0, 0]
						}
					}
				},
				"left_arm": {
					"rotation": {
						"0.0": {
							"vector": [-101.95818, 9.266, -28.92559]
						},
						"0.1667": {
							"vector": [-89.10981, -19.93391, 26.63281]
						},
						"0.4167": {
							"vector": [-97.92428, -19.93242, 31.95167]
						},
						"0.5": {
							"vector": [-123.96878, 49.32041, 20.48787]
						},
						"0.75": {
							"vector": [-123.96878, 49.32041, 20.48787]
						},
						"1.0": {
							"vector": [0, 0, 0]
						}
					},
					"position": {
						"0.0": {
							"vector": [0, 0.125, 1.61484]
						},
						"0.1667": {
							"vector": [0, 0.125, 1.61484]
						},
						"0.4167": {
							"vector": [0, 0.125, 1.61484]
						},
						"0.5": {
							"vector": [0.81641, 2.13, -2.39]
						},
						"0.75": {
							"vector": [0.81641, 3.13, -2.39]
						},
						"1.0": {
							"vector": [0, 0, 0]
						}
					}
				},
				"right_arm": {
					"rotation": {
						"0.0": {
							"vector": [-98.31961, 36.69094, 15.12758]
						},
						"0.1667": {
							"vector": [-143.28734, -15.6903, 0.86794]
						},
						"0.4167": {
							"vector": [-143.28734, -15.6903, 0.86794]
						},
						"0.5": {
							"vector": [-11.60511, 4.40882, 24.33072]
						},
						"0.75": {
							"vector": [-3.60511, 4.40882, 24.33072]
						},
						"1.0": {
							"vector": [0, 0, 0]
						}
					},
					"position": {
						"0.0": {
							"vector": [-1.57, 1.11, -2.56]
						},
						"0.1667": {
							"vector": [-0.12859, -1.265, -0.40375]
						},
						"0.4167": {
							"vector": [-0.12859, -2.265, 0.42828]
						},
						"0.5": {
							"vector": [-0.13, 0.74, 0.43]
						},
						"0.75": {
							"vector": [-0.13, 0.74, 0.43]
						},
						"1.0": {
							"vector": [0, 0, 0]
						}
					}
				},
				"right_leg": {
					"rotation": {
						"0.0": {
							"vector": [23.94995, 2.49252, 1.70211]
						},
						"0.1667": {
							"vector": [23.94995, 2.49252, 1.70211]
						},
						"0.4167": {
							"vector": [23.94995, 2.49252, 1.70211]
						},
						"0.5": {
							"vector": [24.02278, -1.58131, 10.8369]
						},
						"0.75": {
							"vector": [24.02278, -1.58131, 10.8369]
						},
						"1.0": {
							"vector": [0, 0, 0]
						}
					},
					"position": {
						"0.0": {
							"vector": [0.37891, 0, -0.61719]
						},
						"0.1667": {
							"vector": [0.37891, 0, -0.61719]
						},
						"0.4167": {
							"vector": [0.37891, 0, -0.61719]
						},
						"0.5": {
							"vector": [0.37891, 0, -0.61719]
						},
						"0.75": {
							"vector": [0.37891, 0, -0.61719]
						},
						"1.0": {
							"vector": [0, 0, 0]
						}
					}
				},
				"left_leg": {
					"rotation": {
						"0.0": {
							"vector": [-21.72764, -1.87464, -19.41539]
						},
						"0.1667": {
							"vector": [-28.57603, -9.41887, -26.01622]
						},
						"0.4167": {
							"vector": [-29.45218, -5.7771, -19.40043]
						},
						"0.4583": {
							"vector": [-13.9772, -7.74758, -29.56592]
						},
						"0.4792": {
							"vector": [-31.85638, -20.55686, -20.47571]
						},
						"0.5": {
							"vector": [-4.35638, -20.55686, -20.47571]
						},
						"0.75": {
							"vector": [-4.35638, -20.55686, -20.47571]
						},
						"1.0": {
							"vector": [0, 0, 0]
						}
					},
					"position": {
						"0.0": {
							"vector": [0, 1.47, -2.96]
						},
						"0.1667": {
							"vector": [0, 2.47, -2.96]
						},
						"0.4167": {
							"vector": [0, 1.47, -0.96]
						},
						"0.4792": {
							"vector": [0, 2.52469, -2.44047]
						},
						"0.5": {
							"vector": [0, 2.47, -3.96]
						},
						"0.75": {
							"vector": [0, 2.47, -3.96]
						},
						"1.0": {
							"vector": [0, 0, 0]
						}
					}
				}
			}
		}
	},
	"geckolib_format_version": 2
}