{
	"format_version": "1.8.0",
	"animations": {
		"attack16": {
			"animation_length": 1.25,
			"override_previous_animation": true,
			"bones": {
				"body": {
					"rotation": {
						"0.0": {
							"vector": [0, 0, 0]
						},
						"0.5": {
							"vector": [-1.4248, 55.14018, 4.36009]
						},
						"0.5833": {
							"vector": [24.65988, -40.45069, -12.79147]
						},
						"1.0": {
							"vector": [24.65988, -40.45069, -12.79147]
						},
						"1.25": {
							"vector": [0, 0, 0]
						}
					},
					"position": {
						"0.0": {
							"vector": [0, 0, 0]
						},
						"0.5": {
							"vector": [0, 0, 0]
						},
						"0.5833": {
							"vector": [0, 0, -3]
						},
						"1.0": {
							"vector": [0, 0, -3]
						},
						"1.25": {
							"vector": [0, 0, 0]
						}
					}
				},
				"left_arm": {
					"rotation": {
						"0.0": {
							"vector": [0, 0, 0]
						},
						"0.5": {
							"vector": [-34.3569, -7.13136, -10.29284]
						},
						"0.5833": {
							"vector": [-23.78672, -14.66671, -26.39238]
						},
						"1.0": {
							"vector": [-23.78672, -14.66671, -26.39238]
						},
						"1.25": {
							"vector": [0, 0, 0]
						}
					},
					"position": {
						"0.0": {
							"vector": [0, 0, 0]
						},
						"1.25": {
							"vector": [0, 0, 0]
						}
					}
				},
				"right_arm": {
					"rotation": {
						"0.0": {
							"vector": [0, 0, 0]
						},
						"0.5": {
							"vector": [-97.50024, 48.88586, -15.70208]
						},
						"0.5833": {
							"vector": [-89.33924, 37.68959, 28.31562]
						},
						"1.0": {
							"vector": [-89.33924, 37.68959, 28.31562]
						},
						"1.25": {
							"vector": [0, 0, 0]
						}
					},
					"position": {
						"0.0": {
							"vector": [0, 0, 0]
						},
						"0.5": {
							"vector": [2, 0, 2]
						},
						"0.5833": {
							"vector": [-1, 0, -2]
						},
						"1.0": {
							"vector": [-1, 0, -2]
						},
						"1.25": {
							"vector": [0, 0, 0]
						}
					}
				},
				"head": {
					"rotation": {
						"0.0": {
							"vector": [0, 0, 0]
						},
						"0.5": {
							"vector": [0, -40, 0]
						},
						"0.5833": {
							"vector": [12.5, 47.5, 0]
						},
						"1.0": {
							"vector": [12.5, 47.5, 0]
						},
						"1.25": {
							"vector": [0, 0, 0]
						}
					}
				},
				"right_leg": {
					"rotation": {
						"0.0": {
							"vector": [0, 0, 0]
						},
						"0.5": {
							"vector": [0, 0, 7.5]
						},
						"0.5833": {
							"vector": [-29.60873, 2.9811, 23.70374]
						},
						"1.0": {
							"vector": [-29.60873, 2.9811, 23.70374]
						},
						"1.25": {
							"vector": [0, 0, 0]
						}
					},
					"position": {
						"0.0": {
							"vector": [0, 0, 0]
						},
						"0.5": {
							"vector": [0, 0, 0]
						},
						"0.5833": {
							"vector": [0, 0, -2]
						},
						"1.0": {
							"vector": [0, 0, -2]
						},
						"1.25": {
							"vector": [0, 0, 0]
						}
					}
				},
				"left_leg": {
					"rotation": {
						"0.0": {
							"vector": [0, 0, 0]
						},
						"0.5": {
							"vector": [14.78217, 2.57594, -9.6658]
						},
						"0.5833": {
							"vector": [14.78217, 2.57594, -9.6658]
						},
						"1.0": {
							"vector": [14.78217, 2.57594, -9.6658]
						},
						"1.25": {
							"vector": [0, 0, 0]
						}
					},
					"position": {
						"0.0": {
							"vector": [0, 0, 0]
						},
						"0.5": {
							"vector": [0, 0, 0]
						},
						"0.5833": {
							"vector": [0, 0, 0]
						},
						"1.0": {
							"vector": [0, 0, 0]
						},
						"1.25": {
							"vector": [0, 0, 0]
						}
					}
				}
			}
		}
	},
	"geckolib_format_version": 2
}