{
	"format_version": "1.8.0",
	"animations": {
		"attack29": {
			"animation_length": 0.5833,
			"override_previous_animation": true,
			"bones": {
				"body": {
					"rotation": {
						"0.0": {
							"vector": [-94.85091, -56.56011, 115.53758]
						},
						"0.0833": {
							"vector": [0, -82.5, 0]
						},
						"0.2292": {
							"vector": [20.07628, 16.90387, 7.04421]
						},
						"0.2708": {
							"vector": [27.52029, -42.78043, -4.63692]
						},
						"0.5833": {
							"vector": [29.98656, -43.64861, -5.31785]
						}
					},
					"position": {
						"0.0": {
							"vector": [-2.93359, 2.79625, -9.15625]
						},
						"0.0833": {
							"vector": [-3.17, -0.05, 0.92]
						},
						"0.2292": {
							"vector": [-4, -1, 4]
						},
						"0.2708": {
							"vector": [-4, -1, 0]
						},
						"0.4167": {
							"vector": [-4, -1, -0.61328]
						},
						"0.5833": {
							"vector": [-4, -1, 0]
						}
					}
				},
				"body3": {
					"rotation": {
						"0.0": {
							"vector": [0, 0, 0]
						},
						"0.2292": {
							"vector": [0, 0, 0]
						},
						"0.2708": {
							"vector": [0, 0, 0]
						},
						"0.5833": {
							"vector": [0, 0, 0]
						}
					},
					"position": {
						"0.0": {
							"vector": [0, 0, 0]
						},
						"0.2292": {
							"vector": [0, 0, 0]
						},
						"0.2708": {
							"vector": [0, 0, 0]
						},
						"0.5833": {
							"vector": [0, 0, 0]
						}
					}
				},
				"head": {
					"rotation": {
						"0.0": {
							"vector": [26.19172, 78.88282, 1.41556]
						},
						"0.2292": {
							"vector": [-7.26005, -16.29428, -3.4101]
						},
						"0.2708": {
							"vector": [-8.88456, 38.24439, -10.98415]
						},
						"0.5833": {
							"vector": [-8.88456, 38.24439, -10.98415]
						}
					},
					"position": {
						"0.0": {
							"vector": [0, 0, 0]
						},
						"0.2292": {
							"vector": [0, 0, 0]
						},
						"0.2708": {
							"vector": [0, 0, 0]
						},
						"0.5833": {
							"vector": [0, 0, 0]
						}
					}
				},
				"left_arm": {
					"rotation": {
						"0.0": {
							"vector": [-35.68993, 11.65057, -37.53383]
						},
						"0.2292": {
							"vector": [-101.95818, 9.266, -28.92559]
						},
						"0.2708": {
							"vector": [-101.95818, 9.266, -28.92559]
						},
						"0.5833": {
							"vector": [-101.95818, 9.266, -28.92559]
						}
					},
					"position": {
						"0.0": {
							"vector": [0, 0.125, -1.96328]
						},
						"0.2292": {
							"vector": [0, 0.125, 1.61484]
						},
						"0.2708": {
							"vector": [0, 0.125, 1.61484]
						},
						"0.5833": {
							"vector": [0, 0.125, 1.61484]
						}
					}
				},
				"right_arm": {
					"rotation": {
						"0.0": {
							"vector": [-43.90475, 45.02709, 51.22534]
						},
						"0.2292": {
							"vector": [-99.33593, 31.26699, -8.78884]
						},
						"0.2708": {
							"vector": [-100.50589, 36.20011, 11.44819]
						},
						"0.5833": {
							"vector": [-98.31961, 36.69094, 15.12758]
						}
					},
					"position": {
						"0.0": {
							"vector": [1.43, 1.11, 3.44]
						},
						"0.2292": {
							"vector": [1.43, -0.89, 4.44]
						},
						"0.2708": {
							"vector": [-1.57, 1.11, -2.56]
						},
						"0.5833": {
							"vector": [-1.57, 1.11, -2.56]
						}
					}
				},
				"right_leg": {
					"rotation": {
						"0.0": {
							"vector": [4.16735, 9.29144, 57.98554]
						},
						"0.2292": {
							"vector": [23.94995, 2.49252, 1.70211]
						},
						"0.2708": {
							"vector": [23.94995, 2.49252, 1.70211]
						},
						"0.5833": {
							"vector": [23.94995, 2.49252, 1.70211]
						}
					},
					"position": {
						"0.0": {
							"vector": [-2.62109, 2, -0.61719]
						},
						"0.2292": {
							"vector": [0.37891, 0, -0.61719]
						},
						"0.2708": {
							"vector": [0.37891, 0, -0.61719]
						},
						"0.5833": {
							"vector": [0.37891, 0, -0.61719]
						}
					}
				},
				"left_leg": {
					"rotation": {
						"0.0": {
							"vector": [-21.3306, -4.63036, -26.40272]
						},
						"0.2292": {
							"vector": [-21.72764, -1.87464, -19.41539]
						},
						"0.2708": {
							"vector": [-21.72764, -1.87464, -19.41539]
						},
						"0.5833": {
							"vector": [-21.72764, -1.87464, -19.41539]
						}
					},
					"position": {
						"0.0": {
							"vector": [0, 0.47, -2.96]
						},
						"0.2292": {
							"vector": [0, 2.47, -2.96]
						},
						"0.2708": {
							"vector": [0, 1.47, -2.96]
						},
						"0.5833": {
							"vector": [0, 1.47, -2.96]
						}
					}
				}
			}
		}
	},
	"geckolib_format_version": 2
}