{
	"format_version": "1.8.0",
	"animations": {
		"attack33": {
			"animation_length": 0.75,
			"override_previous_animation": true,
			"bones": {
				"body": {
					"rotation": {
						"0.0": {
							"vector": [9.80164, 47.64274, 2.76557]
						},
						"0.25": {
							"vector": [4.77894, 53.24175, -4.02111]
						},
						"0.2917": {
							"vector": [14.28738, -30.37018, -3.75251]
						},
						"0.7083": {
							"vector": [14.86976, -25.38651, -5.20663]
						}
					},
					"position": {
						"0.0": {
							"vector": [0, 0, 0]
						},
						"0.25": {
							"vector": [0, 0, 0]
						},
						"0.2917": {
							"vector": [0, -0.5, 0]
						},
						"0.7083": {
							"vector": [0, -0.5, 0]
						}
					}
				},
				"head": {
					"rotation": {
						"0.0": {
							"vector": [0, -37.5, 0]
						},
						"0.25": {
							"vector": [0, -37.5, 0]
						},
						"0.2917": {
							"vector": [0, 30, 0]
						},
						"0.7083": {
							"vector": [0, 30, 0]
						}
					}
				},
				"left_arm": {
					"rotation": {
						"0.0": {
							"vector": [-123.46483, 27.37346, -3.36888]
						},
						"0.25": {
							"vector": [-128.46483, 27.37346, -3.36888]
						},
						"0.2917": {
							"vector": [-138.13455, 37.53395, -12.02513]
						},
						"0.7083": {
							"vector": [-138.13455, 37.53395, -12.02513]
						}
					},
					"position": {
						"0.0": {
							"vector": [0.48047, 0.83984, -3.23141]
						},
						"0.25": {
							"vector": [0.48047, -1.16016, -1.23141]
						},
						"0.2917": {
							"vector": [-1, -1.74609, -2.81344]
						},
						"0.7083": {
							"vector": [-1, -2.49609, -2.19625]
						}
					}
				},
				"right_arm": {
					"rotation": {
						"0.0": {
							"vector": [-99.85243, 7.94022, 16.16604]
						},
						"0.25": {
							"vector": [-102.31937, 37.41151, 9.98255]
						},
						"0.2917": {
							"vector": [-100.19066, -16.69017, 20.49572]
						},
						"0.7083": {
							"vector": [-100.19066, -16.69017, 20.49572]
						}
					},
					"position": {
						"0.0": {
							"vector": [-0.33203, 0, 1.13281]
						},
						"0.25": {
							"vector": [-0.33203, 0, 3.13281]
						},
						"0.2917": {
							"vector": [-1.12109, 0, -2.16406]
						},
						"0.7083": {
							"vector": [-1.26953, 0, -1.65625]
						}
					}
				},
				"right_leg": {
					"rotation": {
						"0.0": {
							"vector": [7.62261, 1.93597, 7.24721]
						},
						"0.25": {
							"vector": [7.84139, 0.58721, 17.15847]
						},
						"0.2917": {
							"vector": [-9.87739, 1.93597, 7.24721]
						},
						"0.7083": {
							"vector": [-9.87739, 1.93597, 7.24721]
						}
					},
					"position": {
						"0.0": {
							"vector": [0, 0, 0]
						},
						"0.25": {
							"vector": [0, 0, 0]
						},
						"0.2917": {
							"vector": [0, 1.9, -3.78516]
						},
						"0.7083": {
							"vector": [0, 1.9, -3.78516]
						}
					}
				},
				"left_leg": {
					"rotation": {
						"0.0": {
							"vector": [-20.91715, 8.21858, -13.63162]
						},
						"0.25": {
							"vector": [-12.25036, 9.88686, -6.22687]
						},
						"0.2917": {
							"vector": [19.08285, 8.21858, -13.63162]
						},
						"0.7083": {
							"vector": [19.08285, 8.21858, -13.63162]
						}
					},
					"position": {
						"0.0": {
							"vector": [0, 0.79297, -2.66016]
						},
						"0.25": {
							"vector": [0, 0.79297, -2.66016]
						},
						"0.2917": {
							"vector": [0, 0.19297, 0.11016]
						},
						"0.7083": {
							"vector": [0, 0.19297, 0.11016]
						}
					}
				}
			}
		}
	},
	"geckolib_format_version": 2
}