{
	"format_version": "1.8.0",
	"animations": {
		"attack32": {
			"animation_length": 0.75,
			"override_previous_animation": true,
			"bones": {
				"body": {
					"rotation": {
						"0.0": {
							"vector": [14.11572, -43.71132, -5.57705]
						},
						"0.25": {
							"vector": [8.84729, -52.25896, 0.96278]
						},
						"0.3333": {
							"vector": [14.94423, 33.8999, 0]
						},
						"0.7083": {
							"vector": [14.94423, 33.8999, 0]
						}
					}
				},
				"head": {
					"rotation": {
						"0.0": {
							"vector": [0, 30, 0]
						},
						"0.25": {
							"vector": [0, 30, 0]
						},
						"0.3333": {
							"vector": [0, -37.5, 0]
						},
						"0.7083": {
							"vector": [0, -37.5, 0]
						}
					}
				},
				"left_arm": {
					"rotation": {
						"0.0": {
							"vector": [-126.17283, 18.74724, -7.09597]
						},
						"0.25": {
							"vector": [-102.18582, -51.73631, 10.16895]
						},
						"0.3333": {
							"vector": [-96.89204, 10.4413, 4.79351]
						},
						"0.75": {
							"vector": [-96.89204, 10.4413, 4.79351]
						}
					},
					"position": {
						"0.0": {
							"vector": [0, -2, 0.20703]
						},
						"0.25": {
							"vector": [0, 1, 0.20703]
						},
						"0.3333": {
							"vector": [0, 1.25391, -3.81344]
						},
						"0.7083": {
							"vector": [0, 1.25391, -3.81344]
						}
					}
				},
				"right_arm": {
					"rotation": {
						"0.0": {
							"vector": [-91.06508, -31.47141, 27.7208]
						},
						"0.25": {
							"vector": [-75.99416, -23.97261, 27.56867]
						},
						"0.3333": {
							"vector": [-122.35243, 7.94022, 16.16604]
						},
						"0.7083": {
							"vector": [-99.85243, 7.94022, 16.16604]
						}
					},
					"position": {
						"0.0": {
							"vector": [-0.33203, 0, -0.86719]
						},
						"0.25": {
							"vector": [-0.33203, 0, -0.86719]
						},
						"0.3333": {
							"vector": [-0.33203, 0, 1.13281]
						},
						"0.7083": {
							"vector": [-0.33203, 0, 1.13281]
						}
					}
				},
				"right_leg": {
					"rotation": {
						"0.0": {
							"vector": [-14.87739, 1.93597, 7.24721]
						},
						"0.25": {
							"vector": [-4.87739, 1.93597, 7.24721]
						},
						"0.3333": {
							"vector": [7.62261, 1.93597, 7.24721]
						},
						"0.7083": {
							"vector": [7.62261, 1.93597, 7.24721]
						}
					},
					"position": {
						"0.0": {
							"vector": [0, 0, -2]
						},
						"0.25": {
							"vector": [0, 0, -2]
						},
						"0.3333": {
							"vector": [0, 0, 0]
						},
						"0.7083": {
							"vector": [0, 0, 0]
						}
					}
				},
				"left_leg": {
					"rotation": {
						"0.0": {
							"vector": [19.71975, 3.40487, -9.40804]
						},
						"0.25": {
							"vector": [19.71975, 3.40487, -9.40804]
						},
						"0.3333": {
							"vector": [-20.91715, 8.21858, -13.63162]
						},
						"0.7083": {
							"vector": [-20.91715, 8.21858, -13.63162]
						}
					},
					"position": {
						"0.0": {
							"vector": [0, 0, 0]
						},
						"0.25": {
							"vector": [0, 0, 0]
						},
						"0.3333": {
							"vector": [0, 0.79297, -2.66016]
						},
						"0.7083": {
							"vector": [0, 0.79297, -2.66016]
						}
					}
				}
			}
		}
	},
	"geckolib_format_version": 2
}