{
	"format_version": "1.8.0",
	"animations": {
		"attack27": {
			"animation_length": 0.5625,
			"override_previous_animation": true,
			"bones": {
				"body": {
					"rotation": {
						"0.0": {
							"vector": [19.31577, 5.24475, -1.88004]
						},
						"0.2083": {
							"vector": [10.74391, 42.79212, 1.0815]
						},
						"0.25": {
							"vector": [18.09727, -13.17381, -1.52514]
						},
						"0.2917": {
							"vector": [28.1599, -51.1261, -14.98018]
						},
						"0.5625": {
							"vector": [28.1599, -51.1261, -14.98018]
						}
					},
					"position": {
						"0.0": {
							"vector": [0, -1.60937, 0]
						},
						"0.2083": {
							"vector": [0, -1.61, 3]
						},
						"0.2917": {
							"vector": [0, -1.61, 1]
						},
						"0.5625": {
							"vector": [0, -1.61, 1]
						}
					}
				},
				"body3": {
					"rotation": {
						"0.0": {
							"vector": [0, 0, 0]
						},
						"0.2083": {
							"vector": [0, 0, 0]
						},
						"0.2917": {
							"vector": [0, 0, 0]
						},
						"0.5625": {
							"vector": [0, 0, 0]
						}
					},
					"position": {
						"0.0": {
							"vector": [0, 0, 0]
						},
						"0.2083": {
							"vector": [0, 0, 0]
						},
						"0.2917": {
							"vector": [0, 0, 0]
						},
						"0.5625": {
							"vector": [0, 0, 0]
						}
					}
				},
				"head": {
					"rotation": {
						"0.0": {
							"vector": [-5.12984, -4.59531, 0.10902]
						},
						"0.2083": {
							"vector": [-6.20518, -34.45648, 3.21706]
						},
						"0.2917": {
							"vector": [-8.95207, 55.0573, -7.66088]
						},
						"0.5625": {
							"vector": [-8.95207, 55.0573, -7.66088]
						}
					},
					"position": {
						"0.0": {
							"vector": [0, 0, 0]
						},
						"0.2083": {
							"vector": [0, 0, 0]
						},
						"0.2917": {
							"vector": [0, 0, 0]
						},
						"0.5625": {
							"vector": [0, 0, 0]
						}
					}
				},
				"left_arm": {
					"rotation": {
						"0.0": {
							"vector": [-102.37428, -6.076, -14.25857]
						},
						"0.2083": {
							"vector": [-118.89263, 14.62148, -8.8086]
						},
						"0.2917": {
							"vector": [-139.11377, 36.52486, -31.80399]
						},
						"0.5625": {
							"vector": [-139.11377, 36.52486, -31.80399]
						}
					},
					"position": {
						"0.0": {
							"vector": [0, 1, -3.6]
						},
						"0.2083": {
							"vector": [0, 0.125, 0.14609]
						},
						"0.2917": {
							"vector": [0, 0.125, -1.96328]
						},
						"0.5625": {
							"vector": [0, 0.125, -1.96328]
						}
					}
				},
				"right_arm": {
					"rotation": {
						"0.0": {
							"vector": [-134.46166, 4.35007, 7.17554]
						},
						"0.2083": {
							"vector": [-94.50233, 8.83632, 6.82163]
						},
						"0.2917": {
							"vector": [-97.20861, -12.54384, 24.91633]
						},
						"0.5625": {
							"vector": [-97.20861, -12.54384, 24.91633]
						}
					},
					"position": {
						"0.0": {
							"vector": [0, 0, 1.66797]
						},
						"0.2083": {
							"vector": [-0.37109, 0, 1.90047]
						},
						"0.2917": {
							"vector": [-1.57031, 1.10547, -1.56437]
						},
						"0.5625": {
							"vector": [-1.57031, 1.10547, -1.56437]
						}
					}
				},
				"right_leg": {
					"rotation": {
						"0.0": {
							"vector": [17.5, 0, 12.5]
						},
						"0.2083": {
							"vector": [13.38776, -4.71195, 8.26226]
						},
						"0.2917": {
							"vector": [4.85416, 7.88817, 20.18879]
						},
						"0.5625": {
							"vector": [4.85416, 7.88817, 20.18879]
						}
					},
					"position": {
						"0.0": {
							"vector": [0, 0, 0]
						},
						"0.2083": {
							"vector": [0, 0, 0]
						},
						"0.2917": {
							"vector": [0, 2, -2]
						},
						"0.5625": {
							"vector": [0, 2, -2]
						}
					}
				},
				"left_leg": {
					"rotation": {
						"0.0": {
							"vector": [-17.48436, -0.75155, -12.38443]
						},
						"0.2083": {
							"vector": [-15.05993, -0.51936, -9.84832]
						},
						"0.2917": {
							"vector": [3.05525, -3.82016, -24.44232]
						},
						"0.5625": {
							"vector": [3.05525, -3.82016, -24.44232]
						}
					},
					"position": {
						"0.0": {
							"vector": [0, 1.46875, -2.96094]
						},
						"0.2083": {
							"vector": [0, 1.46875, -1.96094]
						},
						"0.2917": {
							"vector": [0, 1.46875, -2.96094]
						},
						"0.5625": {
							"vector": [0, 1.46875, -2.96094]
						}
					}
				}
			}
		}
	},
	"geckolib_format_version": 2
}