{
	"format_version": "1.8.0",
	"animations": {
		"attack34": {
			"animation_length": 0.875,
			"override_previous_animation": true,
			"bones": {
				"body": {
					"rotation": {
						"0.0": {
							"vector": [14.86976, -25.38651, -5.20663]
						},
						"0.3125": {
							"vector": [-9.92706, 30.49159, -10.80569]
						},
						"0.3542": {
							"vector": [-1.19556, 2.32781, -14.18167]
						},
						"0.3958": {
							"vector": [-37.91474, -70.09359, 45.19643]
						},
						"0.7292": {
							"vector": [-37.91474, -70.09359, 45.19643]
						},
						"0.8542": {
							"vector": [0, 0, 0]
						}
					},
					"position": {
						"0.0": {
							"vector": [0, -0.5, 0]
						},
						"0.3125": {
							"vector": [0, -0.5, 0]
						},
						"0.3958": {
							"vector": [0, -0.5, 0]
						},
						"0.7292": {
							"vector": [0, -0.5, 0]
						},
						"0.8542": {
							"vector": [0, -0.5, 0]
						}
					}
				},
				"head": {
					"rotation": {
						"0.0": {
							"vector": [0, 30, 0]
						},
						"0.3125": {
							"vector": [13.15103, -39.95721, -1.13133]
						},
						"0.3958": {
							"vector": [14.70867, 26.11545, -6.03939]
						},
						"0.7292": {
							"vector": [14.70867, 26.11545, -6.03939]
						},
						"0.8542": {
							"vector": [0, 0, 0]
						}
					}
				},
				"left_arm": {
					"rotation": {
						"0.0": {
							"vector": [-138.13455, 37.53395, -12.02513]
						},
						"0.3542": {
							"vector": [4.08679, 12.22482, -25.78896]
						},
						"0.3958": {
							"vector": [-29.61913, 8.58272, -32.45622]
						},
						"0.7292": {
							"vector": [-29.61913, 8.58272, -32.45622]
						},
						"0.8542": {
							"vector": [0, 0, 0]
						}
					},
					"position": {
						"0.0": {
							"vector": [-1, -2.49609, -2.19625]
						},
						"0.3542": {
							"vector": [0, 0.50391, -0.19625]
						},
						"0.3958": {
							"vector": [0, 0.50391, -0.19625]
						},
						"0.7292": {
							"vector": [0, 0.50391, -0.19625]
						},
						"0.8542": {
							"vector": [0, 0, 0]
						}
					}
				},
				"right_arm": {
					"rotation": {
						"0.0": {
							"vector": [-100.19066, -16.69017, 20.49572]
						},
						"0.3542": {
							"vector": [0.78116, -9.19683, 27.2961]
						},
						"0.3958": {
							"vector": [-88.09079, -35.21885, 36.00137]
						},
						"0.7292": {
							"vector": [-88.09079, -35.21885, 36.00137]
						},
						"0.8542": {
							"vector": [0, 0, 0]
						}
					},
					"position": {
						"0.0": {
							"vector": [-1.26953, 0, -1.65625]
						},
						"0.3542": {
							"vector": [-0.26953, 1, 0.34375]
						},
						"0.3958": {
							"vector": [-0.26953, 1, 0.34375]
						},
						"0.7292": {
							"vector": [-0.26953, 1, 0.34375]
						},
						"0.8542": {
							"vector": [0, 0, 0]
						}
					}
				},
				"right_leg": {
					"rotation": {
						"0.0": {
							"vector": [-9.87739, 1.93597, 7.24721]
						},
						"0.3125": {
							"vector": [19.61376, -4.06465, 34.1016]
						},
						"0.3542": {
							"vector": [45.05106, 19.51492, 22.49263]
						},
						"0.3958": {
							"vector": [-107.59419, 85.71652, -22.77813]
						},
						"0.7292": {
							"vector": [-107.59419, 85.71652, -22.77813]
						},
						"0.8542": {
							"vector": [0, 0, 0]
						}
					},
					"position": {
						"0.0": {
							"vector": [0, 1.9, -3.78516]
						},
						"0.3125": {
							"vector": [0, 0.9, -1.78516]
						},
						"0.3958": {
							"vector": [0, 0.9, -1.78516]
						},
						"0.7292": {
							"vector": [0, 0.9, -1.78516]
						},
						"0.8542": {
							"vector": [0, 0, 0]
						}
					},
					"scale": {
						"0.0": {
							"vector": [1, 1, 1]
						},
						"0.3125": {
							"vector": [1, 1, 1]
						},
						"0.3958": {
							"vector": [1, 1.3, 1]
						},
						"0.7292": {
							"vector": [1, 1.3, 1]
						},
						"0.8542": {
							"vector": [1, 1, 1]
						}
					}
				},
				"left_leg": {
					"rotation": {
						"0.0": {
							"vector": [19.08285, 8.21858, -13.63162]
						},
						"0.3125": {
							"vector": [2.29752, 8.04919, -8.58367]
						},
						"0.3958": {
							"vector": [0.85564, 8.32504, -18.68307]
						},
						"0.7292": {
							"vector": [0.85564, 8.32504, -18.68307]
						},
						"0.8542": {
							"vector": [0, 0, 0]
						}
					},
					"position": {
						"0.0": {
							"vector": [0, 0.19297, 0.11016]
						},
						"0.3125": {
							"vector": [0, 0.19297, 0.11016]
						},
						"0.3958": {
							"vector": [0, 0.19297, 0.11016]
						},
						"0.7292": {
							"vector": [0, 0.19297, 0.11016]
						}
					}
				}
			}
		}
	},
	"geckolib_format_version": 2
}