{
	"format_version": "1.8.0",
	"animations": {
		"attack26": {
			"animation_length": 0.5625,
			"override_previous_animation": true,
			"bones": {
				"body": {
					"rotation": {
						"0.0": {
							"vector": [16.04721, -43.65029, -3.24884]
						},
						"0.1042": {
							"vector": [41.29399, -71.38264, -29.31876]
						},
						"0.1458": {
							"vector": [19.31577, 5.24475, -1.88004]
						},
						"0.5": {
							"vector": [19.31577, 5.24475, -1.88004]
						}
					},
					"position": {
						"0.0": {
							"vector": [0, -1.60937, 0]
						},
						"0.1042": {
							"vector": [0, -1.60937, 0]
						},
						"0.1458": {
							"vector": [0, -1.60937, 0]
						},
						"0.5": {
							"vector": [0, -1.60937, 0]
						}
					}
				},
				"body3": {
					"rotation": {
						"0.0": {
							"vector": [0, 0, 0]
						},
						"0.1042": {
							"vector": [0, 0, 0]
						},
						"0.1458": {
							"vector": [0, 0, 0]
						},
						"0.5": {
							"vector": [0, 0, 0]
						}
					},
					"position": {
						"0.0": {
							"vector": [0, 0, 0]
						},
						"0.1042": {
							"vector": [0, 0, 0]
						},
						"0.1458": {
							"vector": [0, 0, 0]
						},
						"0.5": {
							"vector": [0, 0, 0]
						}
					}
				},
				"head": {
					"rotation": {
						"0.0": {
							"vector": [-7.11617, 39.26688, -6.43284]
						},
						"0.1042": {
							"vector": [-21.80937, 71.26029, -23.65495]
						},
						"0.1458": {
							"vector": [-5.12984, -4.59531, 0.10902]
						},
						"0.5": {
							"vector": [-5.12984, -4.59531, 0.10902]
						}
					},
					"position": {
						"0.0": {
							"vector": [0, 0, 0]
						},
						"0.1042": {
							"vector": [0, 0, 0]
						},
						"0.1458": {
							"vector": [0, 0, 0]
						},
						"0.5": {
							"vector": [0, 0, 0]
						}
					}
				},
				"left_arm": {
					"rotation": {
						"0.0": {
							"vector": [-118.3591, 38.58781, 18.67432]
						},
						"0.1042": {
							"vector": [-106.47714, 35.48551, -12.55526]
						},
						"0.1458": {
							"vector": [-102.37428, -6.076, -14.25857]
						},
						"0.5": {
							"vector": [-102.37428, -6.076, -14.25857]
						}
					},
					"position": {
						"0.0": {
							"vector": [0, -2.60156, -1.60156]
						},
						"0.1042": {
							"vector": [0, 0.00391, -1.60156]
						},
						"0.1458": {
							"vector": [0, 1, -3.6]
						},
						"0.5": {
							"vector": [0, 1, -3.6]
						}
					}
				},
				"right_arm": {
					"rotation": {
						"0.0": {
							"vector": [-107.7704, 34.11432, -6.87087]
						},
						"0.1042": {
							"vector": [-116.7704, 34.11432, -6.87087]
						},
						"0.1458": {
							"vector": [-134.46166, 4.35007, 7.17554]
						},
						"0.5": {
							"vector": [-134.46166, 4.35007, 7.17554]
						}
					},
					"position": {
						"0.0": {
							"vector": [0, 0, -0.33203]
						},
						"0.1042": {
							"vector": [0, 0, 1.66797]
						},
						"0.1458": {
							"vector": [0, 0, 1.66797]
						},
						"0.5": {
							"vector": [0, 0, 1.66797]
						}
					}
				},
				"right_leg": {
					"rotation": {
						"0.0": {
							"vector": [17.5, 0, 12.5]
						},
						"0.1042": {
							"vector": [17.5, 0, 12.5]
						},
						"0.1458": {
							"vector": [17.5, 0, 12.5]
						},
						"0.5": {
							"vector": [17.5, 0, 12.5]
						}
					},
					"position": {
						"0.0": {
							"vector": [0, 0, 0]
						},
						"0.1042": {
							"vector": [0, 0, 0]
						},
						"0.1458": {
							"vector": [0, 0, 0]
						},
						"0.5": {
							"vector": [0, 0, 0]
						}
					}
				},
				"left_leg": {
					"rotation": {
						"0.0": {
							"vector": [-25, 0, -10]
						},
						"0.1042": {
							"vector": [-25, 0, -10]
						},
						"0.1458": {
							"vector": [-17.48436, -0.75155, -12.38443]
						},
						"0.5": {
							"vector": [-17.48436, -0.75155, -12.38443]
						}
					},
					"position": {
						"0.0": {
							"vector": [0, 1.46875, -2.96094]
						},
						"0.1042": {
							"vector": [0, 1.46875, -2.96094]
						},
						"0.1458": {
							"vector": [0, 1.46875, -2.96094]
						},
						"0.5": {
							"vector": [0, 1.46875, -2.96094]
						}
					}
				}
			}
		}
	},
	"geckolib_format_version": 2
}