{
	"format_version": "1.8.0",
	"animations": {
		"attack31": {
			"animation_length": 0.75,
			"override_previous_animation": true,
			"bones": {
				"body": {
					"rotation": {
						"0.0": {
							"vector": [0, 0, 0]
						},
						"0.25": {
							"vector": [2.5, 37.5, 0]
						},
						"0.3333": {
							"vector": [14.35482, -44.68062, -5.92003]
						},
						"0.7083": {
							"vector": [14.11572, -43.71132, -5.57705]
						}
					}
				},
				"head": {
					"rotation": {
						"0.0": {
							"vector": [0, 0, 0]
						},
						"0.25": {
							"vector": [0, -35, 0]
						},
						"0.3333": {
							"vector": [0, 30, 0]
						},
						"0.7083": {
							"vector": [0, 30, 0]
						}
					}
				},
				"left_arm": {
					"rotation": {
						"0.0": {
							"vector": [0, 0, 0]
						},
						"0.25": {
							"vector": [-111.17283, 18.74724, -7.09597]
						},
						"0.3333": {
							"vector": [-126.17283, 18.74724, -7.09597]
						},
						"0.7083": {
							"vector": [-126.17283, 18.74724, -7.09597]
						}
					},
					"position": {
						"0.0": {
							"vector": [0, 0, 0]
						},
						"0.25": {
							"vector": [0, -2, 0]
						},
						"0.3333": {
							"vector": [0, -2, 0]
						},
						"0.7083": {
							"vector": [0, -2, 0.20703]
						}
					}
				},
				"right_arm": {
					"rotation": {
						"0.0": {
							"vector": [0, 0, 0]
						},
						"0.25": {
							"vector": [-106.80857, 26.48829, -7.6734]
						},
						"0.3333": {
							"vector": [-91.06508, -31.47141, 27.7208]
						},
						"0.7083": {
							"vector": [-91.06508, -31.47141, 27.7208]
						}
					},
					"position": {
						"0.0": {
							"vector": [0, 0, 0]
						},
						"0.25": {
							"vector": [0, 0, 3]
						},
						"0.3333": {
							"vector": [0, 0, -2]
						},
						"0.7083": {
							"vector": [-0.33203, 0, -0.86719]
						}
					}
				},
				"right_leg": {
					"rotation": {
						"0.0": {
							"vector": [0, 0, 0]
						},
						"0.25": {
							"vector": [-14.87739, 1.93597, 7.24721]
						},
						"0.3333": {
							"vector": [-14.87739, 1.93597, 7.24721]
						},
						"0.7083": {
							"vector": [-14.87739, 1.93597, 7.24721]
						}
					},
					"position": {
						"0.0": {
							"vector": [0, 0, 0]
						},
						"0.25": {
							"vector": [0, 0, -2]
						},
						"0.3333": {
							"vector": [0, 0, -2]
						},
						"0.7083": {
							"vector": [0, 0, -2]
						}
					}
				},
				"left_leg": {
					"rotation": {
						"0.0": {
							"vector": [0, 0, 0]
						},
						"0.25": {
							"vector": [19.71975, 3.40487, -9.40804]
						},
						"0.3333": {
							"vector": [19.71975, 3.40487, -9.40804]
						},
						"0.7083": {
							"vector": [19.71975, 3.40487, -9.40804]
						}
					}
				}
			}
		}
	},
	"geckolib_format_version": 2
}