{
	"format_version": "1.8.0",
	"animations": {
		"attack28": {
			"animation_length": 0.5625,
			"override_previous_animation": true,
			"bones": {
				"body": {
					"rotation": {
						"0.0": {
							"vector": [28.1599, -51.1261, -14.98018]
						},
						"0.125": {
							"vector": [27.15453, -13.49796, -5.67276]
						},
						"0.2083": {
							"vector": [17.06644, 4.27012, 0.37057]
						},
						"0.2292": {
							"vector": [-44.17003, -64.78498, 59.27152]
						},
						"0.25": {
							"vector": [-94.55469, -54.06851, 115.17743]
						},
						"0.5208": {
							"vector": [-94.85091, -56.56011, 115.53758]
						}
					},
					"position": {
						"0.0": {
							"vector": [0, -1.61, 1]
						},
						"0.2083": {
							"vector": [-1, -1.61, 4]
						},
						"0.25": {
							"vector": [-2.93359, 2.79625, -8.15625]
						},
						"0.5208": {
							"vector": [-2.93359, 2.79625, -9.15625]
						}
					}
				},
				"body3": {
					"rotation": {
						"0.0": {
							"vector": [0, 0, 0]
						}
					},
					"position": {
						"0.0": {
							"vector": [0, 0, 0]
						}
					}
				},
				"head": {
					"rotation": {
						"0.0": {
							"vector": [-8.95207, 55.0573, -7.66088]
						},
						"0.2083": {
							"vector": [5.23763, 0.12122, -4.42438]
						},
						"0.25": {
							"vector": [26.19172, 78.88282, 1.41556]
						},
						"0.5208": {
							"vector": [26.19172, 78.88282, 1.41556]
						}
					},
					"position": {
						"0.0": {
							"vector": [0, 0, 0]
						}
					}
				},
				"left_arm": {
					"rotation": {
						"0.0": {
							"vector": [-139.11377, 36.52486, -31.80399]
						},
						"0.2083": {
							"vector": [-61.61377, 36.52486, -31.80399]
						},
						"0.25": {
							"vector": [-35.68993, 11.65057, -37.53383]
						},
						"0.5208": {
							"vector": [-35.68993, 11.65057, -37.53383]
						}
					},
					"position": {
						"0.0": {
							"vector": [0, 0.125, -1.96328]
						}
					}
				},
				"right_arm": {
					"rotation": {
						"0.0": {
							"vector": [-97.20861, -12.54384, 24.91633]
						},
						"0.2083": {
							"vector": [-53.17866, 31.82433, 36.45237]
						},
						"0.25": {
							"vector": [-43.90475, 45.02709, 51.22534]
						},
						"0.5208": {
							"vector": [-43.90475, 45.02709, 51.22534]
						}
					},
					"position": {
						"0.0": {
							"vector": [-1.57031, 1.10547, -1.56437]
						},
						"0.2083": {
							"vector": [1.43, 1.11, 3.44]
						},
						"0.25": {
							"vector": [1.43, 1.11, 3.44]
						},
						"0.5208": {
							"vector": [1.43, 1.11, 3.44]
						}
					}
				},
				"right_leg": {
					"rotation": {
						"0.0": {
							"vector": [4.85416, 7.88817, 20.18879]
						},
						"0.125": {
							"vector": [30.28047, 10.81695, 24.33032]
						},
						"0.2083": {
							"vector": [41.38829, 19.58196, 21.39593]
						},
						"0.25": {
							"vector": [6.77594, 7.60935, 75.59788]
						},
						"0.5208": {
							"vector": [4.16735, 9.29144, 57.98554]
						}
					},
					"position": {
						"0.0": {
							"vector": [0, 2, -2]
						},
						"0.2083": {
							"vector": [0, 1, -4]
						},
						"0.25": {
							"vector": [-2.62109, 2, -0.61719]
						},
						"0.5208": {
							"vector": [-2.62109, 2, -0.61719]
						}
					}
				},
				"left_leg": {
					"rotation": {
						"0.0": {
							"vector": [3.05525, -3.82016, -24.44232]
						},
						"0.2083": {
							"vector": [-1.94475, -3.82016, -24.44232]
						},
						"0.25": {
							"vector": [-21.3306, -4.63036, -26.40272]
						},
						"0.5208": {
							"vector": [-21.3306, -4.63036, -26.40272]
						}
					},
					"position": {
						"0.0": {
							"vector": [0, 1.46875, -2.96094]
						},
						"0.2083": {
							"vector": [0, 0.47, -2.96]
						},
						"0.25": {
							"vector": [0, 0.47, -2.96]
						},
						"0.5208": {
							"vector": [0, 0.47, -2.96]
						}
					}
				}
			}
		}
	},
	"geckolib_format_version": 2
}