{
	"format_version": "1.8.0",
	"animations": {
		"barragecombokick": {
			"animation_length": 1.41667,
			"bones": {
				"body": {
					"rotation": {
						"0.0": {
							"vector": [0, 45, 0]
						},
						"0.0833": {
							"vector": [0, -45, 0]
						},
						"0.1667": {
							"vector": [0, 45, 0]
						},
						"0.25": {
							"vector": [0, 45, 0]
						},
						"0.3333": {
							"vector": [0, -45, 0]
						},
						"0.4167": {
							"vector": [0, 45, 0]
						},
						"0.5": {
							"vector": [0, 45, 0]
						},
						"0.5833": {
							"vector": [0, -45, 0]
						},
						"0.6667": {
							"vector": [0, 45, 0]
						},
						"0.75": {
							"vector": [0, 45, 0]
						},
						"0.8333": {
							"vector": [0, -45, 0]
						},
						"0.9167": {
							"vector": [0, 45, 0]
						},
						"1.0833": {
							"vector": [32.94581, 72.03614, 34.26563]
						},
						"1.3333": {
							"vector": [-45.7781, 14.01897, 101.3598]
						}
					},
					"position": {
						"0.0": {
							"vector": [0, 0, -2]
						},
						"0.1667": {
							"vector": [0, 0, -2]
						},
						"0.25": {
							"vector": [0, 0, -2]
						},
						"0.4167": {
							"vector": [0, 0, -2]
						},
						"0.5": {
							"vector": [0, 0, -2]
						},
						"0.6667": {
							"vector": [0, 0, -2]
						},
						"0.75": {
							"vector": [0, 0, -2]
						},
						"0.9167": {
							"vector": [0, 0, -2]
						},
						"1.0833": {
							"vector": [0, 0, 0]
						},
						"1.4167": {
							"vector": [0, 1, 0]
						}
					}
				},
				"torso": {
					"rotation": {
						"0.0": {
							"vector": [7.36543, 12.4704, 1.46828]
						},
						"0.25": {
							"vector": [7.36543, 12.4704, 1.46828]
						},
						"0.5": {
							"vector": [7.36543, 12.4704, 1.46828]
						},
						"0.75": {
							"vector": [7.36543, 12.4704, 1.46828]
						},
						"1.25": {
							"vector": [7.92753, 33.03895, 2.96891]
						},
						"1.4167": {
							"vector": [17.46789, 67.34534, 14.82073]
						}
					}
				},
				"right_arm": {
					"rotation": {
						"0.0": {
							"vector": [-74, -8.68469, -8.90274]
						},
						"0.0833": {
							"vector": [-102.23658, -31.11985, -7.07088]
						},
						"0.1667": {
							"vector": [-35.61829, -19.90227, -7.98681]
						},
						"0.25": {
							"vector": [-29, -8.68469, -8.90274]
						},
						"0.3333": {
							"vector": [-102.23658, -31.11985, -7.07088]
						},
						"0.5": {
							"vector": [-74, -8.68469, -8.90274]
						},
						"0.5833": {
							"vector": [-102.23658, -31.11985, -7.07088]
						},
						"0.6667": {
							"vector": [-35.61829, -19.90227, -7.98681]
						},
						"0.75": {
							"vector": [-29, -8.68469, -8.90274]
						},
						"0.8333": {
							"vector": [-102.23658, -31.11985, -7.07088]
						},
						"1.25": {
							"vector": [98.85458, 12.31767, 77.2847]
						},
						"1.4167": {
							"vector": [123.35933, -37.03937, 68.78976]
						}
					},
					"position": {
						"0.0": {
							"vector": [0, 0, 2]
						},
						"0.0833": {
							"vector": [0, 0, -1]
						},
						"0.25": {
							"vector": [0, 0, 2]
						},
						"0.3333": {
							"vector": [0, 0, -1]
						},
						"0.5": {
							"vector": [0, 0, 2]
						},
						"0.5833": {
							"vector": [0, 0, -1]
						},
						"0.75": {
							"vector": [0, 0, 2]
						},
						"0.8333": {
							"vector": [0, 0, -1]
						},
						"1.25": {
							"vector": [1, -2, 2]
						}
					}
				},
				"left_arm": {
					"rotation": {
						"0.0": {
							"vector": [-101.4919, 42.35552, 18]
						},
						"0.0833": {
							"vector": [-20.80177, -33.25955, 26.37541]
						},
						"0.1667": {
							"vector": [-101.4919, 42.35552, 18]
						},
						"0.25": {
							"vector": [-101.4919, 42.35552, 18]
						},
						"0.3333": {
							"vector": [-20.80177, -33.25955, 26.37541]
						},
						"0.4167": {
							"vector": [-101.4919, 42.35552, 18]
						},
						"0.5": {
							"vector": [-101.4919, 42.35552, 18]
						},
						"0.5833": {
							"vector": [-20.80177, -33.25955, 26.37541]
						},
						"0.6667": {
							"vector": [-101.4919, 42.35552, 18]
						},
						"0.75": {
							"vector": [-101.4919, 42.35552, 18]
						},
						"0.8333": {
							"vector": [-20.80177, -33.25955, 26.37541]
						},
						"0.9167": {
							"vector": [-101.4919, 42.35552, 18]
						},
						"1.25": {
							"vector": [-22.40559, -30.89218, -51.23521]
						}
					},
					"position": {
						"0.0": {
							"vector": [0, 0, -2]
						},
						"0.1667": {
							"vector": [0, 0, -2]
						},
						"0.25": {
							"vector": [0, 0, -2]
						},
						"0.4167": {
							"vector": [0, 0, -2]
						},
						"0.5": {
							"vector": [0, 0, -2]
						},
						"0.6667": {
							"vector": [0, 0, -2]
						},
						"0.75": {
							"vector": [0, 0, -2]
						},
						"0.9167": {
							"vector": [0, 0, -2]
						}
					}
				},
				"right_leg": {
					"rotation": {
						"0.0": {
							"vector": [31.11644, 19.6835, 10.62758]
						},
						"0.0833": {
							"vector": [-21.38356, 19.6835, 10.62758]
						},
						"0.1667": {
							"vector": [31.11644, 19.6835, 10.62758]
						},
						"0.25": {
							"vector": [31.11644, 19.6835, 10.62758]
						},
						"0.3333": {
							"vector": [-21.38356, 19.6835, 10.62758]
						},
						"0.4167": {
							"vector": [31.11644, 19.6835, 10.62758]
						},
						"0.5": {
							"vector": [31.11644, 19.6835, 10.62758]
						},
						"0.5833": {
							"vector": [-21.38356, 19.6835, 10.62758]
						},
						"0.6667": {
							"vector": [31.11644, 19.6835, 10.62758]
						},
						"0.75": {
							"vector": [31.11644, 19.6835, 10.62758]
						},
						"0.8333": {
							"vector": [-21.38356, 19.6835, 10.62758]
						},
						"0.9167": {
							"vector": [31.11644, 19.6835, 10.62758]
						},
						"1.0": {
							"vector": [-113.17393, 20.58953, 16.05749]
						},
						"1.1667": {
							"vector": [-19.45982, 2.84991, 22.5984]
						},
						"1.25": {
							"vector": [-37.63859, 78.04713, 57.37239]
						},
						"1.4167": {
							"vector": [159.86, 78.05, 57.37]
						}
					},
					"position": {
						"vector": [0, 0, 3]
					}
				},
				"left_leg": {
					"rotation": {
						"0.0": {
							"vector": [-32.91988, 10.28579, -13.49408]
						},
						"0.0833": {
							"vector": [29.59597, -18.74724, -21.17283]
						},
						"0.1667": {
							"vector": [-32.91988, 10.28579, -13.49408]
						},
						"0.25": {
							"vector": [-32.91988, 10.28579, -13.49408]
						},
						"0.3333": {
							"vector": [29.59597, -18.74724, -21.17283]
						},
						"0.4167": {
							"vector": [-32.91988, 10.28579, -13.49408]
						},
						"0.5": {
							"vector": [-32.91988, 10.28579, -13.49408]
						},
						"0.5833": {
							"vector": [29.59597, -18.74724, -21.17283]
						},
						"0.6667": {
							"vector": [-32.91988, 10.28579, -13.49408]
						},
						"0.75": {
							"vector": [-32.91988, 10.28579, -13.49408]
						},
						"0.8333": {
							"vector": [29.59597, -18.74724, -21.17283]
						},
						"0.9167": {
							"vector": [-32.91988, 10.28579, -13.49408]
						},
						"1.25": {
							"vector": [4.46144, 16.49677, -43.59885]
						},
						"1.4167": {
							"vector": [4.28341, -12.44354, 76.96497]
						}
					},
					"position": {
						"vector": [-1, 0, -1]
					}
				},
				"head": {
					"rotation": {
						"0.0": {
							"vector": [0, 0, 0]
						},
						"0.5": {
							"vector": [0, 0, 0]
						},
						"1.0": {
							"vector": [0, 0, 0]
						},
						"1.25": {
							"vector": [53.32976, 57.91733, 16.54776]
						},
						"1.4167": {
							"vector": [109.26944, 63.17254, 79.24925]
						}
					}
				}
			}
		}
	},
	"geckolib_format_version": 2
}