{
	"format_version": "1.8.0",
	"animations": {
		"barragekick2": {
			"animation_length": 0.58333,
			"bones": {
				"body": {
					"rotation": {
						"0.0": {
							"vector": [0, 45, 0]
						},
						"0.0833": {
							"vector": [0, -45, 0]
						},
						"0.1667": {
							"vector": [0, 45, 0]
						},
						"0.25": {
							"vector": [32.94581, 72.03614, 34.26563]
						},
						"0.3333": {
							"vector": [-34.52188, -34.78618, 48.42125]
						},
						"0.4167": {
							"vector": [-108.74178, -50.9741, 96.60012]
						},
						"0.5833": {
							"vector": [-108.74178, -50.9741, 96.60012]
						}
					},
					"position": {
						"0.0": {
							"vector": [0, 0, -2]
						},
						"0.1667": {
							"vector": [0, 0, -2]
						},
						"0.25": {
							"vector": [0, 0, 0]
						},
						"0.4167": {
							"vector": [0, 1, 0]
						},
						"0.5833": {
							"vector": [0, 1, 0]
						}
					}
				},
				"torso": {
					"rotation": {
						"0.0": {
							"vector": [7.36543, 12.4704, 1.46828]
						},
						"0.25": {
							"vector": [0, 0, 0]
						},
						"0.4167": {
							"vector": [7.92753, 33.03895, 2.96891]
						},
						"0.5833": {
							"vector": [7.92753, 33.03895, 2.96891]
						}
					}
				},
				"right_arm": {
					"rotation": {
						"0.0": {
							"vector": [-74, -8.68469, -8.90274]
						},
						"0.0833": {
							"vector": [-102.23658, -31.11985, -7.07088]
						},
						"0.25": {
							"vector": [8.6822, -4.98093, 74.62165]
						},
						"0.4167": {
							"vector": [98.85458, 12.31767, 77.2847]
						},
						"0.5833": {
							"vector": [98.85458, 12.31767, 77.2847]
						}
					},
					"position": {
						"0.0": {
							"vector": [0, 0, 2]
						},
						"0.0833": {
							"vector": [0, 0, -1]
						},
						"0.25": {
							"vector": [0, 0, 0]
						},
						"0.4167": {
							"vector": [1, -2, 2]
						},
						"0.5833": {
							"vector": [1, -2, 2]
						}
					}
				},
				"left_arm": {
					"rotation": {
						"0.0": {
							"vector": [-101.4919, 42.35552, 18]
						},
						"0.0833": {
							"vector": [-37.40647, -10.24258, 68.57525]
						},
						"0.1667": {
							"vector": [-101.4919, 42.35552, 18]
						},
						"0.25": {
							"vector": [-37.5, 0, 0]
						},
						"0.4167": {
							"vector": [-22.40559, -30.89218, -51.23521]
						},
						"0.5833": {
							"vector": [-22.40559, -30.89218, -51.23521]
						}
					},
					"position": {
						"0.0": {
							"vector": [0, 0, -2]
						},
						"0.1667": {
							"vector": [0, 0, -2]
						}
					}
				},
				"right_leg": {
					"rotation": {
						"0.0": {
							"vector": [31.11644, 19.6835, 10.62758]
						},
						"0.0833": {
							"vector": [-21.38356, 19.6835, 10.62758]
						},
						"0.1667": {
							"vector": [31.11644, 19.6835, 10.62758]
						},
						"0.25": {
							"vector": [19.33449, -25.77885, 56.19913]
						},
						"0.3333": {
							"vector": [-19.45982, 2.84991, 22.5984]
						},
						"0.4167": {
							"vector": [-37.63859, 78.04713, 57.37239]
						},
						"0.5833": {
							"vector": [-37.63859, 78.04713, 57.37239]
						}
					},
					"position": {
						"0.25": {
							"vector": [0, 0, 0]
						},
						"0.4167": {
							"vector": [0, 0, 3]
						},
						"0.5833": {
							"vector": [0, 0, 3]
						}
					}
				},
				"left_leg": {
					"rotation": {
						"0.0": {
							"vector": [-32.91988, 10.28579, -13.49408]
						},
						"0.0833": {
							"vector": [29.59597, -18.74724, -21.17283]
						},
						"0.1667": {
							"vector": [-32.91988, 10.28579, -13.49408]
						},
						"0.25": {
							"vector": [0, 0, -10]
						},
						"0.4167": {
							"vector": [4.46144, 16.49677, -43.59885]
						},
						"0.5833": {
							"vector": [4.46144, 16.49677, -43.59885]
						}
					}
				}
			}
		}
	},
	"geckolib_format_version": 2
}