{
	"format_version": "1.8.0",
	"animations": {
		"barragekick": {
			"animation_length": 0.91667,
			"bones": {
				"body": {
					"rotation": {
						"0.0": {
							"vector": [0, 45, 0]
						},
						"0.0833": {
							"vector": [0, -45, 0]
						},
						"0.1667": {
							"vector": [0, 45, 0]
						},
						"0.25": {
							"vector": [0, -45, 0]
						},
						"0.3333": {
							"vector": [32.94581, -72.03614, -34.26563]
						},
						"0.5": {
							"vector": [-4.47374, 76.87871, 3.61761]
						},
						"0.6667": {
							"vector": [-4.47374, 76.87871, 3.61761]
						},
						"0.8333": {
							"vector": [5.04352, 26.53408, 19.42518]
						}
					},
					"position": {
						"0.0": {
							"vector": [0, 0, -2]
						},
						"0.1667": {
							"vector": [0, 0, -2]
						}
					}
				},
				"torso": {
					"rotation": {
						"0.0": {
							"vector": [7.36543, 12.4704, 1.46828]
						},
						"0.3333": {
							"vector": [0, 0, 0]
						},
						"0.5": {
							"vector": [-20.69627, 10.25941, -24.9187]
						},
						"0.6667": {
							"vector": [-20.69627, 10.25941, -24.9187]
						}
					},
					"position": {
						"0.3333": {
							"vector": [0, 0, 0]
						},
						"0.5": {
							"vector": [-4, -2, 3]
						},
						"0.6667": {
							"vector": [-4, -2, 3]
						}
					}
				},
				"right_arm": {
					"rotation": {
						"0.0": {
							"vector": [-74, -8.68469, -8.90274]
						},
						"0.0833": {
							"vector": [-102.23658, -31.11985, -7.07088]
						},
						"0.3333": {
							"vector": [-37.5, 0, 0]
						},
						"0.5": {
							"vector": [-32.15172, 20.43663, 29.0527]
						},
						"0.6667": {
							"vector": [-32.15172, 20.43663, 29.0527]
						}
					},
					"position": {
						"0.0": {
							"vector": [0, 0, 2]
						},
						"0.0833": {
							"vector": [0, 0, -1]
						},
						"0.3333": {
							"vector": [0, 0, 0]
						},
						"0.5": {
							"vector": [-3, -3, 3]
						},
						"0.6667": {
							"vector": [-3, -3, 3]
						}
					}
				},
				"left_arm": {
					"rotation": {
						"0.0": {
							"vector": [-101.4919, 42.35552, 18]
						},
						"0.0833": {
							"vector": [-37.40647, -10.24258, 68.57525]
						},
						"0.1667": {
							"vector": [-101.4919, 42.35552, 18]
						},
						"0.25": {
							"vector": [-37.40647, -10.24258, 68.57525]
						},
						"0.3333": {
							"vector": [8.6822, 4.98093, -74.62165]
						},
						"0.5": {
							"vector": [36.1822, 4.98093, -74.62165]
						},
						"0.6667": {
							"vector": [36.1822, 4.98093, -74.62165]
						}
					},
					"position": {
						"0.0": {
							"vector": [0, 0, -2]
						},
						"0.1667": {
							"vector": [0, 0, -2]
						},
						"0.3333": {
							"vector": [0, 0, 0]
						},
						"0.5": {
							"vector": [-3, -3, 3]
						},
						"0.6667": {
							"vector": [-3, -3, 3]
						}
					}
				},
				"right_leg": {
					"rotation": {
						"0.0": {
							"vector": [31.11644, 19.6835, 10.62758]
						},
						"0.0833": {
							"vector": [-21.38356, 19.6835, 10.62758]
						},
						"0.1667": {
							"vector": [31.11644, 19.6835, 10.62758]
						},
						"0.25": {
							"vector": [-21.38356, 19.6835, 10.62758]
						},
						"0.3333": {
							"vector": [0, 0, 10]
						},
						"0.5": {
							"vector": [7.15473, -14.76689, -2.33601]
						},
						"0.6667": {
							"vector": [7.15473, -14.76689, -2.33601]
						}
					}
				},
				"left_leg": {
					"rotation": {
						"0.0": {
							"vector": [-32.91988, 10.28579, -13.49408]
						},
						"0.0833": {
							"vector": [29.59597, -18.74724, -21.17283]
						},
						"0.1667": {
							"vector": [-32.91988, 10.28579, -13.49408]
						},
						"0.25": {
							"vector": [29.59597, -18.74724, -21.17283]
						},
						"0.3333": {
							"vector": [19.33449, 25.77885, -56.19913]
						},
						"0.4167": {
							"vector": [-39.266, -16.3989, -96.42052]
						},
						"0.5": {
							"vector": [-128.54494, -6.39816, -60.79074]
						},
						"0.6667": {
							"vector": [-128.54494, -6.39816, -60.79074]
						}
					},
					"position": {
						"0.3333": {
							"vector": [0, 0, 0]
						},
						"0.4167": {
							"vector": [1.17, 1, -2]
						},
						"0.5": {
							"vector": [1, 2, -2]
						},
						"0.6667": {
							"vector": [1, 2, -2]
						}
					}
				},
				"head": {
					"rotation": {
						"0.3333": {
							"vector": [0, 60, 0]
						},
						"0.5": {
							"vector": [18.32976, -57.91733, -16.54776]
						},
						"0.6667": {
							"vector": [18.32976, -57.91733, -16.54776]
						}
					},
					"position": {
						"0.3333": {
							"vector": [0, 0, 0]
						},
						"0.5": {
							"vector": [-4, -2, 3]
						},
						"0.6667": {
							"vector": [-4, -2, 3]
						}
					}
				}
			}
		}
	},
	"geckolib_format_version": 2
}