{
	"format_version": "1.8.0",
	"animations": {
		"barragemaki": {
			"animation_length": 0.5,
			"bones": {
				"body": {
					"rotation": {
						"vector": [0, -62.5, 0]
					}
				},
				"head": {
					"rotation": {
						"vector": [0, 60, 0]
					}
				},
				"right_arm": {
					"rotation": {
						"0.0": {
							"vector": [-65.10912, -2.49762, 92.50238]
						},
						"0.0417": {
							"vector": [2.39088, -2.49762, 92.50238]
						},
						"0.0833": {
							"vector": [174.83808, 62.40432, 268.02928]
						},
						"0.125": {
							"vector": [264.7553, 47.49501, 270.95682]
						},
						"0.1667": {
							"vector": [317.29593, 7.22574, 361.43302]
						},
						"0.2083": {
							"vector": [378.21062, -30.94928, 429.08507]
						},
						"0.25": {
							"vector": [522.62192, 26.18807, 610.82443]
						},
						"0.2917": {
							"vector": [590.80474, -16.85036, 646.05677]
						},
						"0.3333": {
							"vector": [627.19442, 42.04556, 751.44096]
						},
						"0.375": {
							"vector": [732.19442, 42.04556, 751.44096]
						},
						"0.4167": {
							"vector": [893.83712, 11.01545, 958.7302]
						},
						"0.4583": {
							"vector": [986.33712, 11.01545, 958.7302]
						}
					}
				},
				"left_arm": {
					"rotation": {
						"vector": [15, 0, -7.5]
					}
				},
				"right_leg": {
					"rotation": {
						"vector": [-13.9042, 5.68422, 21.80633]
					}
				},
				"left_leg": {
					"rotation": {
						"vector": [18.88172, 6.71771, -18.88172]
					}
				}
			}
		}
	},
	"geckolib_format_version": 2
}