{
	"format_version": "1.8.0",
	"animations": {
		"barragepunch2": {
			"animation_length": 1.16667,
			"bones": {
				"body": {
					"rotation": {
						"0.0": {
							"vector": [0, 45, 0]
						},
						"0.0833": {
							"vector": [0, -45, 0]
						},
						"0.1667": {
							"vector": [0, 45, 0]
						},
						"0.25": {
							"vector": [0, 45, 0]
						},
						"0.3333": {
							"vector": [0, -45, 0]
						},
						"0.4167": {
							"vector": [0, 45, 0]
						},
						"0.5": {
							"vector": [0, 45, 0]
						},
						"0.5833": {
							"vector": [0, -45, 0]
						},
						"0.6667": {
							"vector": [0, 45, 0]
						},
						"0.75": {
							"vector": [0, 45, 0]
						},
						"0.8333": {
							"vector": [0, -45, 0]
						},
						"0.9167": {
							"vector": [0, 45, 0]
						},
						"1.0": {
							"vector": [0, -22.5, 0]
						},
						"1.0833": {
							"vector": [0, 45, 0]
						},
						"1.1667": {
							"vector": [0, 45, 0]
						}
					},
					"position": {
						"0.0": {
							"vector": [0, 0, -2]
						},
						"0.1667": {
							"vector": [0, 0, -2]
						},
						"0.25": {
							"vector": [0, 0, -2]
						},
						"0.4167": {
							"vector": [0, 0, -2]
						},
						"0.5": {
							"vector": [0, 0, -2]
						},
						"0.6667": {
							"vector": [0, 0, -2]
						},
						"0.75": {
							"vector": [0, 0, -2]
						},
						"0.9167": {
							"vector": [0, 0, -2]
						},
						"1.0": {
							"vector": [0, 0, 0]
						},
						"1.0833": {
							"vector": [0, -1.5, 0]
						},
						"1.1667": {
							"vector": [0, -2.5, 0]
						}
					}
				},
				"torso": {
					"rotation": {
						"0.0": {
							"vector": [7.36543, 12.4704, 1.46828]
						},
						"0.25": {
							"vector": [7.36543, 12.4704, 1.46828]
						},
						"0.5": {
							"vector": [7.36543, 12.4704, 1.46828]
						},
						"0.75": {
							"vector": [7.36543, 12.4704, 1.46828]
						},
						"1.0": {
							"vector": [0, 0, 0]
						},
						"1.0833": {
							"vector": [0, 30, 0]
						}
					},
					"position": {
						"vector": [0, 0, 0]
					}
				},
				"right_arm": {
					"rotation": {
						"0.0": {
							"vector": [-74, -8.68469, -8.90274]
						},
						"0.0833": {
							"vector": [-102.23658, -31.11985, -7.07088]
						},
						"0.1667": {
							"vector": [-35.61829, -19.90227, -7.98681]
						},
						"0.25": {
							"vector": [-29, -8.68469, -8.90274]
						},
						"0.3333": {
							"vector": [-102.23658, -31.11985, -7.07088]
						},
						"0.5": {
							"vector": [-74, -8.68469, -8.90274]
						},
						"0.5833": {
							"vector": [-102.23658, -31.11985, -7.07088]
						},
						"0.6667": {
							"vector": [-35.61829, -19.90227, -7.98681]
						},
						"0.75": {
							"vector": [-29, -8.68469, -8.90274]
						},
						"0.8333": {
							"vector": [-102.23658, -31.11985, -7.07088]
						},
						"1.0": {
							"vector": [-67.5, 0, -22.5]
						},
						"1.0833": {
							"vector": [-45, 0, 0]
						},
						"1.1667": {
							"vector": [-45, 0, 0]
						}
					},
					"position": {
						"0.0": {
							"vector": [0, 0, 2]
						},
						"0.0833": {
							"vector": [0, 0, -1]
						},
						"0.25": {
							"vector": [0, 0, 2]
						},
						"0.3333": {
							"vector": [0, 0, -1]
						},
						"0.5": {
							"vector": [0, 0, 2]
						},
						"0.5833": {
							"vector": [0, 0, -1]
						},
						"0.75": {
							"vector": [0, 0, 2]
						},
						"0.8333": {
							"vector": [0, 0, -1]
						},
						"1.0": {
							"vector": [0, 0, 2]
						},
						"1.0833": {
							"vector": [1, 0, 3]
						},
						"1.1667": {
							"vector": [0, 0, 2]
						}
					}
				},
				"left_arm": {
					"rotation": {
						"0.0": {
							"vector": [-101.4919, 42.35552, 18]
						},
						"0.0833": {
							"vector": [-20.80177, -33.25955, 26.37541]
						},
						"0.1667": {
							"vector": [-101.4919, 42.35552, 18]
						},
						"0.25": {
							"vector": [-101.4919, 42.35552, 18]
						},
						"0.3333": {
							"vector": [-20.80177, -33.25955, 26.37541]
						},
						"0.4167": {
							"vector": [-101.4919, 42.35552, 18]
						},
						"0.5": {
							"vector": [-101.4919, 42.35552, 18]
						},
						"0.5833": {
							"vector": [-20.80177, -33.25955, 26.37541]
						},
						"0.6667": {
							"vector": [-101.4919, 42.35552, 18]
						},
						"0.75": {
							"vector": [-101.4919, 42.35552, 18]
						},
						"0.8333": {
							"vector": [-20.80177, -33.25955, 26.37541]
						},
						"0.9167": {
							"vector": [-101.4919, 42.35552, 18]
						},
						"1.0": {
							"vector": [-90, 22.5, 0]
						},
						"1.0833": {
							"vector": [-90, -22.5, 0]
						},
						"1.1667": {
							"vector": [-90, -22.5, 0]
						}
					},
					"position": {
						"0.0": {
							"vector": [0, 0, -2]
						},
						"0.1667": {
							"vector": [0, 0, -2]
						},
						"0.25": {
							"vector": [0, 0, -2]
						},
						"0.4167": {
							"vector": [0, 0, -2]
						},
						"0.5": {
							"vector": [0, 0, -2]
						},
						"0.6667": {
							"vector": [0, 0, -2]
						},
						"0.75": {
							"vector": [0, 0, -2]
						},
						"0.9167": {
							"vector": [0, 0, -2]
						},
						"1.0": {
							"vector": [0, 0, 1]
						},
						"1.0833": {
							"vector": [-2, 0, -4]
						},
						"1.1667": {
							"vector": [-1, 0, -3]
						}
					}
				},
				"right_leg": {
					"rotation": {
						"0.0": {
							"vector": [31.11644, 19.6835, 10.62758]
						},
						"0.0833": {
							"vector": [-21.38356, 19.6835, 10.62758]
						},
						"0.1667": {
							"vector": [31.11644, 19.6835, 10.62758]
						},
						"0.25": {
							"vector": [31.11644, 19.6835, 10.62758]
						},
						"0.3333": {
							"vector": [-21.38356, 19.6835, 10.62758]
						},
						"0.4167": {
							"vector": [31.11644, 19.6835, 10.62758]
						},
						"0.5": {
							"vector": [31.11644, 19.6835, 10.62758]
						},
						"0.5833": {
							"vector": [-21.38356, 19.6835, 10.62758]
						},
						"0.6667": {
							"vector": [31.11644, 19.6835, 10.62758]
						},
						"0.75": {
							"vector": [31.11644, 19.6835, 10.62758]
						},
						"0.8333": {
							"vector": [-21.38356, 19.6835, 10.62758]
						},
						"0.9167": {
							"vector": [31.11644, 19.6835, 10.62758]
						},
						"1.0": {
							"vector": [-22.5, 22.5, 0]
						},
						"1.0833": {
							"vector": [30, -22.5, 0]
						},
						"1.1667": {
							"vector": [35, -22.5, 0]
						}
					},
					"position": {
						"1.0": {
							"vector": [0, 0, 0]
						},
						"1.0833": {
							"vector": [0, 0, 1]
						}
					}
				},
				"left_leg": {
					"rotation": {
						"0.0": {
							"vector": [-32.91988, 10.28579, -13.49408]
						},
						"0.0833": {
							"vector": [29.59597, -18.74724, -21.17283]
						},
						"0.1667": {
							"vector": [-32.91988, 10.28579, -13.49408]
						},
						"0.25": {
							"vector": [-32.91988, 10.28579, -13.49408]
						},
						"0.3333": {
							"vector": [29.59597, -18.74724, -21.17283]
						},
						"0.4167": {
							"vector": [-32.91988, 10.28579, -13.49408]
						},
						"0.5": {
							"vector": [-32.91988, 10.28579, -13.49408]
						},
						"0.5833": {
							"vector": [29.59597, -18.74724, -21.17283]
						},
						"0.6667": {
							"vector": [-32.91988, 10.28579, -13.49408]
						},
						"0.75": {
							"vector": [-32.91988, 10.28579, -13.49408]
						},
						"0.8333": {
							"vector": [29.59597, -18.74724, -21.17283]
						},
						"0.9167": {
							"vector": [-32.91988, 10.28579, -13.49408]
						},
						"1.0": {
							"vector": [22.5, 22.5, 0]
						},
						"1.0833": {
							"vector": [-30, -22.5, 0]
						},
						"1.1667": {
							"vector": [-35, -22.5, 0]
						}
					},
					"position": {
						"1.0": {
							"vector": [0, 0, 0]
						},
						"1.0833": {
							"vector": [0, 0, -1]
						}
					}
				},
				"head": {
					"rotation": {
						"1.0": {
							"vector": [0, 10, 0]
						},