{
	"format_version": "1.8.0",
	"animations": {
		"bluegojo": {
			"animation_length": 18.5,
			"bones": {
				"body": {
					"rotation": {
						"vector": [0, 0, 0]
					},
					"position": {
						"0.0833": {
							"vector": [0, 0, 0]
						},
						"0.2083": {
							"vector": [0, 0, 0]
						},
						"0.3333": {
							"vector": [0, -1, 0]
						},
						"4.75": {
							"vector": [0, -1, 0]
						},
						"5.0": {
							"vector": [0, 0, 0]
						}
					}
				},
				"torso": {
					"rotation": {
						"0.25": {
							"vector": [7.5, 0, 0]
						},
						"4.5": {
							"vector": [7.5, 0, 0]
						},
						"4.75": {
							"vector": [0, 0, 0]
						},
						"5.75": {
							"vector": [0, 0, 0]
						},
						"11.0": {
							"vector": [0, 15, 0]
						},
						"11.125": {
							"vector": [0, 15, 0]
						},
						"11.4167": {
							"vector": [0, -22.5, 0]
						},
						"18.25": {
							"vector": [0, 0, 0]
						}
					}
				},
				"head": {
					"rotation": {
						"4.5": {
							"vector": [15, 0, 0]
						},
						"5.0": {
							"vector": [15, 0, 0]
						},
						"5.25": {
							"vector": [32.5, 0, 0]
						}
					}
				},
				"right_arm": {
					"rotation": {
						"0.125": {
							"vector": [-96.94213, -19.7426, 38.43432]
						},
						"0.5": {
							"vector": [-116.94213, -19.7426, 38.43432]
						},
						"1.0": {
							"vector": [-58.74849, 13.69283, -15.23982]
						},
						"1.5": {
							"vector": [-104.44213, -19.7426, 38.43432]
						},
						"2.0": {
							"vector": [-61.16544, 14.23414, -20.86845]
						},
						"2.5": {
							"vector": [-106.94213, -19.7426, 38.43432]
						},
						"3.0": {
							"vector": [-62.37887, 12.19908, -21.99054]
						},
						"3.5": {
							"vector": [-96.94213, -19.7426, 38.43432]
						},
						"4.0": {
							"vector": [-63.80779, 18.86417, -30.11906]
						},
						"4.5": {
							"vector": [-104.44213, -19.7426, 38.43432]
						},
						"4.75": {
							"vector": [-79.44213, -19.7426, 38.43432]
						},
						"5.0": {
							"vector": [-158.15532, 25.08422, 3.88929]
						},
						"5.25": {
							"vector": [-158.15532, 25.08422, 3.88929]
						},
						"5.375": {
							"vector": [-85.59404, -2.41421, 4.19215]
						},
						"11.0": {
							"vector": [42.79758, -47.2945, 44.65931]
						},
						"11.5": {
							"vector": [1.6972, 1.60406, -1.52338]
						},
						"18.25": {
							"vector": [1.6972, 1.60406, -1.52338]
						}
					},
					"position": {
						"vector": [0, 0, 0]
					}
				},
				"left_arm": {
					"rotation": {
						"0.125": {
							"vector": [-40.37277, 2.07251, 38.06348]
						},
						"0.5": {
							"vector": [-77.87277, 2.07251, 38.06348]
						},
						"1.0": {
							"vector": [-42.87277, 2.07251, 38.06348]
						},
						"1.5": {
							"vector": [-75.37277, 2.07251, 38.06348]
						},
						"2.0": {
							"vector": [-92.10692, -10.36591, -51.55725]
						},
						"2.5": {
							"vector": [-70.14659, -4.27562, 40.55373]
						},
						"3.0": {
							"vector": [-100.75328, -0.51793, -44.47095]
						},
						"3.5": {
							"vector": [-50.87655, 9.03611, 15.01554]
						},
						"4.0": {
							"vector": [-102.01521, -2.64037, -44.04346]
						},
						"4.5": {
							"vector": [-53.61349, -13.17453, 28.59695]
						},
						"4.75": {
							"vector": [-83.20433, 5.57343, -15.45243]
						},
						"5.0": {
							"vector": [0.45912, -0.06516, -10.2078]
						},
						"11.0": {
							"vector": [0.46, -0.07, -10.21]
						},
						"11.25": {
							"vector": [79.50582, 8.70575, -42.38193]
						},
						"18.25": {
							"vector": [-78.7882, 0.59798, -23.34393]
						},
						"18.5": {
							"vector": [-89.78496, 58.77284, 69.29222]
						}
					},
					"position": {
						"0.125": {
							"vector": [0, 0, 0]
						},
						"18.25": {
							"vector": [0, 0, 0]
						},
						"18.5": {
							"vector": [0, -2, -2]
						}
					}
				},
				"right_leg": {
					"rotation": {
						"0.0833": {
							"vector": [0, 0, 0]
						},
						"0.3333": {
							"vector": [2.5, 0, 0]
						},
						"4.75": {
							"vector": [2.5, 0, 0]
						}
					},
					"position": {
						"0.0833": {
							"vector": [0, 0, 0]
						},
						"0.2083": {
							"vector": [0, -0.5, 0]
						},
						"0.3333": {
							"vector": [0, 1, 0]
						},
						"4.75": {
							"vector": [0, 1, 0]
						},
						"5.0": {
							"vector": [0, 0, 0]
						}
					},
					"scale": {
						"vector": [1, 1, 1]
					}
				},
				"left_leg": {
					"rotation": {
						"0.0833": {
							"vector": [0, 0, 0]
						},
						"0.2083": {
							"vector": [-12.5, 0, 0]
						},
						"0.3333": {
							"vector": [-5, 0, 0]
						},
						"4.75": {
							"vector": [-5, 0, 0]
						}
					},
					"position": {
						"0.0833": {
							"vector": [0, 0, 0]
						},
						"0.2083": {
							"vector": [0, 1, -1]
						},
						"0.3333": {
							"vector": [0, 1, -3]
						},
						"4.75": {
							"vector": [0, 1, -3]
						},
						"5.0": {
							"vector": [0, 0, -1]
						}
					}
				}
			}
		}
	},
	"geckolib_format_version": 2
}