{
	"format_version": "1.8.0",
	"animations": {
		"defensesword2": {
			"animation_length": 0.5,
			"override_previous_animation": true,
			"bones": {
				"body": {
					"rotation": {
						"0.0": {
							"vector": [17.5, -45, 0]
						},
						"0.2083": {
							"vector": [0, 0, 0]
						}
					}
				},
				"torso": {
					"rotation": {
						"0.0": {
							"vector": [15.10781, -7.32162, -1.62878]
						},
						"0.25": {
							"vector": [12.60781, -7.32162, -1.62878]
						}
					}
				},
				"head": {
					"rotation": {
						"0.0": {
							"vector": [0, 45, 0]
						},
						"0.25": {
							"vector": [0, 0, 0]
						}
					}
				},
				"right_arm": {
					"rotation": {
						"0.0": {
							"vector": [-118.5376, -42.09026, 85.07348]
						},
						"0.25": {
							"vector": [-113.93631, -18.80651, 49.69103]
						},
						"0.5": {
							"vector": [-92.75806, 24.97457, -1.16524]
						}
					},
					"position": {
						"vector": [1, 0, 0]
					}
				},
				"left_arm": {
					"rotation": {
						"0.0": {
							"vector": [-50.28826, 10.38932, 11.02903]
						},
						"0.2083": {
							"vector": [-76.21047, 18.95751, 16.33612]
						},
						"0.25": {
							"vector": [-83.77432, 17.331, -26.64032]
						},
						"0.5": {
							"vector": [-101.41826, -19.48597, -19.38749]
						}
					},
					"position": {
						"vector": [0, 0, 2]
					}
				},
				"right_leg": {
					"rotation": {
						"0.0": {
							"vector": [15, 0, 0]
						},
						"0.2083": {
							"vector": [37.5, 0, 0]
						}
					}
				},
				"left_leg": {
					"rotation": {
						"0.0": {
							"vector": [-27.53327, -25.60793, 10.22265]
						},
						"0.2083": {
							"vector": [-18.29388, -16.66577, 5.41615]
						}
					}
				}
			}
		}
	},
	"geckolib_format_version": 2
}