{
	"format_version": "1.8.0",
	"animations": {
		"defensesword": {
			"animation_length": 0.3,
			"override_previous_animation": true,
			"bones": {
				"body": {
					"rotation": {
						"0.0": {
							"vector": [17.5, -45, 0]
						},
						"0.2083": {
							"vector": [0, 0, 0]
						}
					}
				},
				"torso": {
					"rotation": {
						"0.0": {
							"vector": [15.10781, -7.32162, -1.62878]
						},
						"0.2917": {
							"vector": [12.60781, -7.32162, -1.62878]
						}
					}
				},
				"head": {
					"rotation": {
						"0.0": {
							"vector": [0, 45, 0]
						},
						"0.2917": {
							"vector": [0, 0, 0]
						}
					}
				},
				"right_arm": {
					"rotation": {
						"0.0": {
							"vector": [-58.26206, -39.95426, 2.09615]
						},
						"0.2083": {
							"vector": [-81.09371, -16.64824, 0.84448]
						},
						"0.2917": {
							"vector": [-92.50954, -4.99523, 0.21865]
						}
					},
					"position": {
						"vector": [1, 0, 0]
					}
				},
				"left_arm": {
					"rotation": {
						"0.0": {
							"vector": [-50.28826, 10.38932, 11.02903]
						},
						"0.2083": {
							"vector": [-76.21047, 18.95751, 16.33612]
						},
						"0.2917": {
							"vector": [-90.28757, -9.61043, 11.12902]
						}
					},
					"position": {
						"vector": [0, 0, 2]
					}
				},
				"right_leg": {
					"rotation": {
						"0.0": {
							"vector": [15, 0, 0]
						},
						"0.2083": {
							"vector": [37.5, 0, 0]
						}
					}
				},
				"left_leg": {
					"rotation": {
						"0.0": {
							"vector": [-27.53327, -25.60793, 10.22265]
						},
						"0.2083": {
							"vector": [-18.29388, -16.66577, 5.41615]
						}
					}
				}
			}
		}
	},
	"geckolib_format_version": 2
}