{
	"format_version": "1.8.0",
	"animations": {
		"gojokokusen": {
			"animation_length": 7.5,
			"bones": {
				"body": {
					"rotation": {
						"0.0": {
							"vector": [0, 0, 0]
						},
						"5.0": {
							"vector": [-0.83, 0, 0]
						},
						"5.25": {
							"vector": [17.5, 0, 0]
						},
						"5.7917": {
							"vector": [-2.56062, -12.48791, 0.55404]
						},
						"6.0833": {
							"vector": [-3.88581, -49.93505, 2.97576]
						},
						"6.2917": {
							"vector": [-4.10674, -52.43392, 3.2581]
						},
						"6.75": {
							"vector": [-4.6508, -57.4194, 3.92223]
						},
						"7.5": {
							"vector": [0, 0, 0]
						}
					},
					"position": {
						"0.0833": {
							"vector": [0, 0, 0]
						},
						"0.2083": {
							"vector": [0, 0, 0]
						},
						"0.3333": {
							"vector": [0, -1, 0]
						},
						"4.75": {
							"vector": [0, -1, 0]
						},
						"5.0": {
							"vector": [0, 0, 0]
						},
						"5.25": {
							"vector": [0, -1, -2]
						},
						"5.7917": {
							"vector": [0, 1, 0]
						},
						"6.0833": {
							"vector": [0, 0, 0]
						},
						"6.2917": {
							"vector": [0, 0, 0]
						},
						"6.75": {
							"vector": [0, 0, 0]
						},
						"7.5": {
							"vector": [0, 0, 0]
						}
					},
					"scale": {
						"4.75": {
							"vector": [1, 1, 1]
						},
						"5.25": {
							"vector": [1, 1, 1]
						},
						"5.75": {
							"vector": [0, 0, 0]
						},
						"5.7917": {
							"vector": [1, 1, 1]
						}
					}
				},
				"torso": {
					"rotation": {
						"0.25": {
							"vector": [7.5, 0, 0]
						},
						"4.5": {
							"vector": [7.5, 0, 0]
						},
						"4.75": {
							"vector": [0, 0, 0]
						}
					}
				},
				"head": {
					"rotation": {
						"4.5": {
							"vector": [15, 0, 0]
						},
						"5.0": {
							"vector": [-15, 0, 0]
						},
						"5.25": {
							"vector": [17.5, 0, 0]
						},
						"5.7917": {
							"vector": [-2.56062, -12.48791, 0.55404]
						},
						"6.0833": {
							"vector": [-3.88581, -49.93505, 2.97576]
						},
						"6.2917": {
							"vector": [-4.10674, -52.43392, 3.2581]
						},
						"6.75": {
							"vector": [-4.6508, -57.4194, 3.92223]
						},
						"7.5": {
							"vector": [0, 0, 0]
						}
					},
					"position": {
						"5.25": {
							"vector": [0, -1, -2]
						},
						"5.7917": {
							"vector": [0, 1, 0]
						},
						"6.0833": {
							"vector": [0, 0, 0]
						},
						"6.2917": {
							"vector": [0, 0, 0]
						},
						"6.75": {
							"vector": [0, 0, 0]
						},
						"7.5": {
							"vector": [0, 0, 0]
						}
					},
					"scale": {
						"5.25": {
							"vector": [1, 1, 1]
						},
						"5.75": {
							"vector": [0, 0, 0]
						},
						"5.7917": {
							"vector": [1, 1, 1]
						}
					}
				},
				"right_arm": {
					"rotation": {
						"0.125": {
							"vector": [-96.94213, -19.7426, 38.43432]
						},
						"0.5": {
							"vector": [-116.94213, -19.7426, 38.43432]
						},
						"1.0": {
							"vector": [-58.74849, 13.69283, -15.23982]
						},
						"1.5": {
							"vector": [-104.44213, -19.7426, 38.43432]
						},
						"2.0": {
							"vector": [-61.16544, 14.23414, -20.86845]
						},
						"2.5": {
							"vector": [-106.94213, -19.7426, 38.43432]
						},
						"3.0": {
							"vector": [-62.37887, 12.19908, -21.99054]
						},
						"3.5": {
							"vector": [-96.94213, -19.7426, 38.43432]
						},
						"4.0": {
							"vector": [-63.80779, 18.86417, -30.11906]
						},
						"4.5": {
							"vector": [-104.44213, -19.7426, 38.43432]
						},
						"4.75": {
							"vector": [-79.44213, -19.7426, 38.43432]
						},
						"5.0": {
							"vector": [-158.15532, 25.08422, 3.88929]
						},
						"5.25": {
							"vector": [62.5, 0, 0]
						},
						"5.7917": {
							"vector": [-83.49118, 67.36871, 6.01146]
						},
						"6.0833": {
							"vector": [-87.43938, -12.48791, -0.55404]
						},
						"6.2917": {
							"vector": [-87.44, -12.49, -0.55]
						},
						"6.75": {
							"vector": [-87.44, -12.49, -0.55]
						},
						"7.5": {
							"vector": [0, 0, 0]
						}
					},
					"position": {
						"0.0": {
							"vector": [0, 0, 0]
						},
						"5.25": {
							"vector": [0, 0, 0]
						},
						"5.7917": {
							"vector": [0, 0, 3]
						},
						"6.0": {
							"vector": [0, 0, 4]
						},
						"6.0833": {
							"vector": [0, 0, 0]
						},
						"7.5": {
							"vector": [0, 0, 0]
						}
					}
				},
				"left_arm": {
					"rotation": {
						"0.125": {
							"vector": [-40.37277, 2.07251, 38.06348]
						},
						"0.5": {
							"vector": [-77.87277, 2.07251, 38.06348]
						},
						"1.0": {
							"vector": [-42.87277, 2.07251, 38.06348]
						},
						"1.5": {
							"vector": [-75.37277, 2.07251, 38.06348]
						},
						"2.0": {
							"vector": [-92.10692, -10.36591, -51.55725]
						},
						"2.5": {
							"vector": [-70.14659, -4.27562, 40.55373]
						},
						"3.0": {
							"vector": [-100.75328, -0.51793, -44.47095]
						},
						"3.5": {
							"vector": [-50.87655, 9.03611, 15.01554]
						},
						"4.0": {
							"vector": [-102.01521, -2.64037, -44.04346]
						},
						"4.5": {
							"vector": [-53.61349, -13.17453, 28.59695]
						},
						"4.75": {
							"vector": [-83.20433, 5.57343, -15.45243]
						},
						"5.0": {
							"vector": [0.45912, -0.06516, -10.2078]
						},
						"5.25": {
							"vector": [-130, 0, 0]
						},
						"5.7917": {
							"vector": [-82.43603, -7.43547, -0.98448]
						},
						"6.0833": {
							"vector": [-82.44, -7.44, -0.98]
						},
						"6.2917": {
							"vector": [-82.44, -7.44, -0.98]
						},
						"6.75": {
							"vector": [-82.44, -7.44, -0.98]
						},
						"7.5": {
							"vector": [0, 0, 0]
						}
					},
					"position": {
						"0.125": {
							"vector": [0, 0, 0]
						},
						"5.25": {
							"vector": [0, -7, 0]
						},
						"5.7917": {
							"vector": [0, -1, 0]
						},
						"6.0833": {
							"vector": [-0.5, -3, 6]
						},
						"6.2917": {
							"vector": [-0.5, -3, 6]
						},
						"6.75": {
							"vector": [-0.5, -3, 6]
						},
						"7.5": {
							"vector": [0, 0, 0]
						}
					}
				},
				"right_leg": {
					"rotation": {
						"0.0833": {
							"vector": [0, 0, 0]
						},
						"0.3333": {
							"vector": [2.5, 0, 0]
						},
						"4.75": {
							"vector": [2.5, 0, 0]
						},
						"5.25": {
							"vector": [22.51, 0.03, -0.21]
						},
						"5.375": {
							"vector": [2.51, 0.03, -0.21]
						},
						"5.75": {
							"vector": [-7.49, 0.03, -0.21]
						},
						"5.7917": {
							"vector": [-2.49, 0.03, -0.21]
						},
						"5.9583": {
							"vector": [-17.97026, -13.7382, 3.71895]
						},
						"6.0833": {
							"vector": [-16.45546, -24.06435, 6.66566]
						},
						"6.2917": {
							"vector": [-16.46, -24.06, 6.67]
						},
						"6.75": {
							"vector": [-16.46, -24.06, 6.67]
						},
						"7.5": {
							"vector": [0, 0, 0]
						}
					},
					"position": {
						"0.0833": {
							"vector": [0, 0, 0]
						},
						"0.2083": {
							"vector": [0, -0.5, 0]
						},
						"0.3333": {
							"vector": [0, 1, 0]
						},
						"4.75": {
							"vector": [0, 1, 0]
						},
						"5.0": {
							"vector": [0, 0, 0]
						},
						"5.25": {
							"vector": [0, 0, -2.75]
						},
						"5.7917": {
							"vector": [0, 1, -0.75]
						},
						"6.0833": {
							"vector": [0.75, 0, -3]
						},
						"6.2917": {
							"vector": [0.75, 0, -3]
						},
						"6.75": {
							"vector": [0.75, 0, -3]
						},
						"7.5": {
							"vector": [0, 0, 0]
						}
					},
					"scale": {
						"0.0": {
							"vector": [1, 1, 1]
						},
						"5.25": {
							"vector": [1, 1, 1]
						},
						"5.75": {
							"vector": [0, 0, 0]
						},
						"5.7917": {
							"vector": [1, 1, 1]
						}
					}
				},
				"left_leg": {
					"rotation": {
						"0.0833": {
							"vector": [0, 0, 0]
						},
						"0.2083": {
							"vector": [-12.5, 0, 0]
						},