{
	"format_version": "1.8.0",
	"animations": {
		"invertedpierce": {
			"animation_length": 2.5,
			"bones": {
				"body": {
					"rotation": {
						"0.0": {
							"vector": [0, -90, 0]
						},
						"0.25": {
							"vector": [90, -65, -70]
						},
						"0.375": {
							"vector": [90, -65, -70]
						},
						"0.5": {
							"vector": [90, -65, -70]
						},
						"0.75": {
							"vector": [90, -65, -70]
						},
						"1.0": {
							"vector": [90, -65, -70]
						},
						"1.25": {
							"vector": [90, -65, -70]
						},
						"1.5": {
							"vector": [90, -65, -70]
						},
						"1.625": {
							"vector": [0, 250, 20]
						},
						"1.875": {
							"vector": [0, 600, 30]
						},
						"2.0": {
							"vector": [130, 660, -150]
						}
					},
					"position": {
						"0.0": {
							"vector": [-5, 0, 0]
						},
						"0.125": {
							"vector": [0, 0, 0]
						},
						"0.75": {
							"vector": [0, 0, 0]
						}
					}
				},
				"torso": {
					"rotation": {
						"0.0": {
							"vector": [0, 12.5, 0]
						},
						"0.25": {
							"vector": [10.51385, 24.89837, 2.3273]
						},
						"1.875": {
							"vector": [-3.02266, 26.04087, -5.88464]
						}
					}
				},
				"head": {
					"rotation": {
						"0.0": {
							"vector": [0, 0, 0]
						},
						"0.25": {
							"vector": [-25, 85, 0]
						},
						"2.0": {
							"vector": [-159.60369, 66.94202, -150.11612]
						}
					}
				},
				"right_arm": {
					"rotation": {
						"0.0": {
							"vector": [32.5, -45, 0]
						},
						"0.125": {
							"vector": [-43.16247, -51.80014, 36.83753]
						},
						"0.25": {
							"vector": [-72.99737, 11.71197, 4.08758]
						},
						"0.375": {
							"vector": [-147.64037, 35.44045, -17.21276]
						},
						"0.5": {
							"vector": [-167.90795, 43.09094, -125.42108]
						},
						"0.75": {
							"vector": [-138.99409, 12.47586, 11.42762]
						},
						"1.0": {
							"vector": [-90.45147, 71.8787, -22.7937]
						},
						"1.125": {
							"vector": [-93.76842, 11.78236, -57.34988]
						},
						"1.25": {
							"vector": [-160.3785, 55.67066, -88.39013]
						},
						"1.375": {
							"vector": [-93.76842, 11.78236, -57.34988]
						},
						"1.5": {
							"vector": [-155.54999, 6.71685, -73.6654]
						},
						"1.625": {
							"vector": [-93.76842, 11.78236, -57.34988]
						},
						"1.75": {
							"vector": [-131.82813, 42.12654, -70.3327]
						},
						"1.875": {
							"vector": [-164.30729, 13.18061, -21.61735]
						},
						"2.0": {
							"vector": [-248.7143, -28.66324, -100.47683]
						}
					},
					"position": {
						"0.0": {
							"vector": [0, 0, 1]
						},
						"0.75": {
							"vector": [-1, 1, 2]
						},
						"1.25": {
							"vector": [-1, -1, 2]
						},
						"1.375": {
							"vector": [-1, 0, 2]
						},
						"1.625": {
							"vector": [-1, 1, 2]
						}
					}
				},
				"left_arm": {
					"rotation": {
						"0.0": {
							"vector": [-8.04681, 19.13033, -23.71177]
						},
						"0.125": {
							"vector": [-43.16247, 51.80014, -36.83753]
						},
						"0.25": {
							"vector": [-51.32495, 58.60029, -73.67505]
						}
					},
					"position": {
						"0.0": {
							"vector": [0, 0, -2]
						},
						"0.25": {
							"vector": [0, -1, -2]
						}
					}
				},
				"right_leg": {
					"rotation": {
						"0.0": {
							"vector": [0, 25, 0]
						},
						"0.25": {
							"vector": [-25, 70, 0]
						},
						"1.875": {
							"vector": [-89.19482, 21.68647, -65.9308]
						},
						"2.0": {
							"vector": [86.31179, 78.288, 110.16002]
						}
					}
				},
				"left_leg": {
					"rotation": {
						"0.0": {
							"vector": [0, 0, -17.5]
						},
						"0.25": {
							"vector": [-22.90981, -39.85571, 15.9032]
						},
						"1.875": {
							"vector": [-18.88172, -41.64114, 9.73631]
						},
						"2.0": {
							"vector": [-53.88172, -41.64114, 9.73631]
						}
					}
				}
			}
		}
	},
	"geckolib_format_version": 2
}