{
	"format_version": "1.8.0",
	"animations": {
		"kick2": {
			"animation_length": 0.5,
			"bones": {
				"body": {
					"rotation": {
						"0.0": {
							"vector": [32.94581, 72.03614, 34.26563]
						},
						"0.0417": {
							"vector": [5.04352, 26.53408, 19.42518]
						},
						"0.0833": {
							"vector": [-34.52188, -34.78618, 48.42125]
						},
						"0.125": {
							"vector": [-108.74178, -50.9741, 96.60012]
						},
						"0.2917": {
							"vector": [-108.74178, -50.9741, 96.60012]
						}
					},
					"position": {
						"0.0": {
							"vector": [0, 0, 0]
						},
						"0.125": {
							"vector": [0, 1, 0]
						},
						"0.2917": {
							"vector": [0, 1, 0]
						}
					}
				},
				"head": {
					"rotation": {
						"0.0": {
							"vector": [0, -60, 0]
						},
						"0.1667": {
							"vector": [53.32976, 57.91733, 16.54776]
						},
						"0.2917": {
							"vector": [53.32976, 57.91733, 16.54776]
						}
					}
				},
				"right_arm": {
					"rotation": {
						"0.0": {
							"vector": [8.6822, -4.98093, 74.62165]
						},
						"0.1667": {
							"vector": [98.85458, 12.31767, 77.2847]
						},
						"0.2917": {
							"vector": [98.85458, 12.31767, 77.2847]
						}
					},
					"position": {
						"0.0": {
							"vector": [0, 0, 0]
						},
						"0.1667": {
							"vector": [1, -2, 2]
						},
						"0.2917": {
							"vector": [1, -2, 2]
						}
					}
				},
				"left_arm": {
					"rotation": {
						"0.0": {
							"vector": [-37.5, 0, 0]
						},
						"0.1667": {
							"vector": [-22.40559, -30.89218, -51.23521]
						},
						"0.2917": {
							"vector": [-22.40559, -30.89218, -51.23521]
						}
					}
				},
				"right_leg": {
					"rotation": {
						"0.0": {
							"vector": [19.33449, -25.77885, 56.19913]
						},
						"0.0417": {
							"vector": [19.15366, -16.40458, 10.62016]
						},
						"0.0833": {
							"vector": [-19.45982, 2.84991, 22.5984]
						},
						"0.125": {
							"vector": [-15.34079, 54.76746, 6.2024]
						},
						"0.1667": {
							"vector": [-37.63859, 78.04713, 57.37239]
						},
						"0.2917": {
							"vector": [-37.63859, 78.04713, 57.37239]
						}
					},
					"position": {
						"0.0": {
							"vector": [0, 0, 0]
						},
						"0.1667": {
							"vector": [0, 0, 3]
						},
						"0.2917": {
							"vector": [0, 0, 3]
						}
					}
				},
				"left_leg": {
					"rotation": {
						"0.0": {
							"vector": [0, 0, -10]
						},
						"0.1667": {
							"vector": [4.46144, 16.49677, -43.59885]
						},
						"0.2917": {
							"vector": [4.46144, 16.49677, -43.59885]
						}
					}
				},
				"torso": {
					"rotation": {
						"0.0": {
							"vector": [0, 0, 0]
						},
						"0.1667": {
							"vector": [7.92753, 33.03895, 2.96891]
						},
						"0.2917": {
							"vector": [7.92753, 33.03895, 2.96891]
						}
					}
				}
			}
		}
	},
	"geckolib_format_version": 2
}