{
	"format_version": "1.8.0",
	"animations": {
		"kickcombo": {
			"animation_length": 0.83333,
			"bones": {
				"body": {
					"rotation": {
						"0.0": {
							"vector": [0, 0, 0]
						},
						"0.25": {
							"vector": [-160.34794, -78.31025, 146.35045]
						},
						"0.5": {
							"vector": [32.94581, 72.03614, 34.26563]
						},
						"0.75": {
							"vector": [5.04352, 26.53408, 19.42518]
						},
						"0.7917": {
							"vector": [-45.7781, 14.01897, 101.3598]
						}
					},
					"position": {
						"0.0": {
							"vector": [0, 0, 0]
						},
						"0.5": {
							"vector": [0, 0, 0]
						},
						"0.8333": {
							"vector": [0, 1, 0]
						}
					}
				},
				"head": {
					"rotation": {
						"0.0833": {
							"vector": [30, -30, 0]
						},
						"0.2083": {
							"vector": [13.95976, 40.65623, 19.9281]
						},
						"0.3333": {
							"vector": [0, -60, 0]
						},
						"0.7083": {
							"vector": [53.32976, 57.91733, 16.54776]
						},
						"0.8333": {
							"vector": [109.26944, 63.17254, 79.24925]
						}
					}
				},
				"right_arm": {
					"rotation": {
						"0.0": {
							"vector": [78.87281, -44.66253, -39.58219]
						},
						"0.0833": {
							"vector": [-88.49126, 41.95622, 29.55545]
						},
						"0.2083": {
							"vector": [34.77804, 60.67789, 172.1785]
						},
						"0.3333": {
							"vector": [8.6822, -4.98093, 74.62165]
						},
						"0.7083": {
							"vector": [98.85458, 12.31767, 77.2847]
						},
						"0.8333": {
							"vector": [123.35933, -37.03937, 68.78976]
						}
					},
					"position": {
						"0.3333": {
							"vector": [0, 0, 0]
						},
						"0.7083": {
							"vector": [1, -2, 2]
						}
					}
				},
				"left_arm": {
					"rotation": {
						"0.0": {
							"vector": [15.36157, -45.49279, -29.37646]
						},
						"0.0833": {
							"vector": [-4.20205, -18.2896, -76.82328]
						},
						"0.2083": {
							"vector": [-0.27789, -22.68454, -105.04195]
						},
						"0.3333": {
							"vector": [-37.5, 0, 0]
						},
						"0.7083": {
							"vector": [-22.40559, -30.89218, -51.23521]
						}
					}
				},
				"right_leg": {
					"rotation": {
						"0.0": {
							"vector": [18.8382, 0.68143, 9.54376]
						},
						"0.0833": {
							"vector": [-58.01209, 15.46474, -26.29019]
						},
						"0.2083": {
							"vector": [0.43502, -5.18097, 17.46456]
						},
						"0.3333": {
							"vector": [59.33449, -25.77885, 56.19913]
						},
						"0.4583": {
							"vector": [-113.17393, 20.58953, 16.05749]
						},
						"0.5833": {
							"vector": [19.15366, -16.40458, 10.62016]
						},
						"0.625": {
							"vector": [-19.45982, 2.84991, 22.5984]
						},
						"0.6667": {
							"vector": [-15.34079, 54.76746, 6.2024]
						},
						"0.7083": {
							"vector": [-37.63859, 78.04713, 57.37239]
						},
						"0.8333": {
							"vector": [159.86, 78.05, 57.37]
						}
					},
					"position": {
						"0.3333": {
							"vector": [0, 0, 0]
						},
						"0.7083": {
							"vector": [0, 0, 3]
						}
					}
				},
				"left_leg": {
					"rotation": {
						"0.0": {
							"vector": [0, 0, -33.75]
						},
						"0.0833": {
							"vector": [0, 0, -12.5]
						},
						"0.2083": {
							"vector": [0, 0, -63.75]
						},
						"0.3333": {
							"vector": [0, 0, -10]
						},
						"0.7083": {
							"vector": [4.46144, 16.49677, -43.59885]
						},
						"0.8333": {
							"vector": [4.28341, -12.44354, 76.96497]
						}
					},
					"position": {
						"0.3333": {
							"vector": [0, 0, 0]
						},
						"0.8333": {
							"vector": [-1, 0, -1]
						}
					}
				},
				"torso": {
					"rotation": {
						"0.3333": {
							"vector": [0, 0, 0]
						},
						"0.7083": {
							"vector": [7.92753, 33.03895, 2.96891]
						},
						"0.8333": {
							"vector": [17.46789, 67.34534, 14.82073]
						}
					}
				}
			}
		}
	},
	"geckolib_format_version": 2
}