{
	"format_version": "1.8.0",
	"animations": {
		"kick7": {
			"animation_length": 0.6,
			"bones": {
				"RotHead": {
					"rotation": {
						"0.0": {
							"vector": [0, 45, -12.5]
						},
						"0.44": {
							"vector": [0, 22.5, -12.5]
						}
					}
				},
				"body": {
					"rotation": {
						"0.0": {
							"vector": [-26.56505, -37.76124, 56.73152]
						},
						"0.44": {
							"vector": [0, -17.5, 17.5]
						}
					},
					"position": {
						"vector": [3, 0, 0]
					}
				},
				"right_arm": {
					"rotation": {
						"0.0": {
							"vector": [-91.53313, 27.89747, -2.35926]
						},
						"0.12": {
							"vector": [-131.53313, 27.89747, -2.35926]
						},
						"0.44": {
							"vector": [5.60387, 28.08335, 23.16766]
						}
					}
				},
				"left_arm": {
					"rotation": {
						"0.0": {
							"vector": [-7.67979, -52.49431, -75.17979]
						},
						"0.44": {
							"vector": [-111.52955, 29.24908, -20.51044]
						}
					}
				},
				"right_leg": {
					"rotation": {
						"0.0": {
							"vector": [60, 0, 70]
						},
						"0.12": {
							"vector": [-77.5, 0, 70]
						},
						"0.2": {
							"vector": [34.32027, 19.43483, 75.14677]
						},
						"0.28": {
							"vector": [-73.85946, 38.86967, 80.29354]
						},
						"0.36": {
							"vector": [34.32027, 19.43483, 75.14677]
						},
						"0.44": {
							"vector": [-106.66402, 35.60728, 86.75807]
						}
					}
				},
				"left_leg": {
					"rotation": {
						"0.0": {
							"vector": [17.5, 0, -32.5]
						},
						"0.44": {
							"vector": [32.5, 0, -32.5]
						}
					},
					"position": {
						"vector": [0, 2, -3]
					}
				}
			}
		}
	},
	"geckolib_format_version": 2
}