{
	"format_version": "1.8.0",
	"animations": {
		"kicksimple": {
			"animation_length": 0.33333,
			"bones": {
				"body": {
					"rotation": {
						"0.0": {
							"vector": [32.94581, 72.03614, 34.26563]
						},
						"0.1667": {
							"vector": [-23.14851, -31.11992, -28.57144]
						},
						"0.25": {
							"vector": [-41.43237, -25.50633, 62.08781]
						}
					},
					"position": {
						"0.0": {
							"vector": [0, 0, 0]
						},
						"0.3333": {
							"vector": [0, 1, 0]
						}
					}
				},
				"torso": {
					"rotation": {
						"0.1667": {
							"vector": [7.92753, 33.03895, 2.96891]
						},
						"0.3333": {
							"vector": [17.46789, 67.34534, 14.82073]
						}
					}
				},
				"right_arm": {
					"rotation": {
						"0.0": {
							"vector": [321.72391, 78.54564, 124.03428]
						},
						"0.1667": {
							"vector": [98.85458, 12.31767, 77.2847]
						},
						"0.3333": {
							"vector": [123.35933, -37.03937, 68.78976]
						}
					},
					"position": {
						"vector": [1, -2, 2]
					}
				},
				"left_arm": {
					"rotation": {
						"vector": [-22.40559, -30.89218, -51.23521]
					}
				},
				"right_leg": {
					"rotation": {
						"0.0": {
							"vector": [21.82607, 20.58953, 16.05749]
						},
						"0.0833": {
							"vector": [-19.45982, 2.84991, 22.5984]
						},
						"0.1667": {
							"vector": [-37.63859, 78.04713, 57.37239]
						},
						"0.3333": {
							"vector": [159.86, 78.05, 57.37]
						}
					},
					"position": {
						"vector": [0, 0, 3]
					}
				},
				"left_leg": {
					"rotation": {
						"0.1667": {
							"vector": [4.46144, 16.49677, -43.59885]
						},
						"0.3333": {
							"vector": [4.28341, -12.44354, 76.96497]
						}
					},
					"position": {
						"vector": [-1, 0, -1]
					}
				},
				"head": {
					"rotation": {
						"0.0": {
							"vector": [0, 0, 0]
						},
						"0.1667": {
							"vector": [53.32976, 57.91733, 16.54776]
						},
						"0.3333": {
							"vector": [109.26944, 63.17254, 79.24925]
						}
					}
				}
			}
		}
	},
	"geckolib_format_version": 2
}