{
	"format_version": "1.8.0",
	"animations": {
		"kick1": {
			"animation_length": 0.5,
			"bones": {
				"body": {
					"rotation": {
						"0.0": {
							"vector": [32.94581, -72.03614, -34.26563]
						},
						"0.1667": {
							"vector": [-4.47374, 76.87871, 3.61761]
						},
						"0.2917": {
							"vector": [-4.47374, 76.87871, 3.61761]
						}
					}
				},
				"head": {
					"rotation": {
						"0.0": {
							"vector": [0, 60, 0]
						},
						"0.1667": {
							"vector": [18.32976, -57.91733, -16.54776]
						},
						"0.2917": {
							"vector": [18.32976, -57.91733, -16.54776]
						}
					},
					"position": {
						"0.0": {
							"vector": [0, 0, 0]
						},
						"0.1667": {
							"vector": [-4, -2, 3]
						},
						"0.2917": {
							"vector": [-4, -2, 3]
						}
					}
				},
				"right_arm": {
					"rotation": {
						"0.0": {
							"vector": [-37.5, 0, 0]
						},
						"0.1667": {
							"vector": [-32.15172, 20.43663, 29.0527]
						},
						"0.2917": {
							"vector": [-32.15172, 20.43663, 29.0527]
						}
					},
					"position": {
						"0.0": {
							"vector": [0, 0, 0]
						},
						"0.1667": {
							"vector": [-3, -3, 3]
						},
						"0.2917": {
							"vector": [-3, -3, 3]
						}
					}
				},
				"left_arm": {
					"rotation": {
						"0.0": {
							"vector": [8.6822, 4.98093, -74.62165]
						},
						"0.1667": {
							"vector": [36.1822, 4.98093, -74.62165]
						},
						"0.2917": {
							"vector": [36.1822, 4.98093, -74.62165]
						}
					},
					"position": {
						"0.0": {
							"vector": [0, 0, 0]
						},
						"0.1667": {
							"vector": [-3, -3, 3]
						},
						"0.2917": {
							"vector": [-3, -3, 3]
						}
					}
				},
				"right_leg": {
					"rotation": {
						"0.0": {
							"vector": [0, 0, 10]
						},
						"0.1667": {
							"vector": [7.15473, -14.76689, -2.33601]
						},
						"0.2917": {
							"vector": [7.15473, -14.76689, -2.33601]
						}
					}
				},
				"left_leg": {
					"rotation": {
						"0.0": {
							"vector": [19.33449, 25.77885, -56.19913]
						},
						"0.0417": {
							"vector": [-16.85129, 6.25884, -70.3956]
						},
						"0.0833": {
							"vector": [-39.266, -16.3989, -96.42052]
						},
						"0.1667": {
							"vector": [-128.54494, -6.39816, -60.79074]
						},
						"0.2917": {
							"vector": [-128.54494, -6.39816, -60.79074]
						}
					},
					"position": {
						"0.0": {
							"vector": [0, 0, 0]
						},
						"0.0417": {
							"vector": [0.75, 0.5, -0.5]
						},
						"0.0833": {
							"vector": [1.17, 1, -2]
						},
						"0.1667": {
							"vector": [1, 2, -2]
						},
						"0.2917": {
							"vector": [1, 2, -2]
						}
					}
				},
				"torso": {
					"rotation": {
						"0.0": {
							"vector": [0, 0, 0]
						},
						"0.1667": {
							"vector": [-20.69627, 10.25941, -24.9187]
						},
						"0.2917": {
							"vector": [-20.69627, 10.25941, -24.9187]
						}
					},
					"position": {
						"0.0": {
							"vector": [0, 0, 0]
						},
						"0.1667": {
							"vector": [-4, -2, 3]
						},
						"0.2917": {
							"vector": [-4, -2, 3]
						}
					}
				}
			}
		}
	},
	"geckolib_format_version": 2
}