{
	"format_version": "1.8.0",
	"animations": {
		"kokusen": {
			"animation_length": 3,
			"bones": {
				"body": {
					"rotation": {
						"0.0": {
							"vector": [0, 0, 0]
						},
						"0.25": {
							"vector": [12.5, 0, 0]
						},
						"0.4167": {
							"vector": [12.5, 0, 0]
						},
						"0.5": {
							"vector": [17.5, 0, 0]
						},
						"0.75": {
							"vector": [17.5, 0, 0]
						},
						"1.2917": {
							"vector": [-2.56062, -12.48791, 0.55404]
						},
						"1.5833": {
							"vector": [-3.88581, -49.93505, 2.97576]
						},
						"1.7917": {
							"vector": [-4.10674, -52.43392, 3.2581]
						},
						"2.25": {
							"vector": [-4.6508, -57.4194, 3.92223]
						},
						"3.0": {
							"vector": [0, 0, 0]
						}
					},
					"position": {
						"0.0": {
							"vector": [0, 0, 0]
						},
						"0.25": {
							"vector": [0, 0, -2]
						},
						"0.4167": {
							"vector": [0, 0, -2]
						},
						"0.5": {
							"vector": [0, -1, -2]
						},
						"0.75": {
							"vector": [0, -1, -2]
						},
						"1.2917": {
							"vector": [0, 1, 0]
						},
						"1.5833": {
							"vector": [0, 0, 0]
						},
						"1.7917": {
							"vector": [0, 0, 0]
						},
						"2.25": {
							"vector": [0, 0, 0]
						},
						"3.0": {
							"vector": [0, 0, 0]
						}
					},
					"scale": {
						"0.75": {
							"vector": [1, 1, 1]
						},
						"1.25": {
							"vector": [0, 0, 0]
						},
						"1.2917": {
							"vector": [1, 1, 1]
						}
					}
				},
				"head": {
					"rotation": {
						"0.0": {
							"vector": [0, 0, 0]
						},
						"0.25": {
							"vector": [12.5, 0, 0]
						},
						"0.4167": {
							"vector": [12.5, 0, 0]
						},
						"0.5": {
							"vector": [17.5, 0, 0]
						},
						"0.75": {
							"vector": [17.5, 0, 0]
						},
						"1.2917": {
							"vector": [-2.56062, -12.48791, 0.55404]
						},
						"1.5833": {
							"vector": [-3.88581, -49.93505, 2.97576]
						},
						"1.7917": {
							"vector": [-4.10674, -52.43392, 3.2581]
						},
						"2.25": {
							"vector": [-4.6508, -57.4194, 3.92223]
						},
						"3.0": {
							"vector": [0, 0, 0]
						}
					},
					"position": {
						"0.0": {
							"vector": [0, 0, 0]
						},
						"0.25": {
							"vector": [0, 0, -2]
						},
						"0.4167": {
							"vector": [0, 0, -2]
						},
						"0.5": {
							"vector": [0, -1, -2]
						},
						"0.75": {
							"vector": [0, -1, -2]
						},
						"1.2917": {
							"vector": [0, 1, 0]
						},
						"1.5833": {
							"vector": [0, 0, 0]
						},
						"1.7917": {
							"vector": [0, 0, 0]
						},
						"2.25": {
							"vector": [0, 0, 0]
						},
						"3.0": {
							"vector": [0, 0, 0]
						}
					},
					"scale": {
						"0.75": {
							"vector": [1, 1, 1]
						},
						"1.25": {
							"vector": [0, 0, 0]
						},
						"1.2917": {
							"vector": [1, 1, 1]
						}
					}
				},
				"right_arm": {
					"rotation": {
						"0.0": {
							"vector": [0, 0, 0]
						},
						"0.25": {
							"vector": [42.5, 0, 0]
						},
						"0.4167": {
							"vector": [42.5, 0, 0]
						},
						"0.5": {
							"vector": [62.5, 0, 0]
						},
						"0.75": {
							"vector": [62.5, 0, 0]
						},
						"1.2917": {
							"vector": [-83.49118, 67.36871, 6.01146]
						},
						"1.5833": {
							"vector": [-87.43938, -12.48791, -0.55404]
						},
						"1.7917": {
							"vector": [-87.44, -12.49, -0.55]
						},
						"2.25": {
							"vector": [-87.44, -12.49, -0.55]
						},
						"3.0": {
							"vector": [0, 0, 0]
						}
					},
					"position": {
						"0.0": {
							"vector": [0, 0, 0]
						},
						"0.75": {
							"vector": [0, 0, 0]
						},
						"1.2917": {
							"vector": [0, 0, 3]
						},
						"1.5": {
							"vector": [0, 0, 4]
						},
						"1.5833": {
							"vector": [0, 0, 0]
						},
						"3.0": {
							"vector": [0, 0, 0]
						}
					}
				},
				"left_arm": {
					"rotation": {
						"0.0": {
							"vector": [0, 0, 0]
						},
						"0.25": {
							"vector": [-140, 0, 0]
						},
						"0.4167": {
							"vector": [-140, 0, 0]
						},
						"0.5": {
							"vector": [-130, 0, 0]
						},
						"0.75": {
							"vector": [-130, 0, 0]
						},
						"1.2917": {
							"vector": [-82.43603, -7.43547, -0.98448]
						},
						"1.5833": {
							"vector": [-82.44, -7.44, -0.98]
						},
						"1.7917": {
							"vector": [-82.44, -7.44, -0.98]
						},
						"2.25": {
							"vector": [-82.44, -7.44, -0.98]
						},
						"3.0": {
							"vector": [0, 0, 0]
						}
					},
					"position": {
						"0.0": {
							"vector": [0, 0, 0]
						},
						"0.25": {
							"vector": [0, -7, 0]
						},
						"0.4167": {
							"vector": [0, -7, 0]
						},
						"0.75": {
							"vector": [0, -7, 0]
						},
						"1.2917": {
							"vector": [0, -1, 0]
						},
						"1.5833": {
							"vector": [-0.5, -3, 6]
						},
						"1.7917": {
							"vector": [-0.5, -3, 6]
						},
						"2.25": {
							"vector": [-0.5, -3, 6]
						},
						"3.0": {
							"vector": [0, 0, 0]
						}
					}
				},
				"right_leg": {
					"rotation": {
						"0.0": {
							"vector": [0, 0, 0]
						},
						"0.25": {
							"vector": [12.50879, 0.02886, -0.20806]
						},
						"0.4167": {
							"vector": [12.50879, 0.02886, -0.20806]
						},
						"0.5": {
							"vector": [22.50879, 0.02886, -0.20806]
						},
						"0.75": {
							"vector": [22.51, 0.03, -0.21]
						},
						"0.875": {
							"vector": [2.51, 0.03, -0.21]
						},
						"1.25": {
							"vector": [-7.49, 0.03, -0.21]
						},
						"1.2917": {
							"vector": [-2.49, 0.03, -0.21]
						},
						"1.4583": {
							"vector": [-17.97026, -13.7382, 3.71895]
						},
						"1.5833": {
							"vector": [-16.45546, -24.06435, 6.66566]
						},
						"1.7917": {
							"vector": [-16.46, -24.06, 6.67]
						},
						"2.25": {
							"vector": [-16.46, -24.06, 6.67]
						},
						"3.0": {
							"vector": [0, 0, 0]
						}
					},
					"position": {
						"0.0": {
							"vector": [0, 0, 0]
						},
						"0.25": {
							"vector": [0, 0, -4]
						},
						"0.4167": {
							"vector": [0, 0, -4]
						},
						"0.5": {
							"vector": [0, 0, -2.75]
						},
						"0.75": {
							"vector": [0, 0, -2.75]
						},
						"1.2917": {
							"vector": [0, 1, -0.75]
						},
						"1.5833": {
							"vector": [0.75, 0, -3]
						},
						"1.7917": {
							"vector": [0.75, 0, -3]
						},
						"2.25": {
							"vector": [0.75, 0, -3]
						},
						"3.0": {
							"vector": [0, 0, 0]
						}
					},
					"scale": {
						"0.75": {
							"vector": [1, 1, 1]
						},
						"1.25": {
							"vector": [0, 0, 0]
						},
						"1.2917": {
							"vector": [1, 1, 1]
						}
					}
				},
				"left_leg": {
					"rotation": {
						"0.0": {
							"vector": [0, 0, 0]
						},
						"0.25": {
							"vector": [32.5, 0, 0]
						},
						"0.4167": {
							"vector": [32.5, 0, 0]
						},
						"0.5": {
							"vector": [37.5, 0, 0]
						},
						"0.75": {
							"vector": [37.5, 0, 0]
						},
						"1.2917": {
							"vector": [10, 0, 0]
						},
						"1.4583": {
							"vector": [27.54229, -19.97819, 0.99967]
						},
						"1.5417": {
							"vector": [32.98011, -29.96728, 1.4995]
						},
						"1.5833": {
							"vector": [31.94901, -34.96182, 1.74942]
						},
						"1.7917": {
							"vector": [31.95, -34.96, 1.75]
						},
						"2.25": {
							"vector": [31.95, -34.96, 1.75]
						},
						"3.0": {
							"vector": [0, 0, 0]
						}
					},
					"position": {
						"0.0": {
							"vector": [0, 0, 0]
						},
						"0.25": {
							"vector": [0, 0, 0]
						},
						"0.4167": {
							"vector": [0, 0, 0]
						},
						"0.5": {
							"vector": [0, -1, 2]
						},
						"0.75": {
							"vector": [0, -1, 2]
						},
						"1.2917": {
							"vector": [0, 1, -1]
						},
						"1.5833": {
							"vector": [0.5, -1, 0]
						},
						"1.7917": {
							"vector": [0.5, -1, 0]
						},