{
	"format_version": "1.8.0",
	"animations": {
		"kusa2": {
			"animation_length": 1.9792,
			"override_previous_animation": true,
			"bones": {
				"left_arm": {
					"rotation": {
						"0.0": {
							"vector": [-5, 0, 0]
						},
						"0.25": {
							"vector": [-19.69195, 30.57344, -47.0958]
						},
						"0.9167": {
							"vector": [-19.69195, 30.57344, -47.0958]
						},
						"1.0208": {
							"vector": [-19.69195, 30.57344, -47.0958]
						},
						"1.125": {
							"vector": [10.14661, 28.77828, -52.46781]
						},
						"1.5": {
							"vector": [10.14661, 28.77828, -52.46781]
						},
						"1.625": {
							"vector": [-15.89415, 36.14111, -2.4503]
						},
						"1.7083": {
							"vector": [2.75121, -12.33848, -27.24665]
						},
						"1.7917": {
							"vector": [2.75121, -12.33848, -27.24665]
						},
						"1.9792": {
							"vector": [0, 0, 0]
						}
					},
					"position": {
						"0.0": {
							"vector": [0, -0.19922, 0]
						},
						"1.625": {
							"vector": [0.21562, -0.2, -0.74609]
						},
						"1.7083": {
							"vector": [-0.20109, -0.2, 2.30906]
						},
						"1.7917": {
							"vector": [-0.20109, -0.2, 2.30906]
						},
						"1.9792": {
							"vector": [0, 0, 0]
						}
					}
				},
				"rightItem": {
					"rotation": {
						"0.0": {
							"vector": [0, 0, 0]
						},
						"0.25": {
							"vector": [14.08619, 17.07228, 3.90399]
						},
						"0.9167": {
							"vector": [14.08619, 17.07228, 3.90399]
						},
						"1.0208": {
							"vector": [14.08619, 17.07228, 3.90399]
						},
						"1.125": {
							"vector": [41.50393, -10.83565, -33.51201]
						},
						"1.5": {
							"vector": [41.50393, -10.83565, -33.51201]
						},
						"1.7083": {
							"vector": [-39.17451, -25.14046, -24.76786]
						},
						"1.7917": {
							"vector": [-15.97388, -13.22212, -34.43616]
						},
						"1.9792": {
							"vector": [0, 0, 0]
						}
					},
					"position": {
						"0.0": {
							"vector": [0, 0, 0]
						},
						"0.25": {
							"vector": [2.02344, 0.83594, 0]
						},
						"0.9167": {
							"vector": [2.02344, 0.83594, 0]
						},
						"1.0208": {
							"vector": [2.02344, 0.83594, 0]
						},
						"1.125": {
							"vector": [-1.73078, 0.02172, 0]
						},
						"1.5": {
							"vector": [-1.73078, 0.02172, 0]
						},
						"1.7083": {
							"vector": [-3.105, -3.21594, -5.10937]
						},
						"1.7917": {
							"vector": [-3.105, -3.21594, -2]
						},
						"1.9792": {
							"vector": [0, 0, 0]
						}
					}
				},
				"leftItem": {
					"rotation": {
						"1.7083": {
							"vector": [-9, 0, -12.5]
						},
						"1.7917": {
							"vector": [-9, 0, -12.5]
						},
						"1.9792": {
							"vector": [0, 0, 0]
						}
					},
					"position": {
						"0.0": {
							"vector": [0, -0.59766, 6.17578]
						},
						"1.7083": {
							"vector": [0, -0.24453, 0.73859]
						},
						"1.7917": {
							"vector": [0, -0.24453, 0.73859]
						},
						"1.9792": {
							"vector": [0, 0, 0]
						}
					}
				},
				"body": {
					"rotation": {
						"0.0": {
							"vector": [0, 0, 0]
						},
						"0.25": {
							"vector": [37.36889, -48.72206, -3.42241]
						},
						"0.9167": {
							"vector": [36.04476, -47.11849, -1.63862]
						},
						"1.0208": {
							"vector": [36.04476, -47.11849, -1.63862]
						},
						"1.125": {
							"vector": [-6.94257, 16.61287, 8.79688]
						},
						"1.5": {
							"vector": [-6.94257, 16.61287, 8.79688]
						},
						"1.7083": {
							"vector": [0, 0, 0]
						},
						"1.7917": {
							"vector": [0, 0, 0]
						},
						"1.9792": {
							"vector": [0, 0, 0]
						}
					},
					"position": {
						"0.0": {
							"vector": [0, 0, 0]
						},
						"0.25": {
							"vector": [-1.46094, 0, 4.64453]
						},
						"0.9167": {
							"vector": [-1.46094, 0, 4.64453]
						},
						"0.9375": {
							"vector": [-32.46, 0, 4.64]
						},
						"0.9583": {
							"vector": [39.16, 0, 4.64]
						},
						"1.0": {
							"vector": [-1.46094, 0, 4.64453]
						},
						"1.125": {
							"vector": [-1.46094, 0, 4.64453]
						},
						"1.5": {
							"vector": [-1.46094, 0, 4.64453]
						},
						"1.7083": {
							"vector": [0, 0, 0]
						},
						"1.7917": {
							"vector": [0, 0, 0]
						},
						"1.9792": {
							"vector": [0, 0, 0]
						}
					},
					"scale": {
						"0.0": {
							"vector": [1, 1, 1]
						},
						"0.25": {
							"vector": [1, 1, 1]
						},
						"0.9167": {
							"vector": [1, 1, 1]
						},
						"0.9375": {"vector": [1, 1, 1]},
						"0.9792": {"vector": [0, 0, 0]},
						"1.0208": {"vector": [1, 1, 1]},
						"1.0625": {"vector": [0, 0, 0]},
						"1.0833": {"vector": [1, 1, 1]},
						"1.125": {"vector": [0, 0, 0]},
						"1.1667": {"vector": [1, 1, 1]},
						"1.25": {"vector": [0, 0, 0]},
						"1.2917": {"vector": [1, 1, 1]}
					}
				},
				"right_arm": {
					"rotation": {
						"0.0": {
							"vector": [0, 0, 0]
						},
						"0.25": {
							"vector": [-156.17553, -1.56923, 119.37511]
						},
						"0.9167": {
							"vector": [-156.17553, -1.56923, 119.37511]
						},
						"1.0208": {
							"vector": [-156.17553, -1.56923, 119.37511]
						},
						"1.125": {
							"vector": [18.53189, -6.88449, 152.934]
						},
						"1.5": {
							"vector": [18.53189, -6.88449, 152.934]
						},
						"1.7083": {
							"vector": [-129.77854, 17.50213, 111.4747]
						},
						"1.7917": {
							"vector": [-152.27854, 17.50213, 111.4747]
						},
						"1.9792": {
							"vector": [0, 0, 0]
						}
					},
					"position": {
						"0.0": {
							"vector": [0, 0, 0]
						},
						"0.25": {
							"vector": [3.99219, -1.23437, -6.02734]
						},
						"0.9167": {
							"vector": [3.99219, -1.23437, -6.02734]
						},
						"1.0208": {
							"vector": [3.99219, -1.23437, -6.02734]
						},
						"1.125": {
							"vector": [-2.01, 0.77, 1.97]
						},
						"1.5": {
							"vector": [-2.01, 0.77, 1.97]
						},
						"1.7083": {
							"vector": [1.78594, -1.23, -4.89]
						},
						"1.7917": {
							"vector": [1.78594, -1.23, -4.89]
						},
						"1.9792": {
							"vector": [0, 0, 0]
						}
					}
				},
				"head": {
					"rotation": {
						"0.0": {
							"vector": [0, 0, 0]
						},
						"0.25": {
							"vector": [26.48935, 43.95539, -17.18177]
						},
						"0.9167": {
							"vector": [21.48935, 43.95539, -17.18177]
						},
						"1.0208": {
							"vector": [21.48935, 43.95539, -17.18177]
						},
						"1.125": {
							"vector": [17.78641, -13.07038, -4.51788]
						},
						"1.5": {
							"vector": [17.78641, -13.07038, -4.51788]
						},
						"1.7083": {
							"vector": [7.5, 0, 0]
						},
						"1.7917": {
							"vector": [0, 0, 0]
						},
						"1.9792": {
							"vector": [0, 0, 0]
						}
					}
				},
				"left_leg": {
					"rotation": {
						"0.0": {
							"vector": [0, 0, 0]
						},
						"0.25": {
							"vector": [16, 0, -5]
						},
						"0.9167": {
							"vector": [16, 0, -5]
						},
						"1.0208": {
							"vector": [16, 0, -5]
						},
						"1.125": {
							"vector": [16, 0, -5]
						},
						"1.5": {
							"vector": [16, 0, -5]
						},
						"1.7083": {
							"vector": [0, 0, 0]
						},
						"1.7917": {
							"vector": [0, 0, 0]
						},
						"1.9792": {
							"vector": [0, 0, 0]
						}
					},
					"position": {
						"0.25": {
							"vector": [0, 0, -0.13672]
						},
						"0.9167": {
							"vector": [0, 0, -0.13672]
						},
						"1.0208": {
							"vector": [0, 0, -0.13672]
						},
						"1.125": {
							"vector": [0, 0, -0.13672]
						},
						"1.5": {
							"vector": [0, 0, -0.13672]
						},
						"1.7083": {
							"vector": [0, 0, 0]
						},
						"1.9792": {
							"vector": [0, 0, 0]
						}
					}
				},
				"right_leg": {
					"rotation": {
						"0.0": {
							"vector": [0, 0, 0]
						},
						"0.25": {
							"vector": [-43.75405, 5.20222, 5.40994]
						},