{
	"format_version": "1.8.0",
	"animations": {
		"kusa3": {
			"animation_length": 1,
			"override_previous_animation": true,
			"bones": {
				"left_arm": {
					"rotation": {
						"0.0": {
							"vector": [-25.88354, 25.70849, -60.16747]
						},
						"0.1667": {
							"vector": [-19.69195, 30.57344, -47.0958]
						},
						"0.2917": {
							"vector": [-19.69195, 30.57344, -47.0958]
						},
						"0.375": {
							"vector": [34.57648, -33.79949, -60.78796]
						},
						"1.0": {
							"vector": [34.57648, -33.79949, -60.78796]
						}
					},
					"position": {
						"0.0": {
							"vector": [1, -0.2, -0.53]
						},
						"0.2917": {
							"vector": [1, -0.2, -0.53]
						},
						"0.375": {
							"vector": [1, -0.2, 1.47]
						},
						"1.0": {
							"vector": [1, -0.2, 1.47]
						}
					}
				},
				"leftItem": {
					"position": {
						"0.0": {
							"vector": [0, -0.59766, 6.17578]
						},
						"1.0": {
							"vector": [0, -0.59766, 6.17578]
						}
					}
				},
				"body": {
					"rotation": {
						"0.0": {
							"vector": [1.57534, -48.20136, -2.7209]
						},
						"0.1667": {
							"vector": [16.36889, -48.72206, -3.42241]
						},
						"0.2917": {
							"vector": [21.36889, -48.72206, -3.42241]
						},
						"0.375": {
							"vector": [7.73919, 30.92629, 6.05886]
						},
						"1.0": {
							"vector": [7.73919, 30.92629, 6.05886]
						}
					},
					"position": {
						"0.0": {
							"vector": [0, 0, 0]
						},
						"0.1667": {
							"vector": [-1.46094, 0, 0.64453]
						},
						"0.2917": {
							"vector": [-1.46094, 0, 0.64453]
						},
						"0.375": {
							"vector": [-1.46094, 0, 0.64453]
						},
						"1.0": {
							"vector": [-1.46094, 0, 0.64453]
						}
					}
				},
				"right_arm": {
					"rotation": {
						"0.0": {
							"vector": [7.5, 0, 0]
						},
						"0.1667": {
							"vector": [-156.17553, -1.56923, 119.37511]
						},
						"0.2917": {
							"vector": [-156.17553, -1.56923, 119.37511]
						},
						"0.375": {
							"vector": [-5.48147, -10.55784, 98.70625]
						},
						"1.0": {
							"vector": [-5.48147, -10.55784, 98.70625]
						}
					},
					"position": {
						"0.0": {
							"vector": [0, 0, 0]
						},
						"0.1667": {
							"vector": [3.99219, -1.23437, -6.02734]
						},
						"0.2917": {
							"vector": [3.99219, -1.23437, -6.02734]
						},
						"0.3333": {
							"vector": [-1.07, -0.23, -3.09]
						},
						"0.375": {
							"vector": [-1.01, -0.23, -0.03]
						},
						"1.0": {
							"vector": [-1.01, -0.23, -0.03]
						}
					}
				},
				"head": {
					"rotation": {
						"0.0": {
							"vector": [0, 47.5, 0]
						},
						"0.1667": {
							"vector": [0, 47.5, 0]
						},
						"0.2917": {
							"vector": [0, 47.5, 0]
						},
						"0.375": {
							"vector": [0, -35, 0]
						},
						"1.0": {
							"vector": [0, -35, 0]
						}
					}
				},
				"left_leg": {
					"rotation": {
						"0.0": {
							"vector": [0, 0, -5]
						},
						"0.1667": {
							"vector": [-19, 0, -5]
						},
						"0.2917": {
							"vector": [-19, 0, -5]
						},
						"0.375": {
							"vector": [11, 0, -5]
						},
						"1.0": {
							"vector": [11, 0, -5]
						}
					},
					"position": {
						"0.0": {
							"vector": [0, 0, 0]
						},
						"0.1667": {
							"vector": [0, 0, -2.13672]
						},
						"0.2917": {
							"vector": [0, 0, -2.13672]
						},
						"0.375": {
							"vector": [0, 0, -0.14]
						},
						"1.0": {
							"vector": [0, 0, -0.14]
						}
					}
				},
				"right_leg": {
					"rotation": {
						"0.0": {
							"vector": [0, 0, 0]
						},
						"0.1667": {
							"vector": [11, 0, 0]
						},
						"0.2917": {
							"vector": [11, 0, 0]
						},
						"0.375": {
							"vector": [-16.5, 0, 0]
						},
						"1.0": {
							"vector": [-16.5, 0, 0]
						}
					}
				},
				"rightItem": {
					"rotation": {
						"0.0": {
							"vector": [0, 0, 0]
						},
						"0.1667": {
							"vector": [14.08619, 17.07228, 3.90399]
						},
						"0.2917": {
							"vector": [14.08619, 17.07228, 3.90399]
						},
						"0.375": {
							"vector": [24.08619, 17.07228, 3.90399]
						},
						"1.0": {
							"vector": [24.08619, 17.07228, 3.90399]
						}
					},
					"position": {
						"0.0": {
							"vector": [0, 0, 0]
						},
						"0.1667": {
							"vector": [2.02344, 0.83594, 0]
						},
						"0.2917": {
							"vector": [2.02344, 0.83594, 0]
						},
						"0.375": {
							"vector": [0.02, 0.84, -2]
						},
						"1.0": {
							"vector": [0.02, 0.84, -2]
						}
					}
				}
			}
		}
	},
	"geckolib_format_version": 2
}