{
	"format_version": "1.8.0",
	"animations": {
		"kusa1": {
			"animation_length": 1.9583,
			"override_previous_animation": true,
			"bones": {
				"left_arm": {
					"rotation": {
						"0.0": {
							"vector": [-5, 0, 0]
						},
						"0.25": {
							"vector": [-19.69195, 30.57344, -47.0958]
						},
						"0.4167": {
							"vector": [-19.69195, 30.57344, -47.0958]
						},
						"0.5": {
							"vector": [-151.25656, 30.37918, -48.37419]
						},
						"1.25": {
							"vector": [-151.25656, 30.37918, -48.37419]
						},
						"1.4167": {
							"vector": [-15.89415, 36.14111, -2.4503]
						},
						"1.5417": {
							"vector": [2.75121, -12.33848, -27.24665]
						},
						"1.6667": {
							"vector": [2.75121, -12.33848, -27.24665]
						},
						"1.9583": {
							"vector": [0, 0, 0]
						}
					},
					"position": {
						"0.0": {
							"vector": [0, -0.19922, 0]
						},
						"0.5": {
							"vector": [-2.26172, -0.2, -3.30859]
						},
						"1.25": {
							"vector": [-2.26172, -0.2, -3.30859]
						},
						"1.4167": {
							"vector": [0.21562, -0.2, -0.74609]
						},
						"1.5417": {
							"vector": [-0.20109, -0.2, 2.30906]
						},
						"1.6667": {
							"vector": [-0.20109, -0.2, 2.30906]
						},
						"1.9583": {
							"vector": [0, 0, 0]
						}
					}
				},
				"rightItem": {
					"rotation": {
						"0.0": {
							"vector": [0, 0, 0]
						},
						"0.25": {
							"vector": [14.08619, 17.07228, 3.90399]
						},
						"0.4167": {
							"vector": [14.08619, 17.07228, 3.90399]
						},
						"0.5": {
							"vector": [59.08619, 17.07228, 3.90399]
						},
						"1.25": {
							"vector": [59.08619, 17.07228, 3.90399]
						},
						"1.5417": {
							"vector": [-39.17451, -25.14046, -24.76786]
						},
						"1.6667": {
							"vector": [-15.97388, -13.22212, -34.43616]
						},
						"1.9583": {
							"vector": [0, 0, 0]
						}
					},
					"position": {
						"0.0": {
							"vector": [0, 0, 0]
						},
						"0.25": {
							"vector": [2.02344, 0.83594, 0]
						},
						"0.4167": {
							"vector": [2.02344, 0.83594, 0]
						},
						"0.5": {
							"vector": [-0.57422, 0.83594, -1.85156]
						},
						"1.25": {
							"vector": [-0.57422, 0.83594, -1.85156]
						},
						"1.5417": {
							"vector": [-3.105, -3.21594, -5.10937]
						},
						"1.6667": {
							"vector": [-3.105, -3.21594, -2]
						},
						"1.9583": {
							"vector": [0, 0, 0]
						}
					}
				},
				"leftItem": {
					"rotation": {
						"1.5417": {
							"vector": [-9, 0, -12.5]
						},
						"1.6667": {
							"vector": [-9, 0, -12.5]
						},
						"1.9583": {
							"vector": [0, 0, 0]
						}
					},
					"position": {
						"0.0": {
							"vector": [0, -0.59766, 6.17578]
						},
						"1.5417": {
							"vector": [0, -0.24453, 0.73859]
						},
						"1.6667": {
							"vector": [0, -0.24453, 0.73859]
						},
						"1.9583": {
							"vector": [0, 0, 0]
						}
					}
				},
				"body": {
					"rotation": {
						"0.0": {
							"vector": [0, 0, 0]
						},
						"0.25": {
							"vector": [32.36889, -48.72206, -3.42241]
						},
						"0.4167": {
							"vector": [32.36889, -48.72206, -3.42241]
						},
						"0.5": {
							"vector": [-24.18896, 43.75906, -1.99426]
						},
						"1.25": {
							"vector": [-24.18896, 43.75906, -1.99426]
						},
						"1.5417": {
							"vector": [0, 0, 0]
						},
						"1.6667": {
							"vector": [0, 0, 0]
						},
						"1.9583": {
							"vector": [0, 0, 0]
						}
					},
					"position": {
						"0.0": {
							"vector": [0, 0, 0]
						},
						"0.25": {
							"vector": [-1.46094, 0, 0.64453]
						},
						"0.4167": {
							"vector": [-1.46094, 0, 0.64453]
						},
						"0.4583": {
							"vector": [-1.46, -1.06, -83.38]
						},
						"0.5": {
							"vector": [-1.46094, -2.12109, 84.59766]
						},
						"0.5833": {
							"vector": [-1.46094, -2.12109, -5.40234]
						},
						"1.25": {
							"vector": [-1.46094, -2.12109, -5.40234]
						},
						"1.5417": {
							"vector": [0, 0, 0]
						},
						"1.6667": {
							"vector": [0, 0, 0]
						},
						"1.9583": {
							"vector": [0, 0, 0]
						}
					},
					"scale": {
						"0.0": {
							"vector": [1, 1, 1]
						},
						"0.4167": {
							"vector": [1, 1, 1]
						},
						"0.4583": {"vector": [0, 0, 0]},
						"0.5": {"vector": [0, 0, 0]},
						"0.5417": {"vector": [1, 1, 1]}
					}
				},
				"right_arm": {
					"rotation": {
						"0.0": {
							"vector": [0, 0, 0]
						},
						"0.25": {
							"vector": [-156.17553, -1.56923, 119.37511]
						},
						"0.4167": {
							"vector": [-156.17553, -1.56923, 119.37511]
						},
						"0.5": {
							"vector": [-63.25526, 31.19784, 163.76645]
						},
						"1.25": {
							"vector": [-63.25526, 31.19784, 163.76645]
						},
						"1.5417": {
							"vector": [-129.77854, 17.50213, 111.4747]
						},
						"1.6667": {
							"vector": [-152.27854, 17.50213, 111.4747]
						},
						"1.9583": {
							"vector": [0, 0, 0]
						}
					},
					"position": {
						"0.0": {
							"vector": [0, 0, 0]
						},
						"0.25": {
							"vector": [3.99219, -1.23437, -6.02734]
						},
						"0.4167": {
							"vector": [3.99219, -1.23437, -6.02734]
						},
						"0.5": {
							"vector": [-2.23047, 0.35157, -1.03515]
						},
						"1.25": {
							"vector": [-2.23047, 0.35157, -1.03515]
						},
						"1.5417": {
							"vector": [1.78594, -1.23, -4.89]
						},
						"1.6667": {
							"vector": [1.78594, -1.23, -4.89]
						},
						"1.9583": {
							"vector": [0, 0, 0]
						}
					}
				},
				"head": {
					"rotation": {
						"0.0": {
							"vector": [0, 0, 0]
						},
						"0.25": {
							"vector": [27, 47.5, 0]
						},
						"0.4167": {
							"vector": [27, 47.5, 0]
						},
						"0.5": {
							"vector": [27.02513, -41.41703, -13.33134]
						},
						"1.25": {
							"vector": [10.37141, -43.52851, -7.18411]
						},
						"1.5417": {
							"vector": [7.5, 0, 0]
						},
						"1.6667": {
							"vector": [0, 0, 0]
						},
						"1.9583": {
							"vector": [0, 0, 0]
						}
					}
				},
				"left_leg": {
					"rotation": {
						"0.0": {
							"vector": [0, 0, 0]
						},
						"0.25": {
							"vector": [16, 0, -5]
						},
						"0.4167": {
							"vector": [16, 0, -5]
						},
						"0.5": {
							"vector": [80.71694, -10.54157, -4.67685]
						},
						"1.25": {
							"vector": [80.71694, -10.54157, -4.67685]
						},
						"1.5417": {
							"vector": [0, 0, 0]
						},
						"1.6667": {
							"vector": [0, 0, 0]
						},
						"1.9583": {
							"vector": [0, 0, 0]
						}
					},
					"position": {
						"0.25": {
							"vector": [0, 0, -0.13672]
						},
						"0.4167": {
							"vector": [0, 0, -0.13672]
						},
						"0.5": {
							"vector": [0, -0.83594, -1.45703]
						},
						"1.25": {
							"vector": [0, -0.83594, -1.45703]
						},
						"1.5417": {
							"vector": [0, 0, 0]
						},
						"1.9583": {
							"vector": [0, 0, 0]
						}
					}
				},
				"right_leg": {
					"rotation": {
						"0.0": {
							"vector": [0, 0, 0]
						},
						"0.25": {
							"vector": [-26.5, 0, 0]
						},
						"0.4167": {
							"vector": [-26.5, 0, 0]
						},
						"0.5": {
							"vector": [-1.80323, -2.66614, 16.25332]
						},
						"1.25": {
							"vector": [-1.80323, -2.66614, 16.25332]
						},
						"1.5417": {
							"vector": [0, 0, 0]
						},
						"1.6667": {
							"vector": [0, 0, 0]
						},
						"1.9583": {
							"vector": [0, 0, 0]
						}
					},
					"position": {
						"0.0": {
							"vector": [0, 0, 0]
						},
						"0.25": {
							"vector": [0, 3.21484, -3.48828]
						},
						"0.4167": {
							"vector": [0, 3.21484, -3.48828]
						},
						"0.5": {
							"vector": [0, 1.85938, -3.48828]
						},
						"1.25": {
							"vector": [0, 1.85938, -3.48828]
						},
						"1.5417": {
							"vector": [0, 0, 0]
						},
						"1.6667": {
							"vector": [0, 0, 0]
						},