{
	"format_version": "1.8.0",
	"animations": {
		"kusakaberun": {
			"animation_length": 0.4,
			"bones": {
				"body": {
					"rotation": {
						"vector": [10, 0, 0]
					},
					"position": {
						"vector": [0, -2, 1]
					}
				},
				"RotHead": {
					"rotation": {
						"vector": [-20, 0, 0]
					}
				},
				"bone": {
					"rotation": {
						"vector": [37.5, 0, 0]
					},
					"position": {
						"0.0": {
							"vector": [0, -3, -6]
						},
						"0.08": {
							"vector": [0, -2, -6]
						},
						"0.16": {
							"vector": [0, -3, -6]
						},
						"0.24": {
							"vector": [0, -2, -6]
						},
						"0.36": {
							"vector": [0, -3, -6]
						}
					}
				},
				"right_arm": {
					"rotation": {
						"vector": [-156.44498, 2.09638, 128.11949]
					},
					"position": {
						"vector": [1, -1, -1]
					}
				},
				"left_arm": {
					"rotation": {
						"vector": [17.41643, 2.11089, -4.5336]
					}
				},
				"right_leg": {
					"rotation": {
						"0.0": {
							"vector": [18.29, 0.18, 1.92]
						},
						"0.04": {
							"vector": [66.58997, 0.35106, 3.83763]
						},
						"0.12": {
							"vector": [49.54498, 0.17553, 1.91881]
						},
						"0.16": {
							"vector": [-33.97751, 0.08777, 0.95941]
						},
						"0.2": {
							"vector": [-57.5, 0, 0]
						},
						"0.28": {
							"vector": [-27.5, 0, 0]
						},
						"0.36": {
							"vector": [-10, 0, 0]
						},
						"0.4": {
							"vector": [18.29, 0.18, 1.92]
						}
					},
					"position": {
						"0.04": {
							"vector": [0, 0, 0]
						},
						"0.12": {
							"vector": [0, 0, -6]
						},
						"0.16": {
							"vector": [0, 3, -2]
						},
						"0.2": {
							"vector": [0, 0, 0]
						}
					}
				},
				"left_leg": {
					"rotation": {
						"0.0": {
							"vector": [-57.5, 0, 0]
						},
						"0.08": {
							"vector": [-27.5, 0, 0]
						},
						"0.16": {
							"vector": [-10, 0, 0]
						},
						"0.2": {
							"vector": [18.29, 0.18, 1.92]
						},
						"0.24": {
							"vector": [66.58997, -0.3511, -3.8376]
						},
						"0.32": {
							"vector": [49.54498, 0.17553, 1.91881]
						},
						"0.36": {
							"vector": [-33.97751, 0.08777, 0.95941]
						},
						"0.4": {
							"vector": [-57.5, 0, 0]
						}
					},
					"position": {
						"0.0": {
							"vector": [0, 0, 0]
						},
						"0.24": {
							"vector": [0, 0, 0]
						},
						"0.32": {
							"vector": [0, 0, -6]
						},
						"0.36": {
							"vector": [0, 3, -2]
						},
						"0.4": {
							"vector": [0, 0, 0]
						}
					}
				}
			}
		}
	},
	"geckolib_format_version": 2
}