{
	"format_version": "1.8.0",
	"animations": {
		"kusa5": {
			"animation_length": 2,
			"override_previous_animation": true,
			"bones": {
				"left_arm": {
					"rotation": {
						"0.0": {
							"vector": [-11.0783, -0.66308, -24.00952]
						},
						"0.1667": {
							"vector": [38.00341, 0.17361, -56.6855]
						},
						"0.2083": {
							"vector": [42.11766, -2.7047, -64.40311]
						},
						"0.25": {
							"vector": [2.75121, -12.33848, -27.24665]
						},
						"0.5417": {
							"vector": [2.75121, -12.33848, -27.24665]
						},
						"0.5833": {
							"vector": [18.98105, -25.93187, -42.37933]
						},
						"0.7917": {
							"vector": [18.98105, -25.93187, -42.37933]
						},
						"1.5833": {
							"vector": [2.75121, -12.33848, -27.24665]
						},
						"1.7083": {
							"vector": [2.75121, -12.33848, -27.24665]
						},
						"2.0": {
							"vector": [0, 0, 0]
						}
					},
					"position": {
						"0.0": {
							"vector": [0.42188, -0.2, 0.02469]
						},
						"0.25": {
							"vector": [-0.20109, -0.2, 2.30906]
						},
						"0.5417": {
							"vector": [-0.20109, -0.2, 2.30906]
						},
						"0.5833": {
							"vector": [-0.20109, -0.2, 2.30906]
						},
						"0.7917": {
							"vector": [-0.20109, -0.2, 2.30906]
						},
						"1.5833": {
							"vector": [-0.20109, -0.2, 2.30906]
						},
						"1.7083": {
							"vector": [-0.20109, -0.2, 2.30906]
						},
						"2.0": {
							"vector": [0, 0, 0]
						}
					}
				},
				"leftItem": {
					"rotation": {
						"0.0": {
							"vector": [0, 0, 0]
						},
						"0.1667": {
							"vector": [-6.38198, -19.8858, -6.15455]
						},
						"0.25": {
							"vector": [-9, 0, -12.5]
						},
						"0.5417": {
							"vector": [-9, 0, -12.5]
						},
						"0.5833": {
							"vector": [-9, 0, -12.5]
						},
						"0.7917": {
							"vector": [-9, 0, -12.5]
						},
						"1.5833": {
							"vector": [-9, 0, -12.5]
						},
						"1.7083": {
							"vector": [-9, 0, -12.5]
						},
						"2.0": {
							"vector": [0, 0, 0]
						}
					},
					"position": {
						"0.0": {
							"vector": [0, -0.59766, 6.17578]
						},
						"0.1667": {
							"vector": [-3.65234, -0.35, -0.16562]
						},
						"0.25": {
							"vector": [0, -0.24453, 0.73859]
						},
						"0.5417": {
							"vector": [0, -0.24453, 0.73859]
						},
						"0.5833": {
							"vector": [0, -0.24453, 0.73859]
						},
						"0.7917": {
							"vector": [0, -0.24453, 0.73859]
						},
						"1.5833": {
							"vector": [0, -0.24453, 0.73859]
						},
						"1.7083": {
							"vector": [0, -0.24453, 0.73859]
						},
						"2.0": {
							"vector": [0, 0, 0]
						}
					}
				},
				"body": {
					"rotation": {
						"0.0": {
							"vector": [22.42791, -33.4811, -5.35941]
						},
						"0.25": {
							"vector": [28.46395, -46.42548, 3.35981]
						},
						"0.5417": {
							"vector": [28.46395, -46.42548, 3.35981]
						},
						"0.5833": {
							"vector": [15.69144, 46.04712, -3.44259]
						},
						"0.7917": {
							"vector": [15.69144, 46.04712, -3.44259]
						},
						"1.5833": {
							"vector": [0, 0, 0]
						},
						"1.7083": {
							"vector": [0, 0, 0]
						},
						"2.0": {
							"vector": [0, 0, 0]
						}
					},
					"position": {
						"0.0": {
							"vector": [-1.46094, 0, 0.64453]
						},
						"0.5417": {
							"vector": [-1.46094, 0, 0.64453]
						},
						"0.5833": {
							"vector": [2.54, 0, 0.64]
						},
						"0.7917": {
							"vector": [2.54, 0, 0.64]
						},
						"1.5833": {
							"vector": [0, 0, 0]
						},
						"1.7083": {
							"vector": [0, 0, 0]
						},
						"2.0": {
							"vector": [0, 0, 0]
						}
					}
				},
				"right_arm": {
					"rotation": {
						"0.0": {
							"vector": [-162.69267, 25.47857, 128.80267]
						},
						"0.1667": {
							"vector": [-105.93341, 25.47857, 128.80267]
						},
						"0.25": {
							"vector": [-152.27854, 17.50213, 111.4747]
						},
						"0.5417": {
							"vector": [-152.27854, 17.50213, 111.4747]
						},
						"0.5833": {
							"vector": [-45.80461, 17.92261, 91.65923]
						},
						"0.7917": {
							"vector": [-45.80461, 17.92261, 91.65923]
						},
						"0.9583": {
							"vector": [-144.01, -2.60282, 51.21059]
						},
						"1.0": {
							"vector": [-3.16878, -5.25293, 51.34937]
						},
						"1.125": {
							"vector": [-3.16878, -5.25293, 51.34937]
						},
						"1.5833": {
							"vector": [-129.77854, 17.50213, 111.4747]
						},
						"1.7083": {
							"vector": [-152.27854, 17.50213, 111.4747]
						},
						"2.0": {
							"vector": [0, 0, 0]
						}
					},
					"position": {
						"0.0": {
							"vector": [0.45484, -0.23, -4.88937]
						},
						"0.1667": {
							"vector": [-0.07094, -0.93, -4.89]
						},
						"0.25": {
							"vector": [1.78594, -1.23, -4.89]
						},
						"0.5417": {
							"vector": [1.78594, -1.23, -4.89]
						},
						"0.5833": {
							"vector": [-1.21406, -1.23, 0.11]
						},
						"0.7917": {
							"vector": [-1.21406, -1.23, 0.11]
						},
						"0.9583": {
							"vector": [0.22, -1.24, -1.62]
						},
						"1.0": {
							"vector": [-0.21, -1.25, -0.01]
						},
						"1.125": {
							"vector": [-0.21, -1.25, -0.01]
						},
						"1.5833": {
							"vector": [1.78594, -1.23, -4.89]
						},
						"1.7083": {
							"vector": [1.78594, -1.23, -4.89]
						},
						"2.0": {
							"vector": [0, 0, 0]
						}
					}
				},
				"head": {
					"rotation": {
						"0.0": {
							"vector": [0, 33.5, 0]
						},
						"0.25": {
							"vector": [18.39703, 30.65824, -1.13496]
						},
						"0.5417": {
							"vector": [18.39703, 30.65824, -1.13496]
						},
						"0.5833": {
							"vector": [0, -52.5, 0]
						},
						"0.7917": {
							"vector": [0, -52.5, 0]
						},
						"1.5833": {
							"vector": [7.5, 0, 0]
						},
						"1.7083": {
							"vector": [0, 0, 0]
						},
						"2.0": {
							"vector": [0, 0, 0]
						}
					},
					"position": {
						"vector": [0, 0, 0]
					}
				},
				"left_leg": {
					"rotation": {
						"0.0": {
							"vector": [11, 0, -5]
						},
						"0.25": {
							"vector": [19, 0, -5]
						},
						"0.5417": {
							"vector": [19, 0, -5]
						},
						"0.5833": {
							"vector": [19, 0, -5]
						},
						"0.7917": {
							"vector": [19, 0, -5]
						},
						"1.5833": {
							"vector": [0, 0, 0]
						},
						"1.7083": {
							"vector": [0, 0, 0]
						},
						"2.0": {
							"vector": [0, 0, 0]
						}
					},
					"position": {
						"0.0": {
							"vector": [0, 0, -0.14]
						},
						"2.0": {
							"vector": [0, 0, 0]
						}
					}
				},
				"right_leg": {
					"rotation": {
						"0.0": {
							"vector": [-23.81761, 3.04325, 6.85805]
						},
						"0.25": {
							"vector": [-27.81756, -3.04373, -4.63425]
						},
						"0.5417": {
							"vector": [-27.81756, -3.04373, -4.63425]
						},
						"0.5833": {
							"vector": [-27.0432, 7.42764, 15.3233]
						},
						"0.7917": {
							"vector": [-27.0432, 7.42764, 15.3233]
						},
						"1.5833": {
							"vector": [0, 0, 0]
						},
						"1.7083": {
							"vector": [0, 0, 0]
						},
						"2.0": {
							"vector": [0, 0, 0]
						}
					},
					"position": {
						"0.0": {
							"vector": [0, 1, -3]
						},
						"0.7917": {
							"vector": [0, 1.38, -3.14]
						},
						"1.5833": {
							"vector": [0, 0, 0]
						},
						"1.7083": {
							"vector": [0, 0, 0]
						},
						"2.0": {
							"vector": [0, 0, 0]
						}
					}
				},
				"rightItem": {
					"rotation": {
						"0.0": {
							"vector": [-170.26799, -4.41833, -170.95022]
						},
						"0.1667": {
							"vector": [-100.15226, 24.92838, -161.05015]
						},
						"0.25": {
							"vector": [-15.97388, -13.22212, -34.43616]
						},
						"0.5417": {
							"vector": [-15.97388, -13.22212, -34.43616]
						},
						"0.5833": {
							"vector": [29.67007, 6.77215, 3.98432]
						},
						"0.7917": {
							"vector": [29.67007, 6.77215, 3.98432]
						},