{
	"format_version": "1.8.0",
	"animations": {
		"kusa6": {
			"animation_length": 1,
			"override_previous_animation": true,
			"bones": {
				"right_arm": {
					"rotation": {
						"0.0": {
							"vector": [26.11031, 29.77276, 55.10374]
						},
						"0.1667": {
							"vector": [-131.23367, -11.93671, 134.84471]
						},
						"0.4583": {
							"vector": [-131.23367, -11.93671, 134.84471]
						},
						"0.5": {
							"vector": [-117.43272, -3.36827, 96.50489]
						},
						"0.5417": {
							"vector": [-17.97398, 13.58202, 86.39248]
						},
						"0.875": {
							"vector": [-17.97398, 13.58202, 86.39248]
						},
						"1.0": {
							"vector": [26.11031, 29.77276, 55.10374]
						}
					},
					"position": {
						"0.0": {
							"vector": [0, 0, 0]
						},
						"0.1667": {
							"vector": [3.09375, -1, -5.28516]
						},
						"0.4583": {
							"vector": [3.09375, -1, -5.28516]
						},
						"0.5417": {
							"vector": [-1, 0, -0.82422]
						},
						"0.875": {
							"vector": [-1, 0, -0.82422]
						},
						"1.0": {
							"vector": [0, 0, 0]
						}
					}
				},
				"rightItem": {
					"rotation": {
						"0.0": {
							"vector": [10.03742, 4.92385, 0.87038]
						},
						"0.1667": {
							"vector": [-8.15, -32.1033, -27.64034]
						},
						"0.4583": {
							"vector": [-8.15, -32.1033, -27.64034]
						},
						"0.5": {
							"vector": [-20.87166, -3.45858, 15.98287]
						},
						"0.5417": {
							"vector": [10.03742, 4.92385, 0.87038]
						},
						"0.875": {
							"vector": [10.03742, 4.92385, 0.87038]
						},
						"1.0": {
							"vector": [10.03742, 4.92385, 0.87038]
						}
					},
					"position": {
						"0.0": {
							"vector": [0, 0, 0]
						},
						"0.1667": {
							"vector": [-3.13281, -0.98047, 0]
						},
						"0.4583": {
							"vector": [-3.13281, -0.98047, 0]
						},
						"0.5417": {
							"vector": [0.86719, -0.53516, 0]
						},
						"0.875": {
							"vector": [0.86719, -0.53516, 0]
						},
						"1.0": {
							"vector": [0, 0, 0]
						}
					}
				},
				"body": {
					"rotation": {
						"0.0": {
							"vector": [0, 0, 0]
						},
						"0.1667": {
							"vector": [12.5, -45, 0]
						},
						"0.4583": {
							"vector": [7.80557, -50.80621, 6.022]
						},
						"0.5": {
							"vector": [10.88618, 10.0022, 4.06915]
						},
						"0.5417": {
							"vector": [30.6632, 51.34493, 16.12518]
						},
						"0.875": {
							"vector": [30.6632, 51.34493, 16.12518]
						},
						"1.0": {
							"vector": [0, 0, 0]
						}
					},
					"position": {
						"0.0": {
							"vector": [0, 0, 0]
						},
						"0.1667": {
							"vector": [0, -2, 0]
						},
						"0.4583": {
							"vector": [0, -2, 0]
						},
						"0.5": {
							"vector": [0, -1, 0]
						},
						"0.5417": {
							"vector": [0, 0, 0]
						},
						"0.875": {
							"vector": [0, 0, 0]
						},
						"1.0": {
							"vector": [0, 0, 0]
						}
					}
				},
				"left_arm": {
					"rotation": {
						"0.0": {
							"vector": [0, 0, 0]
						},
						"0.1667": {
							"vector": [-43.76501, 9.93191, -14.48174]
						},
						"0.4583": {
							"vector": [-43.76501, 9.93191, -14.48174]
						},
						"0.5": {
							"vector": [0.46551, 5.78988, -26.60284]
						},
						"0.5417": {
							"vector": [-30.04345, -0.43888, -37.45764]
						},
						"0.875": {
							"vector": [-30.04345, -0.43888, -37.45764]
						},
						"1.0": {
							"vector": [0, 0, 0]
						}
					},
					"position": {
						"0.0": {
							"vector": [0, 0, 0]
						},
						"0.1667": {
							"vector": [-1.88281, 0, -1.42969]
						},
						"0.4583": {
							"vector": [-1.88281, 0, -1.42969]
						},
						"0.5": {
							"vector": [-0.88, 0, 0.57]
						},
						"0.5417": {
							"vector": [0.12, 0, 0.57]
						},
						"0.875": {
							"vector": [0.12, 0, 0.57]
						},
						"1.0": {
							"vector": [0, 0, 0]
						}
					}
				},
				"head": {
					"rotation": {
						"0.0": {
							"vector": [0, 0, 0]
						},
						"0.1667": {
							"vector": [20, 37.5, 0]
						},
						"0.4583": {
							"vector": [7.5, 47.5, 0]
						},
						"0.5417": {
							"vector": [0, -50, 0]
						},
						"0.875": {
							"vector": [0, -50, 0]
						},
						"1.0": {
							"vector": [0, 0, 0]
						}
					}
				},
				"right_leg": {
					"rotation": {
						"0.0": {
							"vector": [0, 0, 0]
						},
						"0.1667": {
							"vector": [30, 0, 0]
						},
						"0.4583": {
							"vector": [30, 0, 0]
						},
						"0.5417": {
							"vector": [-27.46271, 0.86717, 4.92442]
						},
						"0.875": {
							"vector": [-27.46271, 0.86717, 4.92442]
						},
						"1.0": {
							"vector": [0, 0, 0]
						}
					},
					"position": {
						"0.0": {
							"vector": [0, 0, 0]
						},
						"0.1667": {
							"vector": [0, 0, 0]
						},
						"0.4583": {
							"vector": [0, 0, 0]
						},
						"0.5417": {
							"vector": [0, 1, -2.73437]
						},
						"0.875": {
							"vector": [0, 1, -2.73437]
						},
						"1.0": {
							"vector": [0, 0, 0]
						}
					}
				},
				"left_leg": {
					"rotation": {
						"0.0": {
							"vector": [0, 0, 0]
						},
						"0.1667": {
							"vector": [-22.5, 0, 0]
						},
						"0.4583": {
							"vector": [-22.5, 0, 0]
						},
						"0.5": {
							"vector": [-2.80181, -0.24503, -10.61901]
						},
						"0.5417": {
							"vector": [12.5, 0, -10]
						},
						"0.875": {
							"vector": [12.5, 0, -10]
						},
						"1.0": {
							"vector": [0, 0, 0]
						}
					},
					"position": {
						"0.0": {
							"vector": [0, 0, 0]
						},
						"0.1667": {
							"vector": [0, 3, -4]
						},
						"0.4583": {
							"vector": [0, 3, -4]
						},
						"0.5": {
							"vector": [0, 1, -4]
						},
						"0.5417": {
							"vector": [0, 1, 0]
						},
						"0.875": {
							"vector": [0, 1, 0]
						},
						"1.0": {
							"vector": [0, 0, 0]
						}
					}
				}
			}
		}
	},
	"geckolib_format_version": 2
}