{
	"format_version": "1.8.0",
	"animations": {
		"kusa4": {
			"animation_length": 0.9583,
			"override_previous_animation": true,
			"bones": {
				"left_arm": {
					"rotation": {
						"0.0": {
							"vector": [34.57648, -33.79949, -60.78796]
						},
						"0.2083": {
							"vector": [34.57648, -33.79949, -60.78796]
						},
						"0.2917": {
							"vector": [-11.0783, -0.66308, -24.00952]
						},
						"0.9583": {
							"vector": [-11.0783, -0.66308, -24.00952]
						}
					},
					"position": {
						"0.0": {
							"vector": [1, -0.2, 1.47]
						},
						"0.2083": {
							"vector": [1, -0.2, 1.47]
						},
						"0.2917": {
							"vector": [0.42188, -0.2, 0.02469]
						},
						"0.9583": {
							"vector": [0.42188, -0.2, 0.02469]
						}
					}
				},
				"leftItem": {
					"position": {
						"0.0": {
							"vector": [0, -0.59766, 6.17578]
						},
						"0.2083": {
							"vector": [0, -0.59766, 6.17578]
						},
						"0.2917": {
							"vector": [0, -0.59766, 6.17578]
						},
						"0.9583": {
							"vector": [0, -0.59766, 6.17578]
						}
					}
				},
				"body": {
					"rotation": {
						"0.0": {
							"vector": [7.73919, 30.92629, 6.05886]
						},
						"0.2083": {
							"vector": [12.98292, 61.4402, 14.40051]
						},
						"0.2917": {
							"vector": [22.42791, -33.4811, -5.35941]
						},
						"0.9583": {
							"vector": [22.42791, -33.4811, -5.35941]
						}
					},
					"position": {
						"0.0": {
							"vector": [-1.46094, 0, 0.64453]
						},
						"0.2083": {
							"vector": [-1.46094, 0, 0.64453]
						},
						"0.2917": {
							"vector": [-1.46094, 0, 0.64453]
						},
						"0.9583": {
							"vector": [-1.46094, 0, 0.64453]
						}
					}
				},
				"right_arm": {
					"rotation": {
						"0.0": {
							"vector": [-5.48147, -10.55784, 98.70625]
						},
						"0.2083": {
							"vector": [-5.43331, 7.36189, 97.00066]
						},
						"0.2917": {
							"vector": [-162.69267, 25.47857, 128.80267]
						},
						"0.9583": {
							"vector": [-162.69267, 25.47857, 128.80267]
						}
					},
					"position": {
						"0.0": {
							"vector": [-1.01, -0.23, -0.03]
						},
						"0.2083": {
							"vector": [-1.01, -0.23, -0.03]
						},
						"0.2917": {
							"vector": [0.45484, -0.23, -4.88937]
						},
						"0.9583": {
							"vector": [0.45484, -0.23, -4.88937]
						}
					}
				},
				"head": {
					"rotation": {
						"0.0": {
							"vector": [0, -35, 0]
						},
						"0.2083": {
							"vector": [0, -54, 0]
						},
						"0.2917": {
							"vector": [0, 33.5, 0]
						},
						"0.9583": {
							"vector": [0, 33.5, 0]
						}
					}
				},
				"left_leg": {
					"rotation": {
						"0.0": {
							"vector": [11, 0, -5]
						},
						"0.2083": {
							"vector": [11, 0, -5]
						},
						"0.2917": {
							"vector": [11, 0, -5]
						},
						"0.9583": {
							"vector": [11, 0, -5]
						}
					},
					"position": {
						"0.0": {
							"vector": [0, 0, -0.14]
						},
						"0.2083": {
							"vector": [0, 0, -0.14]
						},
						"0.2917": {
							"vector": [0, 0, -0.14]
						},
						"0.9583": {
							"vector": [0, 0, -0.14]
						}
					}
				},
				"right_leg": {
					"rotation": {
						"0.0": {
							"vector": [-16.5, 0, 0]
						},
						"0.2083": {
							"vector": [-16.5, 0, 0]
						},
						"0.2917": {
							"vector": [-23.81761, 3.04325, 6.85805]
						},
						"0.9583": {
							"vector": [-23.81761, 3.04325, 6.85805]
						}
					},
					"position": {
						"0.0": {
							"vector": [0, 0, 0]
						},
						"0.2083": {
							"vector": [0, 0, 0]
						},
						"0.2917": {
							"vector": [0, 1, -3]
						},
						"0.9583": {
							"vector": [0, 1, -3]
						}
					}
				},
				"rightItem": {
					"rotation": {
						"0.0": {
							"vector": [24.08619, 17.07228, 3.90399]
						},
						"0.125": {
							"vector": [-115.99347, 16.18787, -145.67956]
						},
						"0.2083": {
							"vector": [-174.76567, -3.049, -158.1744]
						},
						"0.2917": {
							"vector": [-170.26799, -4.41833, -170.95022]
						},
						"0.9583": {
							"vector": [-170.26799, -4.41833, -170.95022]
						}
					},
					"position": {
						"0.0": {
							"vector": [0.02, 0.84, -2]
						},
						"0.2083": {
							"vector": [0.02, 0.84, -2]
						},
						"0.2917": {
							"vector": [0.02, 0.11734, -2]
						},
						"0.9583": {
							"vector": [0.02, 0.11734, -2]
						}
					}
				}
			}
		}
	},
	"geckolib_format_version": 2
}