{
	"format_version": "1.8.0",
	"animations": {
		"makimaone": {
			"animation_length": 2,
			"override_previous_animation": true,
			"bones": {
				"torso": {
					"rotation": {
						"0.0": {
							"vector": [0, -10, 0]
						},
						"1.0": {
							"vector": [0, 7.5, 0]
						},
						"2.0": {
							"vector": [0, 0, 0]
						}
					}
				},
				"right_arm": {
					"rotation": {
						"0.0": {
							"vector": [-49.99141, -17.58512, -89.85893]
						},
						"0.5": {
							"vector": [-104.66754, -40.99638, 2.09629]
						},
						"1.0": {
							"vector": [-73.25198, -40.31501, -44.59916]
						},
						"1.5": {
							"vector": [-47.40513, -25.10778, -96.94084]
						},
						"2.0": {
							"vector": [-44.1807, -0.51288, -79.26671]
						}
					}
				},
				"left_arm": {
					"rotation": {
						"0.0": {
							"vector": [-101.38158, 39.85871, -35.25174]
						},
						"0.5": {
							"vector": [-140.65999, 25.98293, -73.97223]
						},
						"1.0": {
							"vector": [-131.14278, -2.17165, -110.29813]
						},
						"1.5": {
							"vector": [-126.38158, 39.85871, -35.25174]
						},
						"2.0": {
							"vector": [-123.96029, 19.05631, -75.48859]
						}
					}
				},
				"right_leg": {
					"rotation": {
						"0.0": {
							"vector": [10, 0, 0]
						},
						"1.0": {
							"vector": [-10, 0, 0]
						},
						"2.0": {
							"vector": [0, 0, 0]
						}
					}
				},
				"left_leg": {
					"rotation": {
						"0.0": {
							"vector": [-10, 0, 0]
						},
						"1.0": {
							"vector": [0, 0, 0]
						},
						"2.0": {
							"vector": [0, 0, 0]
						}
					}
				}
			}
		}
	}
}