{
	"format_version": "1.8.0",
	"animations": {
		"maximum3": {
			"animation_length": 4.5417,
			"override_previous_animation": true,
			"bones": {
				"body": {
					"rotation": {
						"0.0": [15.98334, -29.09818, -1.05331],
						"0.1042": [19.34008, -43.40472, -6.6828],
						"0.1875": [19.34008, -43.40472, -6.6828],
						"0.7396": [10, 0, 0],
						"3.9896": [10, 0, 0],
						"4.4583": [0, 0, 0],
						"4.5417": [0, 0, 0]
					},
					"position": {
						"0.0": [0, -0.99141, 0],
						"0.7396": [0, -0.99, 4],
						"3.9896": [0, -0.99, 4],
						"4.4583": [0, 0, 0],
						"4.5417": [0, 0, 0]
					}
				},
				"left_arm": {
					"rotation": {
						"0.0": [-109.78333, 79.13801, -22.38016],
						"0.1042": [-94.25376, 30.69571, -5.09884],
						"0.1875": [-94.25376, 30.69571, -5.09884],
						"0.2813": [-153.30925, 54.83052, -38.59442],
						"0.3646": [-153.30925, 54.83052, -38.59442],
						"0.4583": [-122.22104, 36.22503, -16.47695],
						"0.5417": [-122.22104, 36.22503, -16.47695],
						"0.6354": [-111.17197, 45.64971, -1.01479],
						"0.7396": [-87.8493, 8.33333, 32.17847],
						"3.9896": [-87.8493, 8.33333, 32.17847],
						"4.4583": [0, 0, 0],
						"4.5417": [0, 0, 0]
					},
					"position": {
						"0.0": [-2.97656, 0, -1.95703],
						"0.7396": [-1.48, 0, -1.96],
						"3.9896": [-1.48, 0, -1.96],
						"4.4583": [0, 0, 0],
						"4.5417": [0, 0, 0]
					}
				},
				"right_arm": {
					"rotation": {
						"0.0": [-90.48993, 24.48049, 10.95714],
						"0.1042": [-108.47023, -18.51814, 11.30951],
						"0.1875": [-108.47023, -18.51814, 11.30951],
						"0.2813": [-113.11257, -12.07717, 28.75109],
						"0.3646": [-113.11257, -12.07717, 28.75109],
						"0.4583": [-134.11257, -12.07717, 28.75109],
						"0.5417": [-134.11257, -12.07717, 28.75109],
						"0.6354": [-109.4072, -23.18338, 44.08233],
						"0.7396": [-145.09864, -33.90763, 55.93123],
						"3.9896": [-145.09864, -33.90763, 55.93123],
						"4.4583": [0, 0, 0],
						"4.5417": [0, 0, 0]
					},
					"position": {
						"0.0": [0, 0, 0.16016],
						"0.4583": [0, -1.13281, 0.16],
						"0.5417": [0, -1.13281, 0.16],
						"0.7396": [0, -1.13, -0.72281],
						"3.9896": [0, -1.13, -0.72281],
						"4.4583": [0, 0, 0],
						"4.5417": [0, 0, 0]
					}
				},
				"right_leg": {
					"rotation": {
						"0.0": [9.43497, -5.45526, 11.81794],
						"0.2292": [19.43497, -5.45526, 11.81794],
						"0.5104": [20.15465, -0.34954, -2.3093],
						"3.9896": [20.15465, -0.34954, -2.3093],
						"4.4583": [0, 0, 0],
						"4.5417": [0, 0, 0]
					},
					"position": {
						"0.0": [0, 0, 0],
						"3.9896": [0, 0, 0],
						"4.4583": [0, 0, 0],
						"4.5417": [0, 0, 0]
					}
				},
				"left_leg": {
					"rotation": {
						"0.0": [-11.43438, -5.42328, -6.87723],
						"0.2292": [-23.26138, -5.42328, -6.87723],
						"0.5104": [-2.36639, -5.42328, -6.87723],
						"0.7396": [-8.93438, -5.42328, -6.87723],
						"3.9896": [-8.93438, -5.42328, -6.87723],
						"4.4583": [0, 0, 0],
						"4.5417": [0, 0, 0]
					},
					"position": {
						"0.0": [0, 1.56453, -3.06781],
						"3.9896": [0, 1.56453, -3.06781],
						"4.4583": [0, 0, 0],
						"4.5417": [0, 0, 0]
					}
				},
				"head": {
					"rotation": {
						"0.0": [0, 25, 0],
						"0.1042": [6.411, 31.95913, 0.86031],
						"0.1875": [6.411, 31.95913, 0.86031],
						"0.7396": [-7.0571, -2.86628, -2.81634],
						"3.9896": [-7.0571, -2.86628, -2.81634],
						"4.4583": [0, 0, 0],
						"4.5417": [0, 0, 0]
					}
				}
			}
		}
	}
}