{
	"format_version": "1.8.0",
	"animations": {
		"nozarashishikai": {
			"animation_length": 13,
			"bones": {
				"body": {
					"rotation": {
						"0.0": {
							"vector": [0, 0, 0]
						},
						"1.5": {
							"vector": [0, 0, 0]
						},
						"2.0417": {
							"vector": [55, 0, 0]
						},
						"7.5": {
							"vector": [5, 0, 0]
						},
						"8.0": {
							"vector": [60.74725, 45.7935, 66.30809]
						},
						"9.0": {
							"vector": [-0.58198, 69.9159, -2.47087]
						},
						"9.25": {
							"vector": [54.32574, 54.25023, 57.95696]
						},
						"9.5": {
							"vector": [-19.03068, 68.87416, -22.11028]
						},
						"9.6667": {
							"vector": [-42.90134, 62.28151, -48.20781]
						},
						"10.0": {
							"vector": [-39.28686, -0.59976, 12.48356]
						},
						"10.5": {
							"vector": [0, 0, 0]
						}
					},
					"position": {
						"0.0": {
							"vector": [0, 0, 0]
						},
						"1.5": {
							"vector": [0, 0, 0]
						},
						"2.0417": {
							"vector": [0, 0, 0]
						},
						"5.0": {
							"vector": [0, 0, 69]
						},
						"7.5": {
							"vector": [0, 40, 0]
						},
						"8.0": {
							"vector": [0, 30, 0]
						},
						"13.0": {
							"vector": [0, 0, 0]
						}
					},
					"scale": {
						"0.0": {
							"vector": [1, 1, 1]
						},
						"1.5": {
							"vector": [1, 1, 1]
						},
						"2.25": {
							"vector": [0, 0, 0]
						},
						"5.0": {
							"vector": [0, 0, 0]
						},
						"7.5": {
							"vector": [1, 1, 1]
						}
					}
				},
				"torso": {
					"rotation": {
						"0.0": {
							"vector": [0, 0, 0]
						},
						"1.5": {
							"vector": [0, 0, 0]
						},
						"7.5": {
							"vector": [0, 25, 0]
						},
						"9.5833": {
							"vector": [0, 0, 0]
						},
						"10.0": {
							"vector": [0, -27.5, 0]
						},
						"11.0": {
							"vector": [0, 0, 0]
						}
					}
				},
				"head": {
					"rotation": {
						"0.0": {
							"vector": [0, 0, 0]
						},
						"1.5": {
							"vector": [0, 0, 0]
						},
						"7.5": {
							"vector": [-15, -30, 0]
						},
						"8.0": {
							"vector": [-67.5586, -67.03224, 25.23587]
						},
						"9.0": {
							"vector": [-40.0586, -67.03224, 25.23587]
						},
						"9.5833": {
							"vector": [-52.97526, -67.03224, 25.23587]
						},
						"10.0": {
							"vector": [-25.89887, -46.768, -2.99702]
						},
						"11.0": {
							"vector": [18.26165, -2.91106, 6.26411]
						},
						"13.0": {
							"vector": [3.39792, -3.52316, 3.83636]
						}
					}
				},
				"right_arm": {
					"rotation": {
						"0.0": {
							"vector": [-115, 0, 0]
						},
						"1.2917": {
							"vector": [-12.5, 0, 0]
						},
						"1.5": {
							"vector": [-115, 0, 0]
						},
						"2.0417": {
							"vector": [-30, 0, 0]
						},
						"7.5": {
							"vector": [-99.35138, -32.06817, 72.4785]
						},
						"9.0": {
							"vector": [33.39416, -28.21544, 20.12505]
						},
						"9.5": {
							"vector": [-76.96059, -49.2678, 30.48456]
						},
						"9.5417": {
							"vector": [-108.70118, -42.48604, 60.87298]
						},
						"9.5833": {
							"vector": [-65.49839, 6.9308, 8.03744]
						},
						"10.0": {
							"vector": [-57.55162, -71.62333, -78.54938]
						},
						"11.0": {
							"vector": [5.39812, -30.27927, 7.32999]
						},
						"13.0": {
							"vector": [-119.82093, -8.59833, -30.9124]
						}
					},
					"position": {
						"0.0": {
							"vector": [0, 0, 0]
						},
						"10.0": {
							"vector": [2, 0, -4.1]
						},
						"11.0": {
							"vector": [0, 0, 0]
						}
					}
				},
				"left_arm": {
					"rotation": {
						"0.0": {
							"vector": [0, 0, -12.5]
						},
						"1.2917": {
							"vector": [0, 0, 2.5]
						},
						"1.5": {
							"vector": [0, 0, -12.5]
						},
						"7.5": {
							"vector": [-75.76747, 53.05767, -21.06314]
						},
						"9.0": {
							"vector": [-103.26747, 53.05767, -21.06314]
						},
						"9.5833": {
							"vector": [-88.26747, 53.05767, -21.06314]
						},
						"10.0": {
							"vector": [-8.36872, 18.61304, -13.07898]
						}
					},
					"position": {
						"0.0": {
							"vector": [0, 0, 0]
						},
						"1.5": {
							"vector": [0, 0, 0]
						},
						"5.0": {
							"vector": [0, 0, 0]
						},
						"7.5": {
							"vector": [0, 0, -1]
						}
					}
				},
				"right_leg": {
					"rotation": {
						"0.0": {
							"vector": [0, 0, 7.5]
						},
						"1.5": {
							"vector": [0, 0, 7.5]
						},
						"2.0417": {
							"vector": [-75, 0, 7.5]
						},
						"7.5": {
							"vector": [47.5, 0, 7.5]
						},
						"8.0": {
							"vector": [12.5, 0, 7.5]
						}
					}
				},
				"left_leg": {
					"rotation": {
						"0.0": {
							"vector": [7.5, 0, 0]
						},
						"1.2917": {
							"vector": [-5, 0, 0]
						},
						"1.5": {
							"vector": [7.5, 0, 0]
						},
						"2.0417": {
							"vector": [-22.5, 0, 0]
						},
						"7.5": {
							"vector": [-35, 0, 0]
						},
						"8.0": {
							"vector": [-12.5, 0, 0]
						}
					}
				}
			}
		}
	},
	"geckolib_format_version": 2
}