{
	"format_version": "1.8.0",
	"animations": {
		"nyoi6": {
			"animation_length": 0.75,
			"override_previous_animation": true,
			"bones": {
				"body": {
					"rotation": {
						"0.0": {
							"vector": [11.86324, 7.01136, 0.58793]
						},
						"0.1875": {
							"vector": [6.65499, 49.34017, 5.11238]
						},
						"0.2708": {
							"vector": [-0.72562, -55.11945, -8.09256]
						},
						"0.7292": {
							"vector": [-0.72562, -55.11945, -8.09256]
						}
					}
				},
				"left_arm": {
					"rotation": {
						"0.0": {
							"vector": [-70.42233, 37.80015, -14.62791]
						},
						"0.1875": {
							"vector": [-70.42233, 37.80015, -14.62791]
						},
						"0.2708": {
							"vector": [-142.1814, 32.05482, -4.63044]
						},
						"0.7292": {
							"vector": [-142.1814, 32.05482, -4.63044]
						}
					},
					"position": {
						"0.0": {
							"vector": [-1.64844, 0, -3.67578]
						},
						"0.1875": {
							"vector": [-1.64844, 0, -3.67578]
						},
						"0.2708": {
							"vector": [1.34609, -4.72266, 0.74578]
						},
						"0.7292": {
							"vector": [1.34609, -4.72266, 0.74578]
						}
					}
				},
				"right_arm": {
					"rotation": {
						"0.0": {
							"vector": [-52.68472, -23.70435, 32.32504]
						},
						"0.1875": {
							"vector": [-73.75981, -35.72014, 54.34161]
						},
						"0.2708": {
							"vector": [-71.85932, 3.7328, 98.61041]
						},
						"0.7292": {
							"vector": [-71.85932, 3.7328, 98.61041]
						}
					},
					"position": {
						"0.0": {
							"vector": [0, 0, 0]
						},
						"0.1875": {
							"vector": [0, 0, 0]
						},
						"0.2708": {
							"vector": [-2, 0, 0]
						},
						"0.7292": {
							"vector": [-2, 0, 0]
						}
					}
				},
				"head": {
					"rotation": {
						"0.0": {
							"vector": [-10, -5, 0]
						},
						"0.1875": {
							"vector": [-4.08714, -52.43426, 3.0237]
						},
						"0.2708": {
							"vector": [-3.87066, 49.93082, -3.18199]
						},
						"0.7292": {
							"vector": [-3.87066, 49.93082, -3.18199]
						}
					}
				},
				"right_leg": {
					"rotation": {
						"0.0": {
							"vector": [-20, 0, 15]
						},
						"0.1875": {
							"vector": [17.5, 0, 15]
						},
						"0.2708": {
							"vector": [17.5, 0, 15]
						},
						"0.7292": {
							"vector": [17.5, 0, 15]
						}
					}
				},
				"left_leg": {
					"rotation": {
						"0.0": {
							"vector": [2.51564, -0.75155, -9.88443]
						},
						"0.1875": {
							"vector": [2.51564, -0.75155, -9.88443]
						},
						"0.2708": {
							"vector": [2.51564, -0.75155, -9.88443]
						},
						"0.7292": {
							"vector": [2.51564, -0.75155, -9.88443]
						}
					}
				},
				"rightItem": {
					"rotation": {
						"0.0": {
							"vector": [28.81874, 21.53099, 6.67415]
						},
						"0.1875": {
							"vector": [30.14874, 14.92084, 2.94073]
						},
						"0.2708": {
							"vector": [-44.74084, 12.84034, 0.47991]
						},
						"0.7292": {
							"vector": [-44.74084, 12.84034, 0.47991]
						}
					},
					"position": {
						"0.0": {
							"vector": [0.8, 1.1, -4.2]
						},
						"0.1875": {
							"vector": [0, 1, 0]
						},
						"0.2708": {
							"vector": [0, 4, -4]
						},
						"0.7292": {
							"vector": [0, 4, -4]
						}
					}
				}
			}
		}
	},
	"geckolib_format_version": 2
}