{
	"format_version": "1.8.0",
	"animations": {
		"nyoi5": {
			"animation_length": 2.5,
			"override_previous_animation": true,
			"bones": {
				"body": {
					"rotation": {
						"0.0": {
							"vector": [0, 0, 0]
						},
						"0.1429": {
							"vector": [-2.5, 10, 0]
						},
						"0.3571": {
							"vector": [-0.88045, 9.96156, -5.07673]
						},
						"0.7381": {
							"vector": [-2.5, 10, 0]
						},
						"0.9524": {
							"vector": [-0.88045, 9.96156, -5.07673]
						},
						"1.2619": {
							"vector": [-13.38045, 9.96156, -5.07673]
						},
						"1.4762": {
							"vector": [-13.38045, 9.96156, -5.07673]
						},
						"1.5238": {
							"vector": [30.26307, 4.99853, 3.6823]
						},
						"2.0": {
							"vector": [30.26307, 4.99853, 3.6823]
						},
						"2.5": {
							"vector": [0, 0, 0]
						}
					},
					"position": {
						"0.0": {
							"vector": [0, 0, 0]
						},
						"1.4762": {
							"vector": [0, 0, 0]
						},
						"1.5238": {
							"vector": [0, 0, 6]
						},
						"2.0": {
							"vector": [0, 0, 6]
						},
						"2.5": {
							"vector": [0, 0, 0]
						}
					}
				},
				"left_arm": {
					"rotation": {
						"0.0": {
							"vector": [0, 0, 0]
						},
						"0.1429": {
							"vector": [-156.33765, 8.31087, -18.25612]
						},
						"0.3571": {
							"vector": [-151.79935, 12.67197, -26.26512]
						},
						"0.7381": {
							"vector": [-156.33765, 8.31087, -18.25612]
						},
						"0.9524": {
							"vector": [-151.79935, 12.67197, -26.26512]
						},
						"1.4762": {
							"vector": [-151.79935, 12.67197, -26.26512]
						},
						"1.5238": {
							"vector": [-59.48847, -3.59528, 2.05874]
						},
						"2.0": {
							"vector": [-59.48847, -3.59528, 2.05874]
						},
						"2.5": {
							"vector": [0, 0, 0]
						}
					},
					"position": {
						"0.0": {
							"vector": [0, 0, 0]
						},
						"0.1429": {
							"vector": [-1.7, 2.3, -1]
						},
						"0.3571": {
							"vector": [-1.7, 2.3, -1]
						},
						"0.7381": {
							"vector": [-1.7, 2.3, -1]
						},
						"0.9524": {
							"vector": [-1.7, 2.3, -1]
						},
						"1.4762": {
							"vector": [-1.7, 2.3, -1]
						},
						"1.5238": {
							"vector": [-1.7, 0.3, -1]
						},
						"2.0": {
							"vector": [-1.7, 0.3, -1]
						},
						"2.5": {
							"vector": [0, 0, 0]
						}
					}
				},
				"right_arm": {
					"rotation": {
						"0.0": {
							"vector": [0, 0, 0]
						},
						"0.1429": {
							"vector": [-154.74178, -3.11008, 28.65648]
						},
						"0.3571": {
							"vector": [-151.7933, -3.58314, 29.53902]
						},
						"0.7381": {
							"vector": [-154.74178, -3.11008, 28.65648]
						},
						"0.9524": {
							"vector": [-151.7933, -3.58314, 29.53902]
						},
						"1.2619": {
							"vector": [-149.25105, 22.68341, 44.38013]
						},
						"1.4762": {
							"vector": [-149.25105, 22.68341, 44.38013]
						},
						"1.5238": {
							"vector": [-145.90265, -16.75285, 100.39575]
						},
						"2.0": {
							"vector": [-145.90265, -16.75285, 100.39575]
						},
						"2.5": {
							"vector": [0, 0, 0]
						}
					},
					"position": {
						"0.0": {
							"vector": [0, 0, 0]
						},
						"0.1429": {
							"vector": [0, 3, 0]
						},
						"0.3571": {
							"vector": [0, 3, 0]
						},
						"0.7381": {
							"vector": [0, 3, 0]
						},
						"0.9524": {
							"vector": [0, 3, 0]
						},
						"1.5238": {
							"vector": [0, -1, -4]
						},
						"2.0": {
							"vector": [0, -1, -4]
						},
						"2.5": {
							"vector": [0, 0, 0]
						}
					}
				},
				"head": {
					"rotation": {
						"0.0": {
							"vector": [0, 0, 0]
						},
						"0.1429": {
							"vector": [0, -12.5, 0]
						},
						"0.3571": {
							"vector": [0, -12.5, 0]
						},
						"0.7381": {
							"vector": [0, -12.5, 0]
						},
						"0.9524": {
							"vector": [0, -12.5, 0]
						},
						"1.2619": {
							"vector": [-25, -12.5, 0]
						},
						"1.4762": {
							"vector": [-25, -12.5, 0]
						},
						"1.5238": {
							"vector": [7.5, -12.5, 0]
						},
						"2.0": {
							"vector": [7.5, -12.5, 0]
						},
						"2.5": {
							"vector": [0, 0, 0]
						}
					}
				},
				"right_leg": {
					"rotation": {
						"0.0": {
							"vector": [0, 0, 0]
						},
						"0.1429": {
							"vector": [0, 0, 0]
						},
						"0.3571": {
							"vector": [-14.94548, 1.29256, 4.83045]
						},
						"0.7381": {
							"vector": [0, 0, 0]
						},
						"0.9524": {
							"vector": [-14.94548, 1.29256, 4.83045]
						},
						"1.4762": {
							"vector": [-14.94548, 1.29256, 4.83045]
						},
						"1.5238": {
							"vector": [-14.94548, 1.29256, 4.83045]
						},
						"2.0": {
							"vector": [-14.94548, 1.29256, 4.83045]
						},
						"2.5": {
							"vector": [0, 0, 0]
						}
					},
					"position": {
						"0.0": {
							"vector": [0, 0, 0]
						},
						"0.1429": {
							"vector": [0, 0, 0]
						},
						"0.7381": {
							"vector": [0, 0, 0]
						},
						"1.5238": {
							"vector": [0, 1.4, -3.1]
						},
						"2.0": {
							"vector": [0, 1.4, -3.1]
						},
						"2.5": {
							"vector": [0, 0, 0]
						}
					}
				},
				"left_leg": {
					"rotation": {
						"0.0": {
							"vector": [0, 0, 0]
						},
						"0.1429": {
							"vector": [12.39638, 1.61888, -7.32417]
						},
						"0.3571": {
							"vector": [12.39638, 1.61888, -7.32417]
						},
						"0.7381": {
							"vector": [12.39638, 1.61888, -7.32417]
						},
						"0.9524": {
							"vector": [12.39638, 1.61888, -7.32417]
						},
						"1.2619": {
							"vector": [37.39638, 1.61888, -7.32417]
						},
						"1.4762": {
							"vector": [37.39638, 1.61888, -7.32417]
						},
						"1.5238": {
							"vector": [17.39638, 1.61888, -7.32417]
						},
						"2.0": {
							"vector": [17.39638, 1.61888, -7.32417]
						},
						"2.5": {
							"vector": [0, 0, 0]
						}
					},
					"position": {
						"0.0": {
							"vector": [0, 0, 0]
						},
						"2.5": {
							"vector": [0, 0, 0]
						}
					}
				},
				"rightItem": {
					"rotation": {
						"0.0": {
							"vector": [0, 0, 0]
						},
						"0.1429": {
							"vector": [0, 0, 0]
						},
						"0.9524": {
							"vector": [-1800, 57.5, -1782.5]
						},
						"1.4762": {
							"vector": [-1800, 57.5, -1782.5]
						},
						"1.5238": {
							"vector": [-1793.55783, 65.28955, -1756.97683]
						},
						"2.0": {
							"vector": [-1793.55783, 65.28955, -1756.97683]
						},
						"2.5": {
							"vector": [-1799.99312, 3.97351, -1805.26447]
						}
					},
					"position": {
						"0.0": {
							"vector": [0, 0, 0]
						},
						"0.1429": {
							"vector": [0, 0.8, -1.9]
						},
						"1.5238": {
							"vector": [-7, 3.4, -1.9]
						},
						"2.0": {
							"vector": [-7, 3.4, -1.9]
						},
						"2.5": {
							"vector": [0, 0, 0]
						}
					}
				}
			}
		}
	},
	"geckolib_format_version": 2
}