{
	"format_version": "1.8.0",
	"animations": {
		"nyoi9": {
			"animation_length": 1.4792,
			"override_previous_animation": true,
			"bones": {
				"body": {
					"rotation": {
						"0.0": {
							"vector": [-19.09615, -438.97852, 19.30462]
						},
						"0.0625": {
							"vector": [2.67444, -401.97017, 3.7671]
						},
						"0.125": {
							"vector": [7.23109, -386.98364, 4.5436]
						},
						"0.1667": {
							"vector": [19.61733, -334.73243, 5.18748]
						},
						"0.3542": {
							"vector": [24.17939, -328.98474, 4.49044]
						},
						"0.4375": {
							"vector": [0, -506.48474, 0]
						},
						"0.5": {
							"vector": [0, -783.98474, 0]
						},
						"1.2917": {
							"vector": [0, -786.48474, 0]
						},
						"1.4792": {
							"vector": [0, -720, 0]
						}
					},
					"position": {
						"0.0": {
							"vector": [-4.40625, 0, 0]
						},
						"0.1667": {
							"vector": [-4.40625, 0, 4]
						},
						"0.3542": {
							"vector": [-4.40625, 0, 4]
						},
						"0.4375": {
							"vector": [-4.31, -2, 0]
						},
						"0.5": {
							"vector": [-1.31, -2, 0]
						}
					}
				},
				"left_arm": {
					"rotation": {
						"0.0": {
							"vector": [-1.21305, 3.00276, -9.60485]
						},
						"0.0625": {
							"vector": [-149.28861, 15.12449, -28.84114]
						},
						"0.125": {
							"vector": [-146.78861, 15.12449, -28.84114]
						},
						"0.1667": {
							"vector": [-66.92509, -4.61829, 20.27772]
						},
						"0.3542": {
							"vector": [-61.86221, 34.06665, 38.91899]
						},
						"0.4375": {
							"vector": [-76.41345, 64.58127, 110.69335]
						},
						"0.5": {
							"vector": [-88.91345, 64.58127, 110.69335]
						},
						"1.2917": {
							"vector": [-111.9762, 27.0843, 109.95046]
						},
						"1.4792": {
							"vector": [0, 0, 0]
						}
					},
					"position": {
						"0.0": {
							"vector": [-0.07, 0.23, -0.09]
						},
						"0.0625": {
							"vector": [0.84, 3.23, -2.1]
						},
						"0.1667": {
							"vector": [0.84, 1.23, -2.1]
						},
						"0.3542": {
							"vector": [0.84, 1.23, -2.1]
						},
						"0.4375": {
							"vector": [0.84, -4.77, -2.1]
						},
						"0.5": {
							"vector": [0.84, -2.77, -0.1]
						},
						"1.2917": {
							"vector": [0.84, -2.77, -0.1]
						},
						"1.4792": {
							"vector": [0, 0, 0]
						}
					}
				},
				"right_arm": {
					"rotation": {
						"0.0": {
							"vector": [-30.89306, -47.4478, 182.64599]
						},
						"0.0625": {
							"vector": [-17.48614, -16.83565, 197.43044]
						},
						"0.125": {
							"vector": [-23.85426, -15.27544, 202.37391]
						},
						"0.1667": {
							"vector": [-251.42505, -80.969, 309.16914]
						},
						"0.3542": {
							"vector": [-232.11989, -4.24943, 247.07664]
						},
						"0.4375": {
							"vector": [-82.58863, -6.04493, 255.93796]
						},
						"0.5": {
							"vector": [-71.2852, -3.92898, 241.03033]
						},
						"1.2917": {
							"vector": [-45.84944, 12.6379, 246.70498]
						},
						"1.375": {
							"vector": [-94.24551, 7.37211, 143.91124]
						},
						"1.4792": {
							"vector": [0, 0, 0]
						}
					},
					"position": {
						"0.0": {
							"vector": [-2.37422, 2.39406, -1.66]
						},
						"0.0625": {
							"vector": [-0.37, 2.81, -3.66]
						},
						"0.1667": {
							"vector": [-1.37, 1.81, 0.34]
						},
						"0.3542": {
							"vector": [-1.37, 0.81, 2.34]
						},
						"0.4375": {
							"vector": [-1.37, 0.81, -1.66]
						},
						"0.5": {
							"vector": [-0.27, 0.81, -2.96]
						},
						"1.2917": {
							"vector": [0.73, 0.81, -4.96]
						},
						"1.4792": {
							"vector": [0, 0, 0]
						}
					}
				},
				"head": {
					"rotation": {
						"0.0": {
							"vector": [0.25426, 69.84714, -7.02445]
						},
						"0.0625": {
							"vector": [-7.19687, 18.31012, 0.96903]
						},
						"0.125": {
							"vector": [-6.84296, 3.42123, 2.83046]
						},
						"0.1667": {
							"vector": [-15.30266, -28.82859, 7.02108]
						},
						"0.3542": {
							"vector": [-18.12632, -33.8326, 7.8608]
						},
						"0.4375": {
							"vector": [-2.59146, 2.72917, -4.09686]
						},
						"0.5": {
							"vector": [6.73852, 70.10231, 1.26473]
						},
						"1.2917": {
							"vector": [4.28091, 57.65677, -1.4562]
						},
						"1.4792": {
							"vector": [0, 0, 0]
						}
					}
				},
				"right_leg": {
					"rotation": {
						"0.0": {
							"vector": [19.20145, -10.72994, 16.76942]
						},
						"0.0625": {
							"vector": [4.20145, -10.72994, 16.76942]
						},
						"0.1667": {
							"vector": [4.20145, -10.72994, 16.76942]
						},
						"0.2708": {
							"vector": [4.20145, -10.72994, 16.76942]
						},
						"0.3542": {
							"vector": [4.70448, -7.94665, 12.41951]
						},
						"0.4375": {
							"vector": [15.68969, -7.82435, 21.24052]
						},
						"0.5": {
							"vector": [4.94694, -7.19372, 19.95386]
						},
						"1.2917": {
							"vector": [4.94694, -7.19372, 19.95386]
						},
						"1.4792": {
							"vector": [0, 0, 0]
						}
					},
					"position": {
						"0.0": {
							"vector": [0, -1, 0]
						},
						"0.0625": {
							"vector": [0, 0, 0]
						},
						"0.1667": {
							"vector": [0, 0, 0]
						},
						"0.2708": {
							"vector": [0, 0, 0]
						},
						"0.3542": {
							"vector": [0, -0.11719, -2.21094]
						},
						"0.4375": {
							"vector": [0, 0.88, -0.21]
						},
						"0.5": {
							"vector": [0, 0.88, -1.21]
						},
						"1.2917": {
							"vector": [0, 0.88, -1.21]
						},
						"1.4792": {
							"vector": [0, 1.05469, 0]
						}
					}
				},
				"left_leg": {
					"rotation": {
						"0.0": {
							"vector": [-4.18708, -9.21898, -27.90002]
						},
						"0.0625": {
							"vector": [-5.73077, -8.35231, -17.81896]
						},
						"0.1667": {
							"vector": [-23.23077, -8.35231, -17.81896]
						},
						"0.3542": {
							"vector": [-23.23077, -8.35231, -17.81896]
						},
						"0.4375": {
							"vector": [-4.18707, -9.21899, -27.90002]
						},
						"0.5": {
							"vector": [20.81293, -9.21899, -27.90002]
						},
						"1.2917": {
							"vector": [20.81293, -9.21899, -27.90002]
						},
						"1.4792": {
							"vector": [0, 0, 0]
						}
					},
					"position": {
						"0.0": {
							"vector": [0, 0.13, -1.23]
						},
						"0.0625": {
							"vector": [0, 0.13, -0.23]
						},
						"0.1667": {
							"vector": [0, 2.15344, -3.23]
						},
						"0.3542": {
							"vector": [0, 2.15344, -3.23]
						},
						"0.4375": {
							"vector": [0, 1.15, -1.23]
						},
						"0.5": {
							"vector": [0, 1.15, -0.23]
						},
						"1.2917": {
							"vector": [0, 1.15, -0.23]
						}
					}
				},
				"rightItem": {
					"rotation": {
						"0.0": {
							"vector": [0, 0, 0]
						},
						"0.1667": {
							"vector": [202.52542, 62.38639, -207.51184]
						},
						"0.1875": {
							"vector": [341.4801, 58.01159, -3.09476]
						},
						"0.2083": {
							"vector": [258.48057, 153.2383, 225.85972]
						},
						"0.2292": {
							"vector": [202.52542, 62.38639, -207.51184]
						},
						"0.25": {
							"vector": [341.4801, 58.01159, -3.09476]
						},
						"0.2708": {
							"vector": [258.48057, 153.2383, 225.85972]
						},
						"0.2917": {
							"vector": [202.52542, 62.38639, -207.51184]
						},
						"0.3125": {
							"vector": [341.4801, 58.01159, -3.09476]
						},
						"0.3333": {
							"vector": [258.48057, 153.2383, 225.85972]
						},
						"0.5": {
							"vector": [536.17724, 13.39763, 215.59508]
						},
						"1.2917": {
							"vector": [584.41247, 25.23397, 232.72708]
						},
						"1.4792": {
							"vector": [360, 0, 280]
						}
					}
				}
			}
		}
	},
	"geckolib_format_version": 2
}