{
	"format_version": "1.8.0",
	"animations": {
		"nyoi7": {
			"animation_length": 0.75,
			"override_previous_animation": true,
			"bones": {
				"body": {
					"rotation": {
						"0.0": {
							"vector": [-0.72562, -55.11945, -8.09256]
						},
						"0.1042": {
							"vector": [15.92881, -64.8364, -12.87284]
						},
						"0.2292": {
							"vector": [0, -147.61945, 0]
						},
						"0.3125": {
							"vector": [22.42883, -303.80862, 8.87369]
						},
						"0.7292": {
							"vector": [22.42883, -303.80862, 8.87369]
						}
					}
				},
				"left_arm": {
					"rotation": {
						"0.0": {
							"vector": [-142.1814, 32.05482, -4.63044]
						},
						"0.1042": {
							"vector": [-142.1814, 32.05482, -4.63044]
						},
						"0.2292": {
							"vector": [-87.4164, 15.19356, 8.31231]
						},
						"0.3125": {
							"vector": [-82.49803, -4.78715, 7.42584]
						},
						"0.7292": {
							"vector": [-82.49803, -4.78715, 7.42584]
						}
					},
					"position": {
						"0.0": {
							"vector": [1.34609, -4.72266, 0.74578]
						},
						"0.1042": {
							"vector": [1.34609, -4.72266, 0.74578]
						},
						"0.2292": {
							"vector": [-0.65, -0.72, -1.45]
						},
						"0.3125": {
							"vector": [-0.65, -0.72, 0.75]
						},
						"0.7292": {
							"vector": [-0.65, -0.72, 0.75]
						}
					}
				},
				"right_arm": {
					"rotation": {
						"0.0": {
							"vector": [-71.85932, 3.7328, 98.61041]
						},
						"0.1042": {
							"vector": [-71.85932, 3.7328, 98.61041]
						},
						"0.2292": {
							"vector": [-104.40652, -0.01048, 107.19742]
						},
						"0.3125": {
							"vector": [-134.31238, -2.4631, 102.83893]
						},
						"0.7292": {
							"vector": [-134.31238, -2.4631, 102.83893]
						}
					},
					"position": {
						"0.0": {
							"vector": [-2, 0, 0]
						},
						"0.1042": {
							"vector": [-2, 0, 0]
						}
					}
				},
				"head": {
					"rotation": {
						"0.0": {
							"vector": [-3.87066, 49.93082, -3.18199]
						},
						"0.2292": {
							"vector": [-3.3759, 42.4457, -2.49783]
						},
						"0.3125": {
							"vector": [-4.62861, -57.41987, 3.68468]
						},
						"0.7292": {
							"vector": [-4.62861, -57.41987, 3.68468]
						}
					}
				},
				"right_leg": {
					"rotation": {
						"0.0": {
							"vector": [17.5, 0, 15]
						},
						"0.1042": {
							"vector": [-12.5, 0, 15]
						},
						"0.3125": {
							"vector": [5, 0, 15]
						},
						"0.7292": {
							"vector": [5, 0, 15]
						}
					}
				},
				"left_leg": {
					"rotation": {
						"0.0": {
							"vector": [2.51564, -0.75155, -9.88443]
						},
						"0.1042": {
							"vector": [2.51564, -0.75155, -9.88443]
						},
						"0.2292": {
							"vector": [-4.98436, -0.75155, -9.88443]
						},
						"0.3125": {
							"vector": [-19.39308, -4.97784, -21.66575]
						},
						"0.7292": {
							"vector": [-19.39308, -4.97784, -21.66575]
						}
					},
					"position": {
						"0.0": {
							"vector": [0, 0, 0]
						},
						"0.3125": {
							"vector": [0, 1, -2]
						},
						"0.7292": {
							"vector": [0, 1, -2]
						}
					}
				},
				"rightItem": {
					"rotation": {
						"0.0": {
							"vector": [-44.74084, 12.84034, 0.47991]
						},
						"0.1042": {
							"vector": [-44.74084, 12.84034, 0.47991]
						},
						"0.2292": {
							"vector": [27.75916, 12.84034, 0.47991]
						},
						"0.3125": {
							"vector": [66.01745, 20.20605, 15.86127]
						},
						"0.7292": {
							"vector": [66.01745, 20.20605, 15.86127]
						}
					},
					"position": {
						"0.0": {
							"vector": [0, 4, -4]
						},
						"0.1042": {
							"vector": [0, 4, -4]
						},
						"0.2292": {
							"vector": [-1, -1, -4]
						},
						"0.3125": {
							"vector": [-3, -9, -4]
						},
						"0.7292": {
							"vector": [-3, -9, -4]
						}
					}
				}
			}
		}
	},
	"geckolib_format_version": 2
}