{
	"format_version": "1.8.0",
	"animations": {
		"nyoi3": {
			"animation_length": 0.8125,
			"override_previous_animation": true,
			"bones": {
				"body": {
					"rotation": {
						"0.0": {
							"vector": [0, 0, 0]
						},
						"0.1875": {
							"vector": [7.82037, 55.55968, -8.72936]
						},
						"0.375": {
							"vector": [7.24982, 62.97298, -6.48941]
						},
						"0.4375": {
							"vector": [29.23184, 9.549, -1.71109]
						},
						"0.8125": {
							"vector": [0, 0, 0]
						}
					},
					"position": {
						"0.0": {
							"vector": [0, 0, 0]
						},
						"0.1875": {
							"vector": [0, 0, 5]
						},
						"0.375": {
							"vector": [0, 0, 5]
						},
						"0.4375": {
							"vector": [0, 0, 5]
						},
						"0.8125": {
							"vector": [0, 0, 0]
						}
					}
				},
				"left_arm": {
					"rotation": {
						"0.0": {
							"vector": [0, 0, 0]
						},
						"0.1875": {
							"vector": [-98.28679, 10.63318, 19.99198]
						},
						"0.375": {
							"vector": [-98.28679, 10.63318, 19.99198]
						},
						"0.4375": {
							"vector": [72.54227, -21.17891, 3.15706]
						},
						"0.8125": {
							"vector": [0, 0, 0]
						}
					},
					"position": {
						"0.0": {
							"vector": [0, 0, 0]
						},
						"0.1875": {
							"vector": [-0.7, 0, -3.6]
						},
						"0.375": {
							"vector": [-0.7, 0, -3.6]
						},
						"0.4375": {
							"vector": [-0.6, 0, 2]
						},
						"0.8125": {
							"vector": [0, 0, 0]
						}
					}
				},
				"right_arm": {
					"rotation": {
						"0.0": {
							"vector": [0, 0, 0]
						},
						"0.1875": {
							"vector": [-31.21654, 5.52857, 122.45959]
						},
						"0.375": {
							"vector": [-31.21654, 5.52857, 122.45959]
						},
						"0.4375": {
							"vector": [-86.50618, 29.88982, 150.72241]
						},
						"0.8125": {
							"vector": [0, 0, 0]
						}
					},
					"position": {
						"0.0": {
							"vector": [0, 0, 0]
						},
						"0.1875": {
							"vector": [0, -2, 3]
						},
						"0.375": {
							"vector": [0, -2, 3]
						},
						"0.4375": {
							"vector": [1.5, -0.7, -3.9]
						},
						"0.8125": {
							"vector": [0, 0, 0]
						}
					}
				},
				"head": {
					"rotation": {
						"0.0": {
							"vector": [0, 0, 0]
						},
						"0.1875": {
							"vector": [9.06545, -32.13977, -2.92754]
						},
						"0.375": {
							"vector": [11.82024, -49.35918, -7.09921]
						},
						"0.4375": {
							"vector": [0.49186, -8.95731, 0.98126]
						},
						"0.8125": {
							"vector": [0, 0, 0]
						}
					}
				},
				"right_leg": {
					"rotation": {
						"0.0": {
							"vector": [0, 0, 0]
						},
						"0.1875": {
							"vector": [12.38206, -1.08089, 19.95392]
						},
						"0.375": {
							"vector": [12.38206, -1.08089, 19.95392]
						},
						"0.4375": {
							"vector": [32.38206, -1.08089, 19.95392]
						},
						"0.8125": {
							"vector": [0, 0, 0]
						}
					},
					"position": {
						"0.0": {
							"vector": [0, 0, 0]
						},
						"0.8125": {
							"vector": [0, 0, 0]
						}
					}
				},
				"left_leg": {
					"rotation": {
						"0.0": {
							"vector": [0, 0, 0]
						},
						"0.1875": {
							"vector": [3.60916, -3.5576, -10.20538]
						},
						"0.375": {
							"vector": [3.60916, -3.5576, -10.20538]
						},
						"0.4375": {
							"vector": [24.53987, -8.84244, -9.74718]
						},
						"0.8125": {
							"vector": [0, 0, 0]
						}
					},
					"position": {
						"0.0": {
							"vector": [0, 0, 0]
						},
						"0.1875": {
							"vector": [0, 0, -3]
						},
						"0.375": {
							"vector": [0, 0, -3]
						},
						"0.4375": {
							"vector": [0, 0, -3]
						},
						"0.8125": {
							"vector": [0, 0, 0]
						}
					}
				},
				"rightItem": {
					"rotation": {
						"0.0": {
							"vector": [0, 0, 0]
						},
						"0.1875": {
							"vector": [-18.8619, 18.53374, -6.62467]
						},
						"0.375": {
							"vector": [-18.8619, 18.53374, -6.62467]
						},
						"0.4375": {
							"vector": [98.3443, 16.64617, 16.91248]
						},
						"0.8125": {
							"vector": [0, 0, 0]
						}
					},
					"position": {
						"0.0": {
							"vector": [0, 0, 0]
						},
						"0.1875": {
							"vector": [-1.3, 2.8, -6.6]
						},
						"0.375": {
							"vector": [-1.3, 2.8, -6.6]
						},
						"0.4375": {
							"vector": [-3.02344, -2, 0.6]
						},
						"0.5625": {
							"vector": [-3.02344, -2, 0.6]
						},
						"0.8125": {
							"vector": [0, 0, 0]
						}
					}
				}
			}
		}
	},
	"geckolib_format_version": 2
}