{
	"format_version": "1.8.0",
	"animations": {
		"nyoi2": {
			"animation_length": 1,
			"override_previous_animation": true,
			"bones": {
				"body": {
					"rotation": {
						"0.0": {
							"vector": [0, 0, 0]
						},
						"0.125": {
							"vector": [0, -22.5, 0]
						},
						"0.3125": {
							"vector": [-7.02931, -12.60448, -2.99419]
						},
						"0.375": {
							"vector": [19.26076, -21.13185, 0.03636]
						},
						"0.4375": {
							"vector": [26.74386, 37.83118, 12.54743]
						},
						"0.5": {
							"vector": [26.74386, 37.83118, 12.54743]
						},
						"0.75": {
							"vector": [26.74386, 37.83118, 12.54743]
						},
						"1.0": {
							"vector": [0, 0, 0]
						}
					}
				},
				"left_arm": {
					"rotation": {
						"0.0": {
							"vector": [0, 0, 0]
						},
						"0.3125": {
							"vector": [-198.60905, 20.23551, 37.68383]
						},
						"0.375": {
							"vector": [-233.3048, 22.45775, 45.37615]
						},
						"0.4375": {
							"vector": [-221.97488, 5.42764, 74.85432]
						},
						"0.5": {
							"vector": [-161.58871, 3.86355, 79.6192]
						},
						"0.75": {
							"vector": [-161.58871, 3.86355, 79.6192]
						},
						"1.0": {
							"vector": [0, 0, 0]
						}
					},
					"position": {
						"0.0": {
							"vector": [0, 0, 0]
						},
						"0.3125": {
							"vector": [-1.7, 0, 2.9]
						},
						"0.375": {
							"vector": [-1.6, 0, 2.88516]
						},
						"0.4375": {
							"vector": [-4.6, 0, 4.88516]
						},
						"0.5": {
							"vector": [-0.7, 0, 2.18516]
						},
						"0.75": {
							"vector": [-0.7, 0, 2.18516]
						},
						"1.0": {
							"vector": [0, 0, 0]
						}
					}
				},
				"right_arm": {
					"rotation": {
						"0.0": {
							"vector": [0, 0, 0]
						},
						"0.125": {
							"vector": [-108.9892, -13.80879, 28.48316]
						},
						"0.3125": {
							"vector": [-147.98411, -12.95315, 75.08159]
						},
						"0.375": {
							"vector": [-126.56257, -7.80177, 94.73863]
						},
						"0.4375": {
							"vector": [-119.39194, -7.40083, 97.22816]
						},
						"0.5": {
							"vector": [-99.39194, -7.40083, 97.22816]
						},
						"0.75": {
							"vector": [-99.39194, -7.40083, 97.22816]
						},
						"1.0": {
							"vector": [0, 0, 0]
						}
					},
					"position": {
						"0.0": {
							"vector": [0, 0, 0]
						},
						"0.125": {
							"vector": [0, 0, -2]
						},
						"0.3125": {
							"vector": [1.8, -0.7, -4]
						},
						"0.375": {
							"vector": [0.8, -0.7, -4]
						},
						"0.5": {
							"vector": [0.8, -0.7, -4]
						},
						"0.75": {
							"vector": [0.8, -0.7, -4]
						},
						"1.0": {
							"vector": [0, 0, 0]
						}
					}
				},
				"head": {
					"rotation": {
						"0.0": {
							"vector": [0, 0, 0]
						},
						"0.125": {
							"vector": [0, 15, 0]
						},
						"0.3125": {
							"vector": [5, 15, 0]
						},
						"0.375": {
							"vector": [6.24864, 26.16466, 1.44027]
						},
						"0.4375": {
							"vector": [5.71701, -32.31609, -4.36069]
						},
						"0.5": {
							"vector": [5.71701, -32.31609, -4.36069]
						},
						"0.75": {
							"vector": [5.71701, -32.31609, -4.36069]
						},
						"1.0": {
							"vector": [0, 0, 0]
						}
					}
				},
				"right_leg": {
					"rotation": {
						"0.0": {
							"vector": [0, 0, 0]
						},
						"0.3125": {
							"vector": [0, 0, 15]
						},
						"0.375": {
							"vector": [-17.5, 0, 15]
						},
						"0.75": {
							"vector": [-17.5, 0, 15]
						},
						"1.0": {
							"vector": [0, 0, 0]
						}
					},
					"position": {
						"0.0": {
							"vector": [0, 0, 0]
						},
						"0.375": {
							"vector": [0, 1, -4]
						},
						"0.75": {
							"vector": [0, 1, -4]
						},
						"1.0": {
							"vector": [0, 0, 0]
						}
					}
				},
				"left_leg": {
					"rotation": {
						"0.0": {
							"vector": [0, 0, 0]
						},
						"0.25": {
							"vector": [15, 0, -12.5]
						},
						"0.75": {
							"vector": [15, 0, -12.5]
						},
						"1.0": {
							"vector": [0, 0, 0]
						}
					}
				},
				"rightItem": {
					"rotation": {
						"0.0": {
							"vector": [0, 0, 0]
						},
						"0.3125": {
							"vector": [4.17187, 2.1893, -3.17554]
						},
						"0.375": {
							"vector": [-37.60545, 3.04137, -3.9705]
						},
						"0.4375": {
							"vector": [-47.05242, 1.30695, 1.69611]
						},
						"0.5": {
							"vector": [-33.29824, 11.43911, -9.44869]
						},
						"0.75": {
							"vector": [-33.29824, 11.43911, -9.44869]
						},
						"1.0": {
							"vector": [0, 0, 0]
						}
					},
					"position": {
						"0.0": {
							"vector": [0, 0, 0]
						},
						"0.3125": {
							"vector": [0, 0, -9]
						},
						"0.375": {
							"vector": [0, 2, -4]
						},
						"0.75": {
							"vector": [0, 2, -4]
						},
						"1.0": {
							"vector": [0, 0, 0]
						}
					}
				}
			}
		}
	},
	"geckolib_format_version": 2
}