{
	"format_version": "1.8.0",
	"animations": {
		"nyoi8": {
			"animation_length": 1.2917,
			"override_previous_animation": true,
			"bones": {
				"body": {
					"rotation": {
						"0.0": {
							"vector": [22.42883, -303.80862, 8.87369]
						},
						"0.1875": {
							"vector": [7.33094, -439.50524, -7.57798]
						},
						"1.0417": {
							"vector": [-19.09615, -438.97852, 19.30462]
						},
						"1.2917": {
							"vector": [-19.09615, -438.97852, 19.30462]
						}
					}
				},
				"left_arm": {
					"rotation": {
						"0.0": {
							"vector": [-82.49803, -4.78715, 7.42584]
						},
						"0.3333": {
							"vector": [-1.21305, 3.00276, -9.60485]
						},
						"1.0417": {
							"vector": [-1.21305, 3.00276, -9.60485]
						},
						"1.2917": {
							"vector": [-1.21305, 3.00276, -9.60485]
						}
					},
					"position": {
						"0.0": {
							"vector": [-0.65, -0.72, 0.75]
						},
						"0.3333": {
							"vector": [-0.07, 0.23, -0.09]
						},
						"1.0417": {
							"vector": [-0.07, 0.23, -0.09]
						},
						"1.2917": {
							"vector": [-0.07, 0.23, -0.09]
						}
					}
				},
				"right_arm": {
					"rotation": {
						"0.0": {
							"vector": [-134.31238, -2.4631, 102.83893]
						},
						"0.3333": {
							"vector": [-30.89306, -47.4478, 182.64599]
						},
						"1.0417": {
							"vector": [-30.89306, -47.4478, 182.64599]
						},
						"1.2917": {
							"vector": [-30.89306, -47.4478, 182.64599]
						}
					},
					"position": {
						"0.0": {
							"vector": [-2, 0, 0]
						},
						"0.3333": {
							"vector": [-2.37422, 2.39406, -1.66]
						},
						"1.0417": {
							"vector": [-2.37422, 2.39406, -1.66]
						},
						"1.2917": {
							"vector": [-2.37422, 2.39406, -1.66]
						}
					}
				},
				"head": {
					"rotation": {
						"0.0": {
							"vector": [-4.62861, -57.41987, 3.68468]
						},
						"0.1875": {
							"vector": [-1.86979, 55.3504, -1.25904]
						},
						"1.0417": {
							"vector": [0.25426, 69.84714, -7.02445]
						},
						"1.2917": {
							"vector": [0.25426, 69.84714, -7.02445]
						}
					}
				},
				"right_leg": {
					"rotation": {
						"0.0": {
							"vector": [5, 0, 15]
						},
						"0.1875": {
							"vector": [19.20145, -10.72994, 16.76942]
						},
						"1.0417": {
							"vector": [19.20145, -10.72994, 16.76942]
						},
						"1.2917": {
							"vector": [19.20145, -10.72994, 16.76942]
						}
					}
				},
				"left_leg": {
					"rotation": {
						"0.0": {
							"vector": [-19.39308, -4.97784, -21.66575]
						},
						"0.375": {
							"vector": [-4.18708, -9.21898, -27.90002]
						},
						"1.0417": {
							"vector": [-4.18708, -9.21898, -27.90002]
						},
						"1.2917": {
							"vector": [-4.18708, -9.21898, -27.90002]
						}
					},
					"position": {
						"0.0": {
							"vector": [0, 1, -2]
						},
						"0.375": {
							"vector": [0, 0.13, -1.23]
						}
					}
				},
				"rightItem": {
					"rotation": {
						"0.0": {
							"vector": [66.01745, 20.20605, 15.86127]
						},
						"0.1875": {
							"vector": [162.70658, 399.8873, 150.18703]
						},
						"0.3333": {
							"vector": [-914.90609, 389.30774, 133.48937]
						},
						"0.4792": {
							"vector": [162.70658, 399.8873, 150.18703]
						},
						"0.625": {
							"vector": [-914.90609, 389.30774, 133.48937]
						},
						"1.0417": {
							"vector": [-914.90609, 389.30774, 133.48937]
						},
						"1.2917": {
							"vector": [-914.90609, 389.30774, 133.48937]
						}
					},
					"position": {
						"0.0": {
							"vector": [-3, -9, -4]
						},
						"0.0833": {
							"vector": [-3.52, -6.2, 0]
						},
						"0.125": {
							"vector": [-2.95, -1, -1]
						},
						"0.1875": {
							"vector": [-1.31, 0.94, -1]
						},
						"0.2292": {
							"vector": [-1.48, -0.65, -0.96]
						},
						"0.2917": {
							"vector": [-1.91, -0.49, -0.92]
						},
						"0.3333": {
							"vector": [-2.31, -1.06, -0.88]
						},
						"0.375": {
							"vector": [-2.52, -4.2, 4]
						},
						"0.4167": {
							"vector": [-2.95, 1, -1]
						},
						"0.4792": {
							"vector": [-1.31, 0.94, -1]
						},
						"0.5208": {
							"vector": [-1.48, -0.65, -0.96]
						},
						"0.5833": {
							"vector": [-1.91, -0.49, -0.92]
						},
						"0.625": {
							"vector": [-2.31, -1.06, -0.88]
						},
						"1.0417": {
							"vector": [-2.31, -1.06, 0.76453]
						},
						"1.2917": {
							"vector": [-2.31, -1.06, 0.76453]
						}
					}
				}
			}
		}
	},
	"geckolib_format_version": 2
}