{
	"format_version": "1.8.0",
	"animations": {
		"nyoi1": {
			"animation_length": 0.75,
			"override_previous_animation": true,
			"bones": {
				"body": {
					"rotation": {
						"0.0": {
							"vector": [0, 0, 0]
						},
						"0.1875": {
							"vector": [14.49158, 52.29457, 2.64754]
						},
						"0.25": {
							"vector": [11.86324, 7.01136, 0.58793]
						},
						"0.75": {
							"vector": [11.86324, 7.01136, 0.58793]
						}
					}
				},
				"left_arm": {
					"rotation": {
						"0.0": {
							"vector": [0, 0, 0]
						},
						"0.1875": {
							"vector": [-65.1106, 56.5408, -4.1315]
						},
						"0.25": {
							"vector": [-70.42233, 37.80015, -14.62791]
						},
						"0.75": {
							"vector": [-70.42233, 37.80015, -14.62791]
						}
					},
					"position": {
						"0.0": {
							"vector": [0, 0, 0]
						},
						"0.1875": {
							"vector": [-1, 0, -3]
						},
						"0.25": {
							"vector": [-1.64844, 0, -3.67578]
						},
						"0.75": {
							"vector": [-1.64844, 0, -3.67578]
						}
					}
				},
				"right_arm": {
					"rotation": {
						"0.0": {
							"vector": [0, 0, 0]
						},
						"0.1875": {
							"vector": [2.00813, -26.11534, 33.05411]
						},
						"0.25": {
							"vector": [-52.68472, -23.70435, 32.32504]
						},
						"0.75": {
							"vector": [-52.68472, -23.70435, 32.32504]
						}
					},
					"position": {
						"0.0": {
							"vector": [0, 0, 0]
						},
						"0.1875": {
							"vector": [0, 0, 3]
						},
						"0.25": {
							"vector": [0, 0, 0]
						},
						"0.75": {
							"vector": [0, 0, 0]
						}
					}
				},
				"head": {
					"rotation": {
						"0.0": {
							"vector": [0, 0, 0]
						},
						"0.1875": {
							"vector": [0, -37.5, 0]
						},
						"0.25": {
							"vector": [-10, -5, 0]
						},
						"0.75": {
							"vector": [-10, -5, 0]
						}
					}
				},
				"right_leg": {
					"rotation": {
						"0.0": {
							"vector": [0, 0, 0]
						},
						"0.1875": {
							"vector": [0, 0, 10]
						},
						"0.25": {
							"vector": [-20, 0, 15]
						},
						"0.75": {
							"vector": [-20, 0, 15]
						}
					}
				},
				"left_leg": {
					"rotation": {
						"0.0": {
							"vector": [0, 0, 0]
						},
						"0.1875": {
							"vector": [-32.5, 0, -7.5]
						},
						"0.25": {
							"vector": [2.51564, -0.75155, -9.88443]
						},
						"0.75": {
							"vector": [2.51564, -0.75155, -9.88443]
						}
					}
				},
				"rightItem": {
					"rotation": {
						"0.0": {
							"vector": [0, 0, 0]
						},
						"0.1875": {
							"vector": [-32.5, 0, 0]
						},
						"0.25": {
							"vector": [28.81874, 21.53099, 6.67415]
						},
						"0.75": {
							"vector": [28.81874, 21.53099, 6.67415]
						}
					},
					"position": {
						"0.0": {
							"vector": [0, 0, 0]
						},
						"0.1875": {
							"vector": [0, 1, 0]
						},
						"0.25": {
							"vector": [0.8, 1.1, -4.2]
						},
						"0.75": {
							"vector": [0.8, 1.1, -4.2]
						}
					}
				}
			}
		}
	},
	"geckolib_format_version": 2
}