{
	"format_version": "1.8.0",
	"animations": {
		"punch3": {
			"animation_length": 0.25,
			"bones": {
				"body": {
					"rotation": {
						"0.0": {
							"vector": [0, 45, 0]
						},
						"0.25": {
							"vector": [0, -45, 0]
						}
					},
					"position": {
						"vector": [0, 0, -2]
					}
				},
				"torso": {
					"rotation": {
						"vector": [7.36543, 12.4704, 1.46828]
					}
				},
				"right_arm": {
					"rotation": {
						"0.0": {
							"vector": [-74, -8.68469, -8.90274]
						},
						"0.25": {
							"vector": [-102.23658, -31.11985, -7.07088]
						}
					},
					"position": {
						"0.0": {
							"vector": [0, 0, 2]
						},
						"0.25": {
							"vector": [0, 0, -1]
						}
					}
				},
				"left_arm": {
					"rotation": {
						"0.0": {
							"vector": [-101.4919, 42.35552, 18]
						},
						"0.25": {
							"vector": [-37.40647, -10.24258, 68.57525]
						}
					},
					"position": {
						"vector": [0, 0, -2]
					}
				},
				"right_leg": {
					"rotation": {
						"0.0": {
							"vector": [31.11644, 19.6835, 10.62758]
						},
						"0.25": {
							"vector": [-21.38356, 19.6835, 10.62758]
						}
					}
				},
				"left_leg": {
					"rotation": {
						"0.0": {
							"vector": [-32.91988, 10.28579, -13.49408]
						},
						"0.25": {
							"vector": [29.59597, -18.74724, -21.17283]
						}
					}
				}
			}
		}
	},
	"geckolib_format_version": 2
}