{
	"format_version": "1.8.0",
	"animations": {
		"purple": {
			"loop": "hold_on_last_frame",
			"animation_length": 15,
			"bones": {
				"body": {
					"rotation": {
						"0.0": {
							"vector": [0, 0, 0]
						},
						"4.0": {
							"vector": [0, -40, 0]
						},
						"6.0": {
							"vector": [0, 0, 0]
						},
						"8.0": {
							"vector": [0, 0, 0]
						},
						"12.0": {
							"vector": [-13.13915, 29.34625, -6.52625]
						},
						"13.0": {
							"vector": [-8.76, 19.56, -4.35]
						},
						"14.0": {
							"vector": [0, 0, 0]
						},
						"15.0": {
							"vector": [-35, 0, 0]
						}
					}
				},
				"head": {
					"rotation": {
						"0.0": {
							"vector": [-32.3587, 12.28854, -0.81841]
						},
						"2.0": {
							"vector": [-1.08826, -19.14885, 0.17088]
						},
						"4.0": {
							"vector": [-20.80475, -4.96608, -0.58221]
						},
						"5.0": {
							"vector": [-12.67489, -34.72705, 7.62222]
						},
						"6.0": {
							"vector": [-0.06408, -5.63998, 3.17517]
						},
						"8.0": {
							"vector": [70.90611, -30.69387, 7.67373]
						},
						"10.0": {
							"vector": [9.40469, 13.5347, 1.74386]
						},
						"13.0": {
							"vector": [2.28274, -28.39103, -32.61114]
						},
						"14.0": {
							"vector": [10.01875, -2.13516, 27.42756]
						},
						"14.5": {
							"vector": [-25, 0, 0]
						},
						"15.0": {
							"vector": [35, 0, 0]
						}
					}
				},
				"right_arm": {
					"rotation": {
						"0.0": {
							"vector": [-136.14415, 32.41052, 60.84604]
						},
						"2.0": {
							"vector": [-149.79628, -25.23098, 21.19748]
						},
						"4.0": {
							"vector": [-177.55919, -0.54094, 12.48848]
						},
						"5.0": {
							"vector": [-119.60045, -23.07827, 53.01335]
						},
						"6.0": {
							"vector": [-25.50555, 67.73126, 62.72683]
						},
						"8.0": {
							"vector": [-49.82165, 27.95454, -2.47509]
						},
						"10.0": {
							"vector": [-45.35503, 32.95567, -50.68199]
						},
						"12.0": {
							"vector": [-105.88841, 37.9568, -98.88889]
						},
						"13.0": {
							"vector": [-51.56609, -23.56979, 29.96096]
						},
						"14.0": {
							"vector": [8.42453, 33.54721, 32.75818]
						},
						"15.0": {
							"vector": [-32.51535, 56.16936, 12.66676]
						}
					},
					"position": {
						"0.0": {
							"vector": [1.64, 0.36, -3.64]
						},
						"2.0": {
							"vector": [3, -3, -3]
						},
						"4.0": {
							"vector": [3, 3, -3]
						},
						"6.0": {
							"vector": [0, 0.5, 0]
						},
						"8.0": {
							"vector": [3, 4, 1]
						},
						"9.0": {
							"vector": [0, 0, 0]
						}
					}
				},
				"left_arm": {
					"rotation": {
						"0.0": {
							"vector": [2.62151, 49.44564, -43.42452]
						},
						"2.0": {
							"vector": [117.54606, -62.47846, -87.82347]
						},
						"4.0": {
							"vector": [-84.39705, 66.76035, 43.66517]
						},
						"5.0": {
							"vector": [-116.82816, -10.84261, 30.52934]
						},
						"6.0": {
							"vector": [0, -30, 0]
						},
						"8.0": {
							"vector": [-41.93631, 65.09668, 80.0263]
						},
						"10.0": {
							"vector": [-20.69131, -37.96194, -83.07696]
						},
						"12.0": {
							"vector": [-139.82383, -49.0497, -43.67244]
						},
						"13.0": {
							"vector": [-23.79776, -5.54891, -72.61073]
						},
						"15.0": {
							"vector": [-48.12861, -47.55566, 4.90877]
						}
					},
					"position": {
						"5.0": {
							"vector": [-0.25, -0.75, 0.75]
						},
						"8.0": {
							"vector": [-2, -6, -2]
						},
						"10.0": {
							"vector": [-1.71, 0, 0]
						},
						"15.0": {
							"vector": [0, 0, 0]
						}
					}
				},
				"right_leg": {
					"rotation": {
						"0.0": {
							"vector": [15, 0, 7.25]
						},
						"4.0": {
							"vector": [0, 0, 9]
						},
						"6.0": {
							"vector": [0, 0, 10]
						},
						"8.0": {
							"vector": [12.5, 0, 10]
						},
						"10.0": {
							"vector": [0, 0, 5]
						},
						"12.0": {
							"vector": [0, 30, 5]
						},
						"15.0": {
							"vector": [20, 0, 7.5]
						}
					}
				},
				"left_leg": {
					"rotation": {
						"0.0": {
							"vector": [-22.57734, 4.61854, -6.91757]
						},
						"4.0": {
							"vector": [0, 0, -0.5]
						},
						"6.0": {
							"vector": [0, 0, -5]
						},
						"8.0": {
							"vector": [-12.5, 0, -5]
						},
						"10.0": {
							"vector": [0, 0, -5]
						},
						"12.0": {
							"vector": [0, -30, -5]
						},
						"13.0": {
							"vector": [0, -40, -5.83333]
						},
						"15.0": {
							"vector": [0, 0, -7.5]
						}
					}
				},
				"torso": {
					"rotation": {
						"0.0": {
							"vector": [3.96905, 2.25578, -1.79218]
						},
						"2.0": {
							"vector": [3.72942, -20.72312, -0.97921]
						},
						"4.0": {
							"vector": [4.85037, -3.54467, 2.49526]
						},
						"8.0": {
							"vector": [5, -6.665, 0]
						},
						"12.0": {
							"vector": [0, -10, 0]
						},
						"13.0": {
							"vector": [1.66667, -10, 0]
						},
						"15.0": {
							"vector": [5, -10, 0]
						}
					}
				}
			}
		}
	},
	"geckolib_format_version": 2
}