{
	"format_version": "1.8.0",
	"animations": {
		"rapiddismantle": {
			"animation_length": 2,
			"override_previous_animation": true,
			"bones": {
				"body": {
					"rotation": {
						"0.0": [0, 0, 0],
						"0.2188": [0, -27.5, 0],
						"1.5": [0, -27.5, 0],
						"2.0": [0, 0, 0]
					},
					"position": {
						"0.0": [0, 0, 0],
						"0.2188": [0, -2, 0],
						"0.9479": [0, -2, 0],
						"1.0": [0, -2, 0],
						"1.5": [0, -2, 0],
						"2.0": [0, 0, 0]
					},
					"scale": {
						"0.0": [1, 1, 1],
						"2.0": [1, 1, 1]
					}
				},
				"left_arm": {
					"rotation": {
						"0.0": [0, 0, 0],
						"0.2188": [-136.25474, 63.32673, -39.46946],
						"0.9479": [-136.25474, 63.32673, -39.46946],
						"1.0": [-65.9034, 71.24693, 25.89219],
						"1.5": [-136.25474, 63.32673, -39.46946],
						"2.0": [0, 0, 0]
					},
					"position": {
						"0.0": [0, 0, 0],
						"0.2188": [-2.25391, 0, -2.22656],
						"0.9479": [-2.25391, 0, -2.22656],
						"1.0": [-2.25391, 0, -2.22656],
						"1.5": [-2.25391, 0, -2.22656],
						"2.0": [0, 0, 0]
					}
				},
				"forward_locator3": {
					"rotation": {
						"0.0": [0, 0, 0],
						"2.0": [0, 0, 0]
					}
				},
				"right_arm": {
					"rotation": {
						"0.0": [0, 0, 0],
						"0.2188": [-90, 20, 0],
						"0.9479": [-90, 20, 0],
						"1.0": [-102, 20, 0],
						"1.5": [-90, 20, 0],
						"2.0": [0, 0, 0]
					},
					"position": {
						"0.0": [0, 0, 0],
						"0.2188": [1.07422, 0, 0],
						"0.9479": [1.07422, 0, 0],
						"1.0": [1.07422, 0, 0],
						"1.5": [1.07422, 0, 0],
						"2.0": [0, 0, 0]
					}
				},
				"right_leg": {
					"rotation": {
						"0.0": [0, 0, 0],
						"0.2188": [0, 0, 8],
						"0.9479": [0, 0, 8],
						"1.0": [0, 0, 8],
						"1.5": [0, 0, 8],
						"2.0": [0, 0, 0]
					},
					"position": {
						"0.0": [0, 0, 0],
						"0.2188": [0, 1.17188, -3.15625],
						"0.9479": [0, 1.17188, -3.15625],
						"1.0": [0, 1.17188, -3.15625],
						"1.5": [0, 1.17188, -3.15625],
						"2.0": [0, 0, 0]
					}
				},
				"left_leg": {
					"rotation": {
						"0.0": [0, 0, 0],
						"0.2188": [14, 0, -20],
						"0.9479": [14, 0, -20],
						"1.0": [14, 0, -20],
						"1.5": [14, 0, -20],
						"2.0": [0, 0, 0]
					},
					"position": {
						"0.0": [0, 0, 0],
						"2.0": [0, 0, 0]
					}
				}
			}
		}
	}
}