{
	"format_version": "1.8.0",
	"animations": {
		"red": {
			"animation_length": 1.5,
			"bones": {
				"body": {
					"rotation": {
						"0.2": {
							"vector": [0, 0, 0]
						},
						"1.5": {
							"vector": [0, 22.5, 0]
						}
					},
					"position": {
						"0.0": {
							"vector": [0, 0, -4]
						},
						"0.2": {
							"vector": [0, 5, 2]
						}
					}
				},
				"head": {
					"rotation": {
						"0.2": {
							"vector": [-1.08826, -19.14885, 0.17088]
						},
						"1.0": {
							"vector": [0, -12.08152, 0]
						},
						"1.5": {
							"vector": [0.33165, -7.70781, 16.58481]
						}
					}
				},
				"right_arm": {
					"rotation": {
						"0.2": {
							"vector": [-149.79628, -25.23098, 21.19748]
						},
						"1.0": {
							"vector": [-98.78847, -5.31414, 56.91631]
						},
						"1.5": {
							"vector": [-177.6506, -0.85482, 19.98248]
						}
					},
					"position": {
						"0.2": {
							"vector": [3, -3, -3]
						},
						"1.0": {
							"vector": [1.5, 0, -4]
						},
						"1.5": {
							"vector": [0, 3, -3]
						}
					}
				},
				"left_arm": {
					"rotation": {
						"0.2": {
							"vector": [117.54606, -62.47846, -87.82347]
						},
						"0.5": {
							"vector": [54.22252, -32.961, -25.18314]
						},
						"1.5": {
							"vector": [-36.89705, 66.76035, 43.66517]
						}
					}
				},
				"right_leg": {
					"rotation": {
						"0.2": {
							"vector": [7.5, 0, 9]
						},
						"1.5": {
							"vector": [0, 0, 9]
						}
					}
				},
				"left_leg": {
					"rotation": {
						"0.0": {
							"vector": [0, 0, 0]
						},
						"0.2": {
							"vector": [0, -22.5, -0.5]
						},
						"1.5": {
							"vector": [0, 0, -0.5]
						}
					}
				},
				"torso": {
					"rotation": {
						"0.2": {
							"vector": [3.72942, -20.72312, -0.97921]
						},
						"1.0": {
							"vector": [4.28989, -12.13389, 0.75802]
						},
						"1.5": {
							"vector": [9.85037, -3.54467, 2.49526]
						}
					}
				}
			}
		}
	},
	"geckolib_format_version": 2
}