{
	"format_version": "1.8.0",
	"animations": {
		"simpledomain": {
			"animation_length": 3.25,
			"override_previous_animation": true,
			"bones": {
				"body": {
					"rotation": {
						"0.0": {
							"vector": [0, 0, 0]
						},
						"0.25": {
							"vector": [16.30895, -19.5312, 0.04621]
						},
						"1.7917": {
							"vector": [16.30895, -19.5312, 0.04621]
						},
						"2.0": {
							"vector": [9, 32.9688, 0]
						},
						"2.75": {
							"vector": [9, 32.9688, 0]
						},
						"3.25": {
							"vector": [0, 0, 0]
						}
					},
					"position": {
						"0.0": {
							"vector": [0, 0, 0]
						},
						"0.25": {
							"vector": [0, -6, 5]
						},
						"1.7917": {
							"vector": [0, -6, 5]
						},
						"2.0": {
							"vector": [0, -2.44141, 5]
						},
						"2.75": {
							"vector": [0, -2.44141, 5]
						},
						"3.25": {
							"vector": [0, 0, 0]
						}
					}
				},
				"head": {
					"rotation": {
						"0.0": {
							"vector": [0, 0, 0]
						},
						"0.25": {
							"vector": [31.97182, 2.58525, 2.53324]
						},
						"1.7917": {
							"vector": [31.97182, 2.58525, 2.53324]
						},
						"2.0": {
							"vector": [12.72574, -32.1246, -10.5302]
						},
						"2.75": {
							"vector": [20.22574, -32.1246, -10.5302]
						},
						"3.25": {
							"vector": [0, 0, 0]
						}
					}
				},
				"right_arm": {
					"rotation": {
						"0.0": {
							"vector": [0, 0, 0]
						},
						"0.25": {
							"vector": [-104.88641, -75.2081, 51.3055]
						},
						"1.7917": {
							"vector": [-104.88641, -75.2081, 51.3055]
						},
						"1.875": {
							"vector": [-92.84212, -56.01914, 119.47654]
						},
						"2.0": {
							"vector": [10.09824, -33.00688, 90.86263]
						},
						"2.75": {
							"vector": [10.09824, -33.00688, 90.86263]
						},
						"3.25": {
							"vector": [0, 0, 0]
						}
					},
					"position": {
						"0.0": {
							"vector": [0, 0, 0]
						},
						"0.25": {
							"vector": [0.74219, 0, -2.48047]
						},
						"1.7917": {
							"vector": [0.74219, 0, -2.48047]
						},
						"2.0": {
							"vector": [-0.86719, 0, 1.30078]
						},
						"2.75": {
							"vector": [-0.86719, 0, 1.30078]
						},
						"3.25": {
							"vector": [0, 0, 0]
						}
					}
				},
				"left_arm": {
					"rotation": {
						"0.0": {
							"vector": [0, 0, 0]
						},
						"0.25": {
							"vector": [-46.81472, -9.18229, -8.51814]
						},
						"1.7917": {
							"vector": [-46.81472, -9.18229, -8.51814]
						},
						"2.0": {
							"vector": [-21.23775, -21.97466, -21.70023]
						},
						"2.75": {
							"vector": [-21.23775, -21.97466, -21.70023]
						},
						"3.25": {
							"vector": [0, 0, 0]
						}
					},
					"position": {
						"0.0": {
							"vector": [0, 0, 0]
						},
						"0.25": {
							"vector": [-1.68359, 0, 2.34375]
						},
						"1.7917": {
							"vector": [-1.68359, 0, 2.34375]
						},
						"2.0": {
							"vector": [-0.54297, 0, 0.375]
						},
						"2.75": {
							"vector": [-0.54297, 0, 0.375]
						},
						"3.25": {
							"vector": [0, 0, 0]
						}
					}
				},
				"right_leg": {
					"rotation": {
						"0.0": {
							"vector": [0, 0, 0]
						},
						"0.25": {
							"vector": [13.99858, 2.47174, 4.35091]
						},
						"1.7917": {
							"vector": [13.99858, 2.47174, 4.35091]
						},
						"2.0": {
							"vector": [14.13315, 1.49922, 8.23327]
						},
						"2.75": {
							"vector": [14.13315, 1.49922, 8.23327]
						},
						"3.25": {
							"vector": [0, 0, 0]
						}
					},
					"position": {
						"0.0": {
							"vector": [0, 0, 0]
						},
						"0.25": {
							"vector": [0, 6, -4]
						},
						"1.7917": {
							"vector": [0, 6, -4]
						},
						"1.875": {
							"vector": [0, 2.60641, -4]
						},
						"2.0": {
							"vector": [0, 1.58984, -4]
						},
						"2.75": {
							"vector": [0, 1.58984, -4]
						},
						"3.25": {
							"vector": [0, 0, 0]
						}
					}
				},
				"left_leg": {
					"rotation": {
						"0.0": {
							"vector": [0, 0, 0]
						},
						"0.25": {
							"vector": [42.25778, -4.81281, -21.7411]
						},
						"1.7917": {
							"vector": [42.25778, -4.81281, -21.7411]
						},
						"2.0": {
							"vector": [7.25778, -4.81281, -21.7411]
						},
						"2.75": {
							"vector": [7.25778, -4.81281, -21.7411]
						},
						"3.25": {
							"vector": [0, 0, 0]
						}
					},
					"position": {
						"0.0": {
							"vector": [0, 0, 0]
						},
						"0.25": {
							"vector": [1, 2.29297, -3.53906]
						},
						"1.7917": {
							"vector": [1, 2.29297, -3.53906]
						},
						"2.0": {
							"vector": [1, 1.14844, -3.53906]
						},
						"2.75": {
							"vector": [1, 1.14844, -3.53906]
						},
						"3.25": {
							"vector": [0, 0, 0]
						}
					}
				}
			}
		}
	},
	"geckolib_format_version": 2
}