{
	"format_version": "1.8.0",
	"animations": {
		"spiderwebanim": {
			"animation_length": 1.9792,
			"override_previous_animation": true,
			"bones": {
				"body": {
					"rotation": {
						"0.0": [0, 0, 0],
						"0.1354": [-7.5, 50, 0],
						"0.4271": [-10, 50, 0],
						"0.5729": [58.90753, -16.74267, -23.92588],
						"1.5": [58.90753, -16.74267, -23.92588],
						"1.9479": [0, 0, 0]
					},
					"position": {
						"0.0": [0, 0, 0],
						"0.1354": [0, 0, 0],
						"0.4271": [0, 0, 0],
						"0.5729": [0, 0, 13],
						"1.5": [0, 0, 13],
						"1.9479": [0, 0, 0]
					}
				},
				"right_arm": {
					"rotation": {
						"0.0": [0, 0, 0],
						"0.1354": [-87.18203, 27.47162, 1.30078],
						"0.4271": [-87.18203, 27.47162, 1.30078],
						"0.5729": [-59.83978, 19.98015, 0.90956],
						"1.5": [-59.83978, 19.98015, 0.90956],
						"1.9479": [0, 0, 0]
					},
					"position": {
						"0.0": [0, 0, 0],
						"0.1354": [1, 0, 3],
						"0.4271": [1, 0, 3],
						"0.5729": [0, 0, -1],
						"1.5": [0, 0, -1],
						"1.9479": [0, 0, 0]
					}
				},
				"left_arm": {
					"rotation": {
						"0.0": [0, 0, 0],
						"0.1354": [-36.69458, -6.86379, -13.36965],
						"0.4271": [-36.69458, -6.86379, -13.36965],
						"0.5729": [-36.69458, -6.86379, -13.36965],
						"1.5": [-36.69458, -6.86379, -13.36965],
						"1.9479": [0, 0, 0]
					},
					"position": {
						"0.0": [0, 0, 0],
						"0.1354": [0, 0, 0],
						"0.4271": [0, 0, 0],
						"0.5729": [0, 0, 0],
						"1.5": [0, 0, 0],
						"1.9479": [0, 0, 0]
					}
				},
				"head": {
					"rotation": {
						"0.0": [0, 0, 0],
						"0.1354": [21.05215, -33.16347, -11.89031],
						"0.4271": [21.05215, -33.16347, -11.89031],
						"0.5729": [17.12148, 26.09365, 9.012],
						"1.5": [17.12148, 26.09365, 9.012],
						"1.9479": [0, 0, 0]
					}
				},
				"right_leg": {
					"rotation": {
						"0.0": [0, 0, 0],
						"0.1354": [18.66166, 0.78223, 7.07891],
						"0.4271": [26.16166, 0.78223, 7.07891],
						"0.5729": [-16.33834, 0.78223, 7.07891],
						"1.5": [-16.33834, 0.78223, 7.07891],
						"1.9479": [0, 0, 0]
					},
					"position": {
						"0.0": [0, 0, 0],
						"0.1354": [0, 0, 0],
						"0.4271": [0, 0, 0],
						"0.5729": [0, 6.1875, -2.12891],
						"1.5": [0, 6.1875, -2.12891],
						"1.9479": [0, 0, 0]
					}
				},
				"left_leg": {
					"rotation": {
						"0.0": [0, 0, 0],
						"0.1354": [0, 0, -7.5],
						"0.4271": [0, 0, -7.5],
						"0.5729": [5, 0, -7.5],
						"1.5": [5, 0, -7.5],
						"1.9479": [0, 0, 0]
					},
					"position": {
						"0.0": [0, 0, 0],
						"0.1354": [0, 0, 0],
						"0.4271": [0, 0, 0],
						"0.5729": [0, 0, 0],
						"1.5": [0, 0, 0],
						"1.9479": [0, 0, 0]
					}
				}
			}
		}
	}
}