{
	"format_version": "1.8.0",
	"animations": {
		"sukuna9": {
			"animation_length": 0.75,
			"override_previous_animation": true,
			"bones": {
				"body": {
					"rotation": {
						"0.0": {
							"vector": [0, 52.5, 0]
						},
						"0.0833": {
							"vector": [0, 180, 0]
						},
						"0.125": {
							"vector": [-12.33631, 310.90805, 9.93067]
						},
						"0.25": {
							"vector": [10, 403.40805, 0]
						},
						"0.75": {
							"vector": [10, 403.40805, 0]
						}
					},
					"position": {
						"vector": [0, -0.98437, 0]
					}
				},
				"left_arm": {
					"rotation": {
						"0.0": {
							"vector": [-22.78025, 3.40487, -26.90804]
						},
						"0.0833": {
							"vector": [-90.32166, 65.04634, -5.53146]
						},
						"0.125": {
							"vector": [-95.32166, 65.04634, -5.53146]
						},
						"0.25": {
							"vector": [-54.80998, -5.33479, -29.10536]
						},
						"0.75": {
							"vector": [-54.80998, -5.33479, -29.10536]
						}
					},
					"position": {
						"0.0": {
							"vector": [0, 0, 0]
						},
						"0.0833": {
							"vector": [-0.35156, 0, -2.89547]
						},
						"0.125": {
							"vector": [-0.35156, 0, -2.89547]
						},
						"0.25": {
							"vector": [0.65, 0, -0.9]
						},
						"0.75": {
							"vector": [0.65, 0, -0.9]
						}
					}
				},
				"right_arm": {
					"rotation": {
						"0.0": {
							"vector": [18.28823, -17.05934, 96.14708]
						},
						"0.0833": {
							"vector": [-119.00704, 11.90043, 74.09104]
						},
						"0.125": {
							"vector": [-118.37242, 3.12284, 78.92855]
						},
						"0.25": {
							"vector": [6.62758, 3.12284, 78.92855]
						},
						"0.75": {
							"vector": [6.62758, 3.12284, 78.92855]
						}
					},
					"position": {
						"0.0": {
							"vector": [-0.26953, 0, 0.10156]
						},
						"0.0833": {
							"vector": [-0.27, 0, -3.26328]
						},
						"0.125": {
							"vector": [-1.20359, -0.97266, -3.26]
						},
						"0.25": {
							"vector": [-1.2, -0.97, -0.26]
						},
						"0.75": {
							"vector": [-1.2, -0.97, -0.26]
						}
					}
				},
				"rightItem": {
					"rotation": {
						"vector": [358.10563, 4.36316, 348.81866]
					},
					"position": {
						"vector": [0, 0.375, -0.22656]
					}
				},
				"head": {
					"rotation": {
						"0.0": {
							"vector": [2.72031, -52.55094, -1.63749]
						},
						"0.0833": {
							"vector": [1.66829, -7.57895, 0.30265]
						},
						"0.125": {
							"vector": [19.43563, 39.29114, 6.03361]
						},
						"0.25": {
							"vector": [19.60277, -39.86157, -19.4203]
						},
						"0.75": {
							"vector": [19.60277, -39.86157, -19.4203]
						}
					}
				},
				"right_leg": {
					"rotation": {
						"0.0": {
							"vector": [-12.52964, -0.10475, 12.3555]
						},
						"0.0833": {
							"vector": [7.47036, -0.10475, 12.3555]
						},
						"0.125": {
							"vector": [17.47036, -0.10475, 12.3555]
						},
						"0.25": {
							"vector": [-2.52915, 0.11605, 17.35062]
						},
						"0.75": {
							"vector": [-2.52915, 0.11605, 17.35062]
						}
					},
					"position": {
						"0.0": {
							"vector": [0, 0, 0]
						},
						"0.25": {
							"vector": [0, 0.70703, -3.24609]
						},
						"0.75": {
							"vector": [0, 0.70703, -3.24609]
						}
					}
				},
				"left_leg": {
					"rotation": {
						"0.0": {
							"vector": [12.5, 0, -10]
						},
						"0.0833": {
							"vector": [-2.5, 0, -10]
						},
						"0.125": {
							"vector": [-2.38443, -0.75155, -27.48436]
						},
						"0.25": {
							"vector": [7.61557, -0.75155, -27.48436]
						},
						"0.75": {
							"vector": [7.61557, -0.75155, -27.48436]
						}
					},
					"position": {
						"vector": [0, -0.36, 0.44406]
					}
				}
			}
		}
	},
	"geckolib_format_version": 2
}