{
	"format_version": "1.8.0",
	"animations": {
		"red": {
			"animation_length": 1.5,
			"bones": {
				"body": {
					"rotation": {
						"0.2": {
							"vector": [0, 0, 0]
						},
						"1.5": {
							"vector": [0, 22.5, 0]
						}
					},
					"position": {
						"0.0": {
							"vector": [0, 0, -4]
						},
						"0.2": {
							"vector": [0, 5, 2]
						}
					}
				},
				"head": {
					"rotation": {
						"0.2": {
							"vector": [-1.08826, -19.14885, 0.17088]
						},
						"1.0": {
							"vector": [0, -12.08152, 0]
						},
						"1.5": {
							"vector": [0.33165, -7.70781, 16.58481]
						}
					}
				},
				"right_arm": {
					"rotation": {
						"0.2": {
							"vector": [-149.79628, -25.23098, 21.19748]
						},
						"1.0": {
							"vector": [-98.78847, -5.31414, 56.91631]
						},
						"1.5": {
							"vector": [-177.6506, -0.85482, 19.98248]
						}
					},
					"position": {
						"0.2": {
							"vector": [3, -3, -3]
						},
						"1.0": {
							"vector": [1.5, 0, -4]
						},
						"1.5": {
							"vector": [0, 3, -3]
						}
					}
				},
				"left_arm": {
					"rotation": {
						"0.2": {
							"vector": [117.54606, -62.47846, -87.82347]
						},
						"0.5": {
							"vector": [54.22252, -32.961, -25.18314]
						},
						"1.5": {
							"vector": [-36.89705, 66.76035, 43.66517]
						}
					}
				},
				"right_leg": {
					"rotation": {
						"0.2": {
							"vector": [7.5, 0, 9]
						},
						"1.5": {
							"vector": [0, 0, 9]
						}
					}
				},
				"left_leg": {
					"rotation": {
						"0.0": {
							"vector": [0, 0, 0]
						},
						"0.2": {
							"vector": [0, -22.5, -0.5]
						},
						"1.5": {
							"vector": [0, 0, -0.5]
						}
					}
				},
				"torso": {
					"rotation": {
						"0.2": {
							"vector": [3.72942, -20.72312, -0.97921]
						},
						"1.0": {
							"vector": [4.28989, -12.13389, 0.75802]
						},
						"1.5": {
							"vector": [9.85037, -3.54467, 2.49526]
						}
					}
				}
			}
		},
		"sukunaslice4": {
			"animation_length": 0.5,
			"bones": {
				"body": {
					"rotation": {
						"0.0": {
							"vector": [0, -45, 0]
						},
						"0.5": {
							"vector": [0, 45, 0]
						}
					},
					"position": {
						"0.0": {
							"vector": [0, 0, 0]
						},
						"0.5": {
							"vector": [5, 0, 0]
						}
					}
				},
				"right_arm": {
					"rotation": {
						"0.0": {
							"vector": [0, 0, -15]
						},
						"0.5": {
							"vector": [2.99636, 0.80245, -14.97901]
						}
					},
					"position": {
						"vector": [0, 0, 1]
					}
				},
				"left_arm": {
					"rotation": {
						"0.0": {
							"vector": [0, 0, 15]
						},
						"0.125": {
							"vector": [-94.66712, -3.23327, 36.09239]
						},
						"0.2083": {
							"vector": [-99.00475, -13.90256, 22.11195]
						},
						"0.25": {
							"vector": [-100.83177, -6.82337, 13.5144]
						},
						"0.5": {
							"vector": [-58.16842, 56.1582, -15.24689]
						}
					},
					"position": {
						"0.0": {
							"vector": [0, 0, 0]
						},
						"0.5": {
							"vector": [0, 0, -2]
						}
					}
				},
				"right_leg": {
					"rotation": {
						"0.0": {
							"vector": [2.5, 0, 17.5]
						},
						"0.5": {
							"vector": [12.5, 0, 0]
						}
					},
					"position": {
						"0.0": {
							"vector": [0, 0, -2]
						},
						"0.5": {
							"vector": [0, 0, 0]
						}
					}
				},
				"left_leg": {
					"rotation": {
						"0.0": {
							"vector": [19.72052, -2.62458, -0.63555]
						},
						"0.5": {
							"vector": [-22.5, 0, 0]
						}
					},
					"position": {
						"0.0": {
							"vector": [0, 0, 0]
						},
						"0.5": {
							"vector": [0, 0, -2]
						}
					}
				},
				"head": {
					"rotation": {
						"0.0": {
							"vector": [0, 0, 0]
						},
						"0.2083": {
							"vector": [0, -45, 0]
						},
						"0.5": {
							"vector": [0, -35, 0]
						}
					}
				}
			}
		}
	},
	"geckolib_format_version": 2
}