{
	"format_version": "1.8.0",
	"animations": {
		"sukuna16": {
			"animation_length": 0.9167,
			"override_previous_animation": true,
			"bones": {
				"body": {
					"rotation": {
						"0.0": {
							"vector": [0, 0, 0]
						},
						"0.25": {
							"vector": [10, -32.5, 0]
						},
						"0.3333": {
							"vector": [0.60357, 51.18332, -4.00968]
						},
						"0.9167": {
							"vector": [0.60357, 51.18332, -4.00968]
						}
					}
				},
				"left_arm": {
					"rotation": {
						"0.0": {
							"vector": [7.5, 0, -15]
						},
						"0.25": {
							"vector": [23.83586, 4.02155, -47.27733]
						},
						"0.3333": {
							"vector": [-137.69289, 1.10538, -68.49289]
						},
						"0.9167": {
							"vector": [-137.69289, 1.10538, -68.49289]
						}
					},
					"position": {
						"0.0": {
							"vector": [0, 0, 0]
						},
						"0.25": {
							"vector": [0, 0, 0]
						},
						"0.3333": {
							"vector": [-0.11328, 0, -3.62109]
						},
						"0.9167": {
							"vector": [-0.11328, 0, -3.62109]
						}
					}
				},
				"right_arm": {
					"rotation": {
						"0.0": {
							"vector": [0, 0, -17.5]
						},
						"0.25": {
							"vector": [0, 0, 17.5]
						},
						"0.3333": {
							"vector": [10, 0, 17.5]
						},
						"0.9167": {
							"vector": [10, 0, 17.5]
						}
					},
					"position": {
						"0.0": {
							"vector": [0, 0, 0]
						},
						"0.25": {
							"vector": [0, 0, 0]
						},
						"0.3333": {
							"vector": [0.11328, 0, -3.62109]
						},
						"0.9167": {
							"vector": [0.11328, 0, -3.62109]
						}
					}
				},
				"head": {
					"rotation": {
						"0.0": {
							"vector": [0, 0, 0]
						},
						"0.25": {
							"vector": [0, 35, 0]
						},
						"0.3333": {
							"vector": [0, -52.5, 0]
						},
						"0.9167": {
							"vector": [0, -52.5, 0]
						}
					}
				},
				"right_leg": {
					"rotation": {
						"0.0": {
							"vector": [0, 0, 0]
						},
						"0.25": {
							"vector": [7.47178, -0.65182, 4.95744]
						},
						"0.3333": {
							"vector": [14.97178, -0.65182, 4.95744]
						},
						"0.9167": {
							"vector": [14.97178, -0.65182, 4.95744]
						}
					}
				},
				"left_leg": {
					"rotation": {
						"0.0": {
							"vector": [0, 0, 0]
						},
						"0.25": {
							"vector": [-14.97864, -0.32621, -12.49294]
						},
						"0.3333": {
							"vector": [-17.47659, 0.42473, -10.10837]
						},
						"0.9167": {
							"vector": [-17.47659, 0.42473, -10.10837]
						}
					}
				},
				"Sword": {
					"position": {
						"0.0": {
							"vector": [0, 0, 0]
						},
						"0.25": {
							"vector": [0, -1.05859, 0]
						},
						"0.625": {
							"vector": [0, 0, 0]
						}
					},
					"scale": {
						"0.0": {
							"vector": [1, 1, 1]
						},
						"0.25": {
							"vector": [1, 3.3, 1]
						},
						"0.625": {
							"vector": [1, 1, 1]
						}
					}
				}
			}
		}
	},
	"geckolib_format_version": 2
}