{
	"format_version": "1.8.0",
	"animations": {
		"sukuna4": {
			"animation_length": 0.75,
			"override_previous_animation": true,
			"bones": {
				"right_arm": {
					"rotation": {
						"0.0": {
							"vector": [-24.35958, 5.70697, -52.39993]
						},
						"0.2917": {
							"vector": [-9.92912, -1.63754, -68.30518]
						},
						"0.3333": {
							"vector": [-82.42393, -7.92365, -82.68502]
						},
						"0.375": {
							"vector": [-208.14009, 5.99084, -86.82046]
						},
						"0.75": {
							"vector": [-208.14009, 5.99084, -86.82046]
						}
					},
					"position": {
						"0.0": {
							"vector": [1.57484, 1, -4.01641]
						},
						"0.2917": {
							"vector": [1.57484, 1, -4.01641]
						},
						"0.3333": {
							"vector": [-1.17219, 2, -2.01609]
						},
						"0.375": {
							"vector": [-0.97984, 1.1875, -1.43438]
						},
						"0.75": {
							"vector": [-0.97984, 1.1875, -1.43438]
						}
					}
				},
				"rightItem": {
					"rotation": {
						"0.0": {
							"vector": [-1.58252, 0, 0]
						},
						"0.1667": {
							"vector": [-82.12737, -13.34619, 149.07749]
						},
						"0.2917": {
							"vector": [-147.5, 0, 180]
						},
						"0.375": {
							"vector": [-148.2058, -10.32751, 182.36245]
						},
						"0.75": {
							"vector": [-148.2058, -10.32751, 182.36245]
						}
					},
					"position": {
						"0.2917": {
							"vector": [-1.04297, 0.76563, 0.04688]
						},
						"0.375": {
							"vector": [-1.04297, 0.76563, 0.04688]
						},
						"0.75": {
							"vector": [-1.04297, 0.76563, 0.04688]
						}
					}
				},
				"body": {
					"rotation": {
						"0.0": {
							"vector": [18.8366, -399.29503, -1.35647]
						},
						"0.2917": {
							"vector": [40.28983, -426.28828, -24.45911]
						},
						"0.3333": {
							"vector": [17.65618, -375.74617, -4.77643]
						},
						"0.375": {
							"vector": [7.11656, -312.00347, -3.80084]
						},
						"0.75": {
							"vector": [7.11656, -312.00347, -3.80084]
						}
					},
					"position": {
						"0.0": {
							"vector": [0, 0, 0]
						},
						"0.2917": {
							"vector": [-2.15234, 0, 0]
						},
						"0.375": {
							"vector": [3.12734, 0, 0]
						},
						"0.75": {
							"vector": [3.12734, 0, 0]
						}
					}
				},
				"left_arm": {
					"rotation": {
						"0.0": {
							"vector": [-2.07819, -11.88639, 23.28]
						},
						"0.2917": {
							"vector": [-0.34807, -7.2722, -40.05117]
						},
						"0.375": {
							"vector": [22.87098, -9.71174, -16.98658]
						},
						"0.75": {
							"vector": [22.87098, -9.71174, -16.98658]
						}
					},
					"position": {
						"0.0": {
							"vector": [1, 0, 1.71172]
						},
						"0.2917": {
							"vector": [1, 0, 1.71172]
						},
						"0.375": {
							"vector": [1, 0, 0.58672]
						},
						"0.75": {
							"vector": [1, 0, 0.58672]
						}
					}
				},
				"head": {
					"rotation": {
						"0.0": {
							"vector": [3.17493, 39.98439, 6.91006]
						},
						"0.2917": {
							"vector": [3.17493, 39.98439, 6.91006]
						},
						"0.375": {
							"vector": [3.4359, -44.92073, 2.44104]
						},
						"0.75": {
							"vector": [3.4359, -44.92073, 2.44104]
						}
					}
				},
				"right_leg": {
					"rotation": {
						"0.0": {
							"vector": [-25.06344, -0.9762, 19.93656]
						},
						"0.2917": {
							"vector": [-12.48132, 1.74435, 32.13833]
						},
						"0.375": {
							"vector": [5.01868, 1.74435, 32.13833]
						},
						"0.75": {
							"vector": [5.01868, 1.74435, 32.13833]
						}
					},
					"position": {
						"0.0": {
							"vector": [0, 1, -4]
						},
						"0.2917": {
							"vector": [0, 1, -4]
						},
						"0.3333": {
							"vector": [0, 1, -2.67578]
						},
						"0.375": {
							"vector": [0, -0.41016, -0.00781]
						},
						"0.75": {
							"vector": [0, -0.41016, -0.00781]
						}
					}
				},
				"left_leg": {
					"rotation": {
						"0.0": {
							"vector": [11.83068, -6.51401, -25.14636]
						},
						"0.2917": {
							"vector": [-0.66932, -6.51401, -25.14636]
						},
						"0.3333": {
							"vector": [2.9851, -6.36273, -20.11691]
						},
						"0.375": {
							"vector": [-13.88989, -4.757, -17.81932]
						},
						"0.75": {
							"vector": [-13.88989, -4.757, -17.81932]
						}
					},
					"position": {
						"0.2917": {
							"vector": [0, -0.23828, 0]
						},
						"0.375": {
							"vector": [0, -0.23828, -2.83203]
						},
						"0.75": {
							"vector": [0, -0.23828, -2.83203]
						}
					}
				}
			}
		}
	},
	"geckolib_format_version": 2
}