{
	"format_version": "1.8.0",
	"animations": {
		"sukuna3": {
			"animation_length": 1.3333,
			"override_previous_animation": true,
			"bones": {
				"left_arm": {
					"rotation": {
						"0.0": {
							"vector": [-20.77638, -11.92617, 11.52074]
						},
						"0.0833": {
							"vector": [-39.23694, 7.11921, -2.18233]
						},
						"0.1458": {
							"vector": [-24, 8.78, -2.65]
						},
						"0.25": {
							"vector": [-2.82207, 5.41636, -12.09606]
						},
						"0.5208": {
							"vector": [-24, 8.78, -2.65]
						},
						"0.625": {
							"vector": [28.5, 8.78, -2.65]
						},
						"1.1042": {
							"vector": [28.5, 8.78, -2.65]
						},
						"1.3333": {
							"vector": [35.46505, -21.80099, -40.27808]
						}
					},
					"position": {
						"0.0": {
							"vector": [-0.11719, 0, 1.5]
						},
						"0.1458": {
							"vector": [-0.12, 0, 0.9]
						},
						"0.25": {
							"vector": [-0.12, 0, 0.5]
						},
						"0.5208": {
							"vector": [-0.12, 0, 0.9]
						},
						"1.1042": {
							"vector": [-0.12, 0, 0.9]
						},
						"1.3333": {
							"vector": [-0.11719, 0, 1.5]
						}
					}
				},
				"right_arm": {
					"rotation": {
						"0.0": {
							"vector": [13.75933, -68.18427, -21.88293]
						},
						"0.1458": {
							"vector": [-44.60998, -56.14828, 47.64995]
						},
						"0.5208": {
							"vector": [-120.16953, 5.67773, 104.85606]
						},
						"0.625": {
							"vector": [19.5115, 6.66315, 99.8351]
						},
						"1.1042": {
							"vector": [19.5115, 6.66315, 99.8351]
						},
						"1.3333": {
							"vector": [-61.11828, -41.64114, 62.76369]
						}
					},
					"position": {
						"0.0": {
							"vector": [0, 0, 0]
						},
						"0.1458": {
							"vector": [0, 0, 0]
						},
						"0.5208": {
							"vector": [0, 0, -3]
						},
						"0.625": {
							"vector": [-1, 0, 0]
						},
						"1.1042": {
							"vector": [-1, 0, 0]
						},
						"1.3333": {
							"vector": [0, 0, 0]
						}
					}
				},
				"chain1l": {
					"rotation": {
						"0.0": {
							"vector": [-7.5, 0, 0]
						},
						"0.1458": {
							"vector": [17.5, 0, 0]
						},
						"0.5208": {
							"vector": [-15.69284, -16.88547, 4.6653]
						},
						"1.1042": {
							"vector": [1.80716, -16.88547, 4.6653]
						},
						"1.3333": {
							"vector": [-7.5, 0, 0]
						}
					}
				},
				"chain2l": {
					"rotation": {
						"0.0": {
							"vector": [-7.5, 0, 0]
						},
						"0.1458": {
							"vector": [5, 0, 0]
						},
						"0.5208": {
							"vector": [-13.14267, -8.93173, 16.34366]
						},
						"1.1042": {
							"vector": [-0.70447, -9.43823, 1.1563]
						},
						"1.3333": {
							"vector": [-7.5, 0, 0]
						}
					}
				},
				"chain3l": {
					"rotation": {
						"0.0": {
							"vector": [-35, 0, 0]
						},
						"0.1458": {
							"vector": [-20.23163, 6.13784, -4.31837]
						},
						"0.5208": {
							"vector": [-26.81265, 8.67824, 2.79837]
						},
						"1.1042": {
							"vector": [-22.69773, 5.83418, -4.19831]
						},
						"1.3333": {
							"vector": [-35, 0, 0]
						}
					}
				},
				"chain4l": {
					"rotation": {
						"0.0": {
							"vector": [15, 0, 0]
						},
						"0.1458": {
							"vector": [112.49858, -21.46902, -13.12427]
						},
						"0.5208": {
							"vector": [108.08154, -23.30605, -8.09433]
						},
						"1.1042": {
							"vector": [107.49858, -21.46902, -13.12427]
						},
						"1.3333": {
							"vector": [15, 0, 0]
						}
					}
				},
				"chain5l": {
					"rotation": {
						"0.0": {
							"vector": [10, 0, 0]
						},
						"0.1458": {
							"vector": [10, 0, 0]
						},
						"0.5208": {
							"vector": [10.00933, 2.462, 0.43439]
						},
						"1.1042": {
							"vector": [5.14456, -15.00621, -0.57171]
						},
						"1.3333": {
							"vector": [10, 0, 0]
						}
					}
				},
				"nunchuck_left": {
					"rotation": {
						"0.0": {
							"vector": [-22.5, 0, 0]
						},
						"0.1458": {
							"vector": [-22.5, 0, 0]
						},
						"0.5208": {
							"vector": [-22.5193, 2.30959, -0.95723]
						},
						"1.1042": {
							"vector": [-22.5193, 2.30959, -0.95723]
						},
						"1.3333": {
							"vector": [-22.5, 0, 0]
						}
					}
				},
				"chain1r": {
					"rotation": {
						"0.0": {
							"vector": [0, 67.5, 0]
						},
						"0.1458": {
							"vector": [0, 67.5, 0]
						},
						"0.5208": {
							"vector": [0, 67.5, 0]
						},
						"1.1042": {
							"vector": [0, 67.5, 0]
						},
						"1.3333": {
							"vector": [0, 67.5, 0]
						}
					}
				},
				"chain2r": {
					"rotation": {
						"0.0": {
							"vector": [-35, 0, 0]
						},
						"0.1458": {
							"vector": [-35, 0, 0]
						},
						"0.5208": {
							"vector": [-35, 0, 0]
						},
						"1.1042": {
							"vector": [-35, 0, 0]
						},
						"1.3333": {
							"vector": [-35, 0, 0]
						}
					}
				},
				"chain3r": {
					"rotation": {
						"0.0": {
							"vector": [-59.09314, 10.58927, -17.06488]
						},
						"0.1458": {
							"vector": [-59.09314, 10.58927, -17.06488]
						},
						"0.5208": {
							"vector": [-59.09314, 10.58927, -17.06488]
						},
						"1.1042": {
							"vector": [-59.09314, 10.58927, -17.06488]
						},
						"1.3333": {
							"vector": [-59.09314, 10.58927, -17.06488]
						}
					}
				},
				"chain4r": {
					"rotation": {
						"0.0": {
							"vector": [-10, 57.5, 0]
						},
						"0.1458": {
							"vector": [-10, 57.5, 0]
						},
						"0.5208": {
							"vector": [-10, 57.5, 0]
						},
						"1.1042": {
							"vector": [-10, 57.5, 0]
						},
						"1.3333": {
							"vector": [-10, 57.5, 0]
						}
					}
				},
				"chain5r": {
					"rotation": {
						"0.0": {
							"vector": [-12.97828, 17.23705, -2.02705]
						},
						"0.1458": {
							"vector": [-12.97828, 17.23705, -2.02705]
						},
						"0.5208": {
							"vector": [-12.97828, 17.23705, -2.02705]
						},
						"1.1042": {
							"vector": [-12.97828, 17.23705, -2.02705]
						},
						"1.3333": {
							"vector": [-12.97828, 17.23705, -2.02705]
						}
					}
				},
				"body": {
					"rotation": {
						"0.0": {
							"vector": [0, 0, 0]
						},
						"0.1458": {
							"vector": [0, 0, 0]
						},
						"0.2083": {
							"vector": [0, 0, 0]
						},
						"0.3958": {
							"vector": [0.10288, -36.32561, 5.55712]
						},
						"0.4792": {
							"vector": [1.52356, -35.73337, 8.71899]
						},
						"0.5417": {
							"vector": [1.52356, -35.73337, 8.71899]
						},
						"0.625": {
							"vector": [13.41366, 54.93332, 6.88847]
						},
						"1.1042": {
							"vector": [10.90534, 55.77367, 0.82366]
						},
						"1.3333": {
							"vector": [0, 0, 0]
						}
					},
					"position": {
						"0.0": {
							"vector": [0, 0, 0]
						},
						"0.1458": {
							"vector": [0, 0, 0]
						},
						"0.2083": {
							"vector": [0, 0, 0]
						},
						"0.2292": {
							"vector": [11.5, 0, 0]
						},
						"0.25": {
							"vector": [-17, 0, 0]
						},
						"0.2708": {
							"vector": [38, 0, 0]
						},
						"0.2917": {
							"vector": [-7, 0, 0]
						},
						"0.3125": {
							"vector": [11.5, 0, 0]
						},
						"0.3333": {
							"vector": [-17, 0, 0]
						},
						"0.3542": {
							"vector": [38, 0, 0]
						},
						"0.375": {
							"vector": [-7, 0, 0]
						},
						"0.3958": {
							"vector": [139, 0, 0]
						},
						"0.5208": {
							"vector": [0, 0, 0]
						},
						"1.3333": {
							"vector": [0, 0, 0]
						}
					},
					"scale": {
						"0.0": {
							"vector": [1, 1, 1]
						},
						"0.1458": {
							"vector": [1, 1, 1]
						},
						"0.2083": {
							"vector": [1, 1, 1]
						},
						"0.25": {
							"vector": [1, 1, 1]
						},
						"0.2708": {
							"vector": [0.7667, 1, 0.6667]
						},
						"0.2917": {
							"vector": [1, 1, 1]
						},
						"0.3125": {
							"vector": [0, 1, 0]
						},
						"0.3333": {
							"vector": [0, 1, 0]
						},
						"0.3542": {
							"vector": [0, 1, 0]
						},