{
	"format_version": "1.8.0",
	"animations": {
		"sukuna14": {
			"animation_length": 1.25,
			"override_previous_animation": true,
			"bones": {
				"right_arm": {
					"rotation": {
						"0.0": {
							"vector": [1.57617, 29.3891, -16.54167]
						},
						"0.125": {
							"vector": [-156.62475, -29.06848, 12.08295]
						},
						"0.25": {
							"vector": [-40.52063, -12.30483, -47.1165]
						},
						"0.4167": {
							"vector": [-40.52063, -12.30483, -47.1165]
						},
						"0.4583": {
							"vector": [-40.52063, -12.30483, -47.1165]
						},
						"0.5": {
							"vector": [39.9279, 8.48615, 129.60131]
						},
						"0.8333": {
							"vector": [39.9279, 8.48615, 129.60131]
						},
						"1.25": {
							"vector": [1.57617, 29.3891, -16.54167]
						}
					},
					"position": {
						"0.0": {
							"vector": [0, 0, 0]
						},
						"0.25": {
							"vector": [-0.02281, 0, -3.64922]
						},
						"0.4167": {
							"vector": [-0.02281, 0, -3.64922]
						},
						"0.5": {
							"vector": [-0.02281, 1, 0.47187]
						},
						"0.8333": {
							"vector": [-0.02281, 1, 0.47187]
						},
						"1.25": {
							"vector": [0, 0, 0]
						}
					}
				},
				"rightItem": {
					"rotation": {
						"0.0": {
							"vector": [14.17514, -53.09126, -21.9103]
						},
						"0.0833": {
							"vector": [8.61458, 10.94001, -8.84562]
						},
						"0.1667": {
							"vector": [30.6351, 14.49436, -8.03646]
						},
						"0.25": {
							"vector": [10.47084, -35.97962, -16.68921]
						},
						"0.4167": {
							"vector": [10.47084, -35.97962, -16.68921]
						},
						"0.4583": {
							"vector": [18.46628, 62.3352, 5.98387]
						},
						"0.5": {
							"vector": [28.4583, 1.05024, -10.33631]
						},
						"0.8333": {
							"vector": [28.4583, 1.05024, -10.33631]
						},
						"1.0417": {
							"vector": [32.64186, 52.7249, 20.59941]
						},
						"1.1667": {
							"vector": [21.27255, 10.17499, 3.68449]
						},
						"1.25": {
							"vector": [14.17514, -53.09126, -21.9103]
						}
					},
					"position": {
						"0.0": {
							"vector": [-1.04297, 1.27734, -1.35156]
						},
						"0.125": {
							"vector": [-1.04, 1.28, 1.61094]
						},
						"0.4167": {
							"vector": [-1.04, 1.28, 1.61094]
						},
						"0.4583": {
							"vector": [0.66, 1.28, -0.19]
						},
						"1.25": {
							"vector": [-1.04297, 1.27734, -1.35156]
						}
					}
				},
				"body": {
					"rotation": {
						"0.0": {
							"vector": [0, 0, 0]
						},
						"0.25": {
							"vector": [25, -35, 0]
						},
						"0.4167": {
							"vector": [25, -35, 0]
						},
						"0.5": {
							"vector": [27.53372, 46.84474, 11.58672]
						},
						"0.8333": {
							"vector": [27.53372, 46.84474, 11.58672]
						},
						"1.25": {
							"vector": [0, 0, 0]
						}
					},
					"position": {
						"0.0": {
							"vector": [0, 0, 0]
						},
						"0.25": {
							"vector": [-4, 0, 4]
						},
						"0.4167": {
							"vector": [-4, 0, 4]
						},
						"0.5": {
							"vector": [6, 0, 4]
						},
						"0.8333": {
							"vector": [6, 0, 4]
						},
						"1.25": {
							"vector": [0, 0, 0]
						}
					}
				},
				"left_arm": {
					"rotation": {
						"0.0": {
							"vector": [0, 0, 0]
						},
						"0.25": {
							"vector": [19.82417, -1.61888, -62.60362]
						},
						"0.4167": {
							"vector": [19.82417, -1.61888, -62.60362]
						},
						"0.5": {
							"vector": [-33.9844, 9.81152, -46.12169]
						},
						"0.8333": {
							"vector": [-33.9844, 9.81152, -46.12169]
						},
						"1.25": {
							"vector": [0, 0, 0]
						}
					},
					"position": {
						"0.0": {
							"vector": [0, 0, 0]
						},
						"1.25": {
							"vector": [0, 0, 0]
						}
					}
				},
				"head": {
					"rotation": {
						"0.0": {
							"vector": [0, 0, 0]
						},
						"0.25": {
							"vector": [28.75755, 32.24859, -6.53364]
						},
						"0.4167": {
							"vector": [28.75755, 32.24859, -6.53364]
						},
						"0.5": {
							"vector": [11.18421, -36.39009, 4.74954]
						},
						"0.8333": {
							"vector": [11.18421, -36.39009, 4.74954]
						},
						"1.25": {
							"vector": [0, 0, 0]
						}
					}
				},
				"right_leg": {
					"rotation": {
						"0.0": {
							"vector": [0, 0, 0]
						},
						"0.25": {
							"vector": [10, 0, 15]
						},
						"0.4167": {
							"vector": [10, 0, 15]
						},
						"0.5": {
							"vector": [10, 0, 15]
						},
						"0.8333": {
							"vector": [10, 0, 15]
						},
						"1.25": {
							"vector": [0, 0, 0]
						}
					},
					"position": {
						"0.0": {
							"vector": [0, 0, 0]
						},
						"1.25": {
							"vector": [0, 0, 0]
						}
					}
				},
				"left_leg": {
					"rotation": {
						"0.0": {
							"vector": [0, 0, 0]
						},
						"0.25": {
							"vector": [-32.10967, -3.73171, -11.93845]
						},
						"0.4167": {
							"vector": [-32.10967, -3.73171, -11.93845]
						},
						"0.5": {
							"vector": [-32.10967, -3.73171, -11.93845]
						},
						"0.8333": {
							"vector": [-32.10967, -3.73171, -11.93845]
						},
						"1.25": {
							"vector": [0, 0, 0]
						}
					},
					"position": {
						"0.0": {
							"vector": [0, 0, 0]
						},
						"0.25": {
							"vector": [0, 1.10938, -3.16797]
						},
						"0.4167": {
							"vector": [0, 1.10938, -3.16797]
						},
						"0.5": {
							"vector": [0, 1.10938, -3.16797]
						},
						"0.8333": {
							"vector": [0, 1.10938, -3.16797]
						},
						"1.25": {
							"vector": [0, 0, 0]
						}
					}
				},
				"root": {
					"position": {
						"0.0": {
							"vector": [0, 0, 0]
						},
						"0.25": {
							"vector": [0, 0, 0]
						},
						"0.4167": {
							"vector": [0, 0, 0]
						},
						"0.5": {
							"vector": [0, 0, 0]
						},
						"0.8333": {
							"vector": [0, 0, 0]
						},
						"1.25": {
							"vector": [0, 0, 0]
						}
					}
				}
			}
		}
	},
	"geckolib_format_version": 2
}