{
	"format_version": "1.8.0",
	"animations": {
		"sukuna11": {
			"animation_length": 0.5417,
			"override_previous_animation": true,
			"bones": {
				"body": {
					"rotation": {
						"0.0": {
							"vector": [6, -70, 0]
						},
						"0.1667": {
							"vector": [6.0072, -70.08944, 2.49163]
						},
						"0.25": {
							"vector": [0, 52.5, 0]
						},
						"0.5417": {
							"vector": [0, 52.5, 0]
						}
					},
					"position": {
						"0.0": {
							"vector": [0, -0.98437, 0]
						},
						"0.1667": {
							"vector": [0, -0.98437, 0]
						},
						"0.25": {
							"vector": [0, -0.98437, 0]
						},
						"0.5417": {
							"vector": [0, -0.98437, 0]
						}
					}
				},
				"left_arm": {
					"rotation": {
						"0.0": {
							"vector": [12.5, 0, -17.5]
						},
						"0.1667": {
							"vector": [19.71975, 3.40487, -26.90804]
						},
						"0.25": {
							"vector": [-22.78025, 3.40487, -26.90804]
						},
						"0.5417": {
							"vector": [-22.78025, 3.40487, -26.90804]
						}
					}
				},
				"right_arm": {
					"rotation": {
						"0.0": {
							"vector": [-113.87623, 14.82001, 82.34727]
						},
						"0.1667": {
							"vector": [-113.27488, -4.01199, 120.48651]
						},
						"0.2083": {
							"vector": [-86.83498, -9.93337, 92.36549]
						},
						"0.25": {
							"vector": [18.28823, -17.05934, 96.14708]
						},
						"0.2917": {
							"vector": [22.64822, 0.97923, 104.28449]
						},
						"0.5417": {
							"vector": [22.64822, 0.97923, 104.28449]
						}
					},
					"position": {
						"0.0": {
							"vector": [-0.26953, 0, -2.89844]
						},
						"0.1667": {
							"vector": [-0.26953, 0, -2.89844]
						},
						"0.25": {
							"vector": [-0.26953, 0, 0.10156]
						},
						"0.5417": {
							"vector": [-0.26953, 0, 0.10156]
						}
					}
				},
				"rightItem": {
					"rotation": {
						"0.0": {
							"vector": [210, 0, 180]
						},
						"0.1667": {
							"vector": [343.62736, -11.84514, 357.53662]
						},
						"0.25": {
							"vector": [358.10563, 4.36316, 348.81866]
						},
						"0.5417": {
							"vector": [358.10563, 4.36316, 348.81866]
						}
					},
					"position": {
						"0.0": {
							"vector": [0, 0.70313, -2.39844]
						},
						"0.1667": {
							"vector": [0, 0.70313, -2.39844]
						},
						"0.25": {
							"vector": [0, 0.375, -0.22656]
						},
						"0.5417": {
							"vector": [0, 0.375, -0.22656]
						}
					}
				},
				"head": {
					"rotation": {
						"0.0": {
							"vector": [0, 62.5, 0]
						},
						"0.1667": {
							"vector": [6.0307, 67.47708, 1.13628]
						},
						"0.25": {
							"vector": [2.72031, -52.55094, -1.63749]
						},
						"0.5417": {
							"vector": [2.72031, -52.55094, -1.63749]
						}
					}
				},
				"right_leg": {
					"rotation": {
						"0.0": {
							"vector": [15, 0, 7.5]
						},
						"0.1667": {
							"vector": [12.48637, -0.64686, 9.91492]
						},
						"0.25": {
							"vector": [-12.52964, -0.10475, 12.3555]
						},
						"0.5417": {
							"vector": [-12.52964, -0.10475, 12.3555]
						}
					}
				},
				"left_leg": {
					"rotation": {
						"0.0": {
							"vector": [-15, 0, -10]
						},
						"0.1667": {
							"vector": [-22.5, 0, -10]
						},
						"0.25": {
							"vector": [12.5, 0, -10]
						},
						"0.5417": {
							"vector": [12.5, 0, -10]
						}
					},
					"position": {
						"0.0": {
							"vector": [0, 0.64, -1.55594]
						},
						"0.1667": {
							"vector": [0, 0.64, -1.55594]
						},
						"0.25": {
							"vector": [0, -0.36, 0.44406]
						},
						"0.5417": {
							"vector": [0, -0.36, 0.44406]
						}
					}
				}
			}
		}
	},
	"geckolib_format_version": 2
}