{
	"format_version": "1.8.0",
	"animations": {
		"sukuna10": {
			"animation_length": 2.9583,
			"override_previous_animation": true,
			"bones": {
				"body": {
					"rotation": {
						"0.0": {
							"vector": [15, 0, 0]
						},
						"0.0833": {
							"vector": [22.5, 0, 0]
						},
						"0.1667": {
							"vector": [10.75014, -57.60187, 2.01764]
						},
						"0.25": {
							"vector": [10.75014, -57.60187, 2.01764]
						},
						"0.5833": {
							"vector": [20.93283, -87.93227, -9.62622]
						},
						"0.6667": {
							"vector": [28.58155, 46.92628, 12.08424]
						},
						"1.25": {
							"vector": [28.58155, 46.92628, 12.08424]
						},
						"1.625": {
							"vector": [0, 0, 0]
						}
					},
					"position": {
						"0.0": {
							"vector": [0, 0, -9]
						},
						"0.0833": {
							"vector": [0, 0, -8]
						},
						"0.1667": {
							"vector": [0, 5, 10]
						},
						"0.25": {
							"vector": [0, 5, 10]
						},
						"0.5833": {
							"vector": [0, 5, 10]
						},
						"0.6667": {
							"vector": [0, 5, 10]
						},
						"1.25": {
							"vector": [0, 5, 10]
						},
						"1.625": {
							"vector": [0, 0, 0]
						}
					},
					"scale": {
						"0.0": {
							"vector": [1, 1, 1]
						},
						"0.0833": {
							"vector": [0, 1, 1]
						},
						"0.2083": {
							"vector": [1, 1, 1]
						}
					}
				},
				"left_arm": {
					"rotation": {
						"0.0": {
							"vector": [-23.30696, 9.30727, 20.57639]
						},
						"0.0833": {
							"vector": [-41.07194, 17.72197, 30.0938]
						},
						"0.1667": {
							"vector": [12.5, 0, -10]
						},
						"0.25": {
							"vector": [12.5, 0, -10]
						},
						"0.5833": {
							"vector": [12.5, 0, -10]
						},
						"0.6667": {
							"vector": [35, 0, -10]
						},
						"1.25": {
							"vector": [35, 0, -10]
						},
						"1.625": {
							"vector": [0, 0, 0]
						},
						"1.75": {
							"vector": [0, 0, 17.5]
						}
					}
				},
				"right_arm": {
					"rotation": {
						"0.0": {
							"vector": [-4.24388, 8.31087, -8.66235]
						},
						"0.0833": {
							"vector": [20, 0, 15]
						},
						"0.1667": {
							"vector": [-147.33699, -28.87771, 70.98645]
						},
						"0.25": {
							"vector": [-147.33699, -28.87771, 70.98645]
						},
						"0.5833": {
							"vector": [-146.5798, 15.17082, 90.58067]
						},
						"0.6667": {
							"vector": [13.53867, -0.30737, 57.89401]
						},
						"1.25": {
							"vector": [14.64017, -22.14801, 52.34347]
						},
						"1.625": {
							"vector": [-7.94761, 2.55868, -4.8423]
						}
					},
					"position": {
						"0.0": {
							"vector": [0, 0, 0]
						},
						"0.0833": {
							"vector": [0, 0, 0]
						},
						"0.1667": {
							"vector": [1, -1, -3]
						},
						"0.25": {
							"vector": [1, -1, -3]
						},
						"0.5833": {
							"vector": [1, -1, -3]
						},
						"0.6667": {
							"vector": [-1, -1, 1]
						},
						"1.25": {
							"vector": [-1, -1, 1]
						},
						"1.625": {
							"vector": [0, 0, 0]
						}
					}
				},
				"head": {
					"rotation": {
						"0.0": {
							"vector": [25, 0, 0]
						},
						"0.0833": {
							"vector": [-17.5, 0, 0]
						},
						"0.1667": {
							"vector": [0, 57.5, 0]
						},
						"0.25": {
							"vector": [0, 57.5, 0]
						},
						"0.5833": {
							"vector": [0, 70, 0]
						},
						"0.6667": {
							"vector": [-10.23617, -49.34408, 11.27941]
						},
						"1.25": {
							"vector": [-10.23617, -49.34408, 11.27941]
						},
						"1.625": {
							"vector": [0, 0, 0]
						},
						"1.75": {
							"vector": [-15, 0, 0]
						}
					}
				},
				"right_leg": {
					"rotation": {
						"0.0": {
							"vector": [5, 0, 0]
						},
						"0.0833": {
							"vector": [5, 0, 0]
						},
						"0.1667": {
							"vector": [22.5, 0, 0]
						},
						"0.25": {
							"vector": [22.5, 0, 0]
						},
						"0.5833": {
							"vector": [22.5, 0, 0]
						},
						"0.6667": {
							"vector": [22.5, 0, 0]
						},
						"1.25": {
							"vector": [22.5, 0, 0]
						},
						"1.625": {
							"vector": [0, 0, 0]
						}
					},
					"position": {
						"0.0": {
							"vector": [0, 0, 0]
						},
						"0.0833": {
							"vector": [0, 0, 0]
						},
						"0.1667": {
							"vector": [0, 2, -4]
						},
						"0.25": {
							"vector": [0, 2, -4]
						},
						"0.5833": {
							"vector": [0, 2, -4]
						},
						"0.6667": {
							"vector": [0, 2, -4]
						},
						"1.25": {
							"vector": [0, 2, -4]
						},
						"1.625": {
							"vector": [0, 0, 0]
						}
					}
				},
				"left_leg": {
					"rotation": {
						"0.0": {
							"vector": [-12.5, 0, 0]
						},
						"0.0833": {
							"vector": [-12.5, 0, 0]
						},
						"0.1667": {
							"vector": [0, 0, -10]
						},
						"0.25": {
							"vector": [0, 0, -10]
						},
						"0.5833": {
							"vector": [0, 0, -10]
						},
						"0.6667": {
							"vector": [0, 0, -10]
						},
						"1.25": {
							"vector": [0, 0, -10]
						},
						"1.625": {
							"vector": [0, 0, 0]
						}
					},
					"position": {
						"0.0": {
							"vector": [0, 1, -3]
						},
						"0.0833": {
							"vector": [0, 3.21484, -3]
						},
						"0.1667": {
							"vector": [0, 0, 0]
						},
						"0.25": {
							"vector": [0, 0, 0]
						},
						"0.5833": {
							"vector": [0, 0, 0]
						},
						"0.6667": {
							"vector": [0, 0, 0]
						},
						"1.25": {
							"vector": [0, 0, 0]
						},
						"1.625": {
							"vector": [0, 0, 0]
						}
					}
				},
				"Sword": {
					"position": {
						"0.0": {
							"vector": [0, 0, 0]
						},
						"0.5417": {
							"vector": [0, 0, 0]
						},
						"0.75": {
							"vector": [0, 0, 0]
						},
						"1.3333": {
							"vector": [0, 0, 0]
						},
						"1.4167": {
							"vector": [0, 0, 0]
						},
						"1.5": {
							"vector": [0, 0, 0]
						},
						"1.5833": {
							"vector": [0, 0, 0]
						},
						"1.9167": {
							"vector": [0, 0, 0]
						},
						"2.0": {
							"vector": [0, 0, 0]
						},
						"2.5833": {
							"vector": [0, 0, 0]
						},
						"2.9583": {
							"vector": [0, 0, 0]
						}
					},
					"scale": {
						"0.0": {
							"vector": [1, 1, 1]
						},
						"0.1667": {
							"vector": [1, 0.2, 1]
						},
						"0.25": {
							"vector": [1, 0.2, 1]
						},
						"0.5417": {
							"vector": [1, 0.2, 1]
						},
						"0.75": {
							"vector": [1, 1, 1]
						},
						"1.3333": {
							"vector": [1, 1, 1]
						},
						"1.4167": {
							"vector": [1, 1, 1]
						},
						"1.5": {
							"vector": [1, 1, 1]
						},
						"1.5833": {
							"vector": [1, 1, 1]
						},
						"1.9167": {
							"vector": [1, 5.8, 1]
						},
						"2.0": {
							"vector": [1, 5.8, 1]
						},
						"2.5833": {
							"vector": [1, 5.8, 1]
						},
						"2.9583": {
							"vector": [1, 1, 1]
						}
					}
				}
			}
		}
	},
	"geckolib_format_version": 2
}