{
	"format_version": "1.8.0",
	"animations": {
		"sukuna8": {
			"animation_length": 1.0833,
			"override_previous_animation": true,
			"bones": {
				"body": {
					"rotation": {
						"0.0": {
							"vector": [10.57454, 48.8137, 4.91235]
						},
						"0.0833": {
							"vector": [0, 158.8137, 0]
						},
						"0.125": {
							"vector": [0, 268.81, 0]
						},
						"0.25": {
							"vector": [15, 416.31, 0]
						},
						"0.625": {
							"vector": [15, 416.31, 0]
						},
						"1.0417": {
							"vector": [15, 416.31, 0]
						}
					},
					"position": {
						"0.0": {
							"vector": [0, 0, 0]
						},
						"0.25": {
							"vector": [0, -2, 0]
						},
						"0.625": {
							"vector": [0, -2, 0]
						},
						"1.0417": {
							"vector": [0, -2, 0]
						}
					}
				},
				"left_arm": {
					"rotation": {
						"0.0": {
							"vector": [10, 0, -17.5]
						},
						"0.0833": {
							"vector": [-17.50933, 0.43399, -19.96207]
						},
						"0.25": {
							"vector": [-40.00933, 0.43399, -19.96207]
						},
						"0.625": {
							"vector": [-40.00933, 0.43399, -19.96207]
						},
						"1.0417": {
							"vector": [-40.00933, 0.43399, -19.96207]
						}
					}
				},
				"right_arm": {
					"rotation": {
						"0.0": {
							"vector": [12.30711, -1.10538, 68.49289]
						},
						"0.0833": {
							"vector": [-126.07753, 3.73774, 100.42042]
						},
						"0.125": {
							"vector": [-126.07753, 3.73774, 100.42042]
						},
						"0.25": {
							"vector": [-0.22062, 2.60911, 63.36748]
						},
						"0.625": {
							"vector": [-0.22062, 2.60911, 63.36748]
						},
						"1.0417": {
							"vector": [-0.22062, 2.60911, 63.36748]
						}
					},
					"position": {
						"0.0": {
							"vector": [-1, 0, 1]
						},
						"0.0833": {
							"vector": [-1, 0, -1.55469]
						},
						"0.125": {
							"vector": [-1, 0, -3.42969]
						},
						"0.25": {
							"vector": [-1, 0, 1.45]
						},
						"0.625": {
							"vector": [-1, 0, 1.45]
						},
						"1.0417": {
							"vector": [-1, 0, 1.45]
						}
					},
					"scale": {
						"0.0": {
							"vector": [1, 1, 1]
						},
						"0.0833": {
							"vector": [1, 1, 1]
						},
						"0.125": {
							"vector": [1, 1, 1]
						},
						"0.625": {
							"vector": [1, 1, 1]
						},
						"1.0417": {
							"vector": [1, 1, 1]
						}
					}
				},
				"head": {
					"rotation": {
						"0.0": {
							"vector": [0, -48.43, 0]
						},
						"0.0833": {
							"vector": [0, -48.43, 0]
						},
						"0.125": {
							"vector": [-2.21546, 41.52165, -3.33993]
						},
						"0.25": {
							"vector": [-5, -48.43, 0]
						},
						"0.625": {
							"vector": [-5, -48.43, 0]
						},
						"1.0417": {
							"vector": [-5, -48.43, 0]
						}
					}
				},
				"right_leg": {
					"rotation": {
						"0.0": {
							"vector": [-17.47659, -0.42473, 10.10837]
						},
						"0.0833": {
							"vector": [-4.97659, -0.42473, 10.10837]
						},
						"0.25": {
							"vector": [-4.97659, -0.42473, 10.10837]
						},
						"0.625": {
							"vector": [-4.97659, -0.42473, 10.10837]
						},
						"1.0833": {
							"vector": [-4.97659, -0.42473, 10.10837]
						}
					},
					"position": {
						"0.0": {
							"vector": [0, 0, 0]
						},
						"0.125": {
							"vector": [0, 0, 0]
						},
						"0.25": {
							"vector": [0, 2, -3]
						},
						"0.625": {
							"vector": [0, 2, -3]
						},
						"1.0833": {
							"vector": [0, 2, -3]
						}
					}
				},
				"left_leg": {
					"rotation": {
						"0.0": {
							"vector": [14.9307, 1.2969, -7.37314]
						},
						"0.0833": {
							"vector": [14.9307, 1.2969, -7.37314]
						}
					}
				},
				"Sword": {
					"position": {
						"0.0": {
							"vector": [0, 0, 0]
						},
						"0.0833": {
							"vector": [0, 0, 0]
						},
						"0.1667": {
							"vector": [0, 0, 0]
						},
						"0.5": {
							"vector": [0, 0, 0]
						},
						"1.0833": {
							"vector": [0, 0, 0]
						}
					},
					"scale": {
						"0.0": {
							"vector": [1, 1, 1]
						},
						"0.0833": {
							"vector": [1, 3, 1]
						},
						"0.1667": {
							"vector": [1, 3, 1]
						},
						"0.5": {
							"vector": [1, 1, 1]
						},
						"1.0833": {
							"vector": [1, 1, 1]
						}
					}
				}
			}
		}
	},
	"geckolib_format_version": 2
}