{
	"format_version": "1.8.0",
	"animations": {
		"sukuna6": {
			"animation_length": 0.75,
			"override_previous_animation": true,
			"bones": {
				"body": {
					"rotation": {
						"0.0": {
							"vector": [10, 403.40805, 0]
						},
						"0.125": {
							"vector": [18.2045, 412.99688, 4.28252]
						},
						"0.2083": {
							"vector": [0, 318.27591, 0]
						},
						"0.75": {
							"vector": [0, 318.27591, 0]
						}
					},
					"position": {
						"0.125": {
							"vector": [0, -0.98437, 0]
						},
						"0.2083": {
							"vector": [0, -0.98437, 0]
						},
						"0.75": {
							"vector": [0, -0.98437, 0]
						}
					}
				},
				"left_arm": {
					"rotation": {
						"0.0": {
							"vector": [-54.80998, -5.33479, -29.10536]
						},
						"0.125": {
							"vector": [-54.68816, 6.938, -20.46365]
						},
						"0.2083": {
							"vector": [-3.16936, 1.12606, -34.33245]
						},
						"0.75": {
							"vector": [-3.16936, 1.12606, -34.33245]
						}
					},
					"position": {
						"0.0": {
							"vector": [0.65, 0, -0.9]
						},
						"0.125": {
							"vector": [0.65, 0, -0.9]
						},
						"0.2083": {
							"vector": [0.65, 0, -0.9]
						},
						"0.75": {
							"vector": [0.65, 0, -0.9]
						}
					}
				},
				"right_arm": {
					"rotation": {
						"0.0": {
							"vector": [6.62758, 3.12284, 78.92855]
						},
						"0.125": {
							"vector": [5.38694, 4.96862, 61.48159]
						},
						"0.1667": {
							"vector": [-35.9406, 5.08398, 60.39115]
						},
						"0.2083": {
							"vector": [-136.07044, 12.24239, 68.42719]
						},
						"0.75": {
							"vector": [-136.07044, 12.24239, 68.42719]
						}
					},
					"position": {
						"0.0": {
							"vector": [-1.2, -0.97, -0.26]
						},
						"0.125": {
							"vector": [-1.2, -0.97, -0.26]
						},
						"0.2083": {
							"vector": [-1.2, -0.97, -4.26]
						},
						"0.75": {
							"vector": [-1.2, -0.97, -4.26]
						}
					}
				},
				"rightItem": {
					"rotation": {
						"0.125": {
							"vector": [181.88988, -1.86452, 168.90132]
						},
						"0.2083": {
							"vector": [181.88988, -1.86452, 168.90132]
						},
						"0.75": {
							"vector": [181.88988, -1.86452, 168.90132]
						}
					},
					"position": {
						"0.125": {
							"vector": [0, 0.375, -0.22656]
						},
						"0.2083": {
							"vector": [0, 0.375, -0.22656]
						},
						"0.75": {
							"vector": [0, 0.375, -0.22656]
						}
					}
				},
				"head": {
					"rotation": {
						"0.0": {
							"vector": [19.60277, -39.86157, -19.4203]
						},
						"0.125": {
							"vector": [22.12992, -46.87265, -23.09304]
						},
						"0.2083": {
							"vector": [1.4469, 40.10729, 0.28231]
						},
						"0.75": {
							"vector": [1.4469, 40.10729, 0.28231]
						}
					}
				},
				"right_leg": {
					"rotation": {
						"0.0": {
							"vector": [-2.52915, 0.11605, 17.35062]
						},
						"0.125": {
							"vector": [-12.52915, 0.11605, 17.35062]
						},
						"0.2083": {
							"vector": [9.97085, 0.11605, 17.35062]
						},
						"0.75": {
							"vector": [9.97085, 0.11605, 17.35062]
						}
					},
					"position": {
						"0.0": {
							"vector": [0, 0.70703, -3.24609]
						},
						"0.125": {
							"vector": [0, 0.70703, -3.24609]
						},
						"0.2083": {
							"vector": [0, 0.71, -0.25]
						},
						"0.75": {
							"vector": [0, 0.71, -0.25]
						}
					}
				},
				"left_leg": {
					"rotation": {
						"0.0": {
							"vector": [7.61557, -0.75155, -27.48436]
						},
						"0.125": {
							"vector": [7.61557, -0.75155, -27.48436]
						},
						"0.2083": {
							"vector": [0, 0, -20]
						},
						"0.75": {
							"vector": [0, 0, -20]
						}
					},
					"position": {
						"0.125": {
							"vector": [0, -0.36, 0.44406]
						},
						"0.2083": {
							"vector": [0, -0.36, -1.56]
						},
						"0.75": {
							"vector": [0, -0.36, -1.56]
						}
					}
				}
			}
		}
	},
	"geckolib_format_version": 2
}