{
	"format_version": "1.8.0",
	"animations": {
		"sword11": {
			"animation_length": 0.5417,
			"override_previous_animation": true,
			"bones": {
				"body": {
					"rotation": {
						"0.0": {
							"vector": [0, 0, 0]
						},
						"0.1667": {
							"vector": [14.0364, 42.26696, 3.99093]
						},
						"0.25": {
							"vector": [6, -70, 0]
						},
						"0.5417": {
							"vector": [6, -70, 0]
						}
					},
					"position": {
						"0.0": {
							"vector": [0, 0, 0]
						},
						"0.1667": {
							"vector": [0, -0.98437, 0]
						},
						"0.5417": {
							"vector": [0, -0.98437, 0]
						}
					}
				},
				"left_arm": {
					"rotation": {
						"0.0": {
							"vector": [0, 0, 0]
						},
						"0.1667": {
							"vector": [-29.97667, 10.40396, -2.12629]
						},
						"0.25": {
							"vector": [12.5, 0, -17.5]
						},
						"0.5417": {
							"vector": [12.5, 0, -17.5]
						}
					}
				},
				"right_arm": {
					"rotation": {
						"0.0": {
							"vector": [-20.71731, -18.02209, 22.32873]
						},
						"0.1667": {
							"vector": [-2.58523, -12.10192, 57.80711]
						},
						"0.2083": {
							"vector": [-55.18678, 10.81684, 65.82972]
						},
						"0.25": {
							"vector": [-113.87623, 14.82001, 82.34727]
						},
						"0.5417": {
							"vector": [-113.87623, 14.82001, 82.34727]
						}
					},
					"position": {
						"0.0": {
							"vector": [0, 0, 0]
						},
						"0.1667": {
							"vector": [0, 0, 0]
						},
						"0.25": {
							"vector": [-0.26953, 0, -2.89844]
						},
						"0.5417": {
							"vector": [-0.26953, 0, -2.89844]
						}
					}
				},
				"rightItem": {
					"rotation": {
						"0.0": {
							"vector": [160, 0, 180]
						},
						"0.1667": {
							"vector": [160, 0, 180]
						},
						"0.25": {
							"vector": [210, 0, 180]
						},
						"0.5417": {
							"vector": [210, 0, 180]
						}
					},
					"position": {
						"0.0": {
							"vector": [0, 0, 0]
						},
						"0.1667": {
							"vector": [0, 0, 0]
						},
						"0.25": {
							"vector": [0, 0.70313, -2.39844]
						},
						"0.5417": {
							"vector": [0, 0.70313, -2.39844]
						}
					}
				},
				"head": {
					"rotation": {
						"0.0": {
							"vector": [0, 0, 0]
						},
						"0.1667": {
							"vector": [-8.47365, -39.90384, 1.69313]
						},
						"0.25": {
							"vector": [0, 62.5, 0]
						},
						"0.5417": {
							"vector": [0, 62.5, 0]
						}
					}
				},
				"right_leg": {
					"rotation": {
						"0.0": {
							"vector": [0, 0, 0]
						},
						"0.1667": {
							"vector": [12.5, 0, 7.5]
						},
						"0.25": {
							"vector": [15, 0, 7.5]
						},
						"0.5417": {
							"vector": [15, 0, 7.5]
						}
					}
				},
				"left_leg": {
					"rotation": {
						"0.0": {
							"vector": [0, 0, 0]
						},
						"0.1667": {
							"vector": [-12.45744, -0.65182, -7.47178]
						},
						"0.25": {
							"vector": [-15, 0, -10]
						},
						"0.5417": {
							"vector": [-15, 0, -10]
						}
					},
					"position": {
						"0.0": {
							"vector": [0, 0, 0]
						},
						"0.1667": {
							"vector": [0, 1.64063, -1.96875]
						},
						"0.25": {
							"vector": [0, 0.64, -1.55594]
						},
						"0.5417": {
							"vector": [0, 0.64, -1.55594]
						}
					}
				}
			}
		}
	},
	"geckolib_format_version": 2
}