{
	"format_version": "1.8.0",
	"animations": {
		"sword1": {
			"animation_length": 1.5,
			"override_previous_animation": true,
			"bones": {
				"right_arm": {
					"rotation": {
						"0.0": {
							"vector": [-198.42383, 29.3891, -16.54167]
						},
						"0.4167": {
							"vector": [-94.79645, -36.85036, -179.67477]
						},
						"0.5": {
							"vector": [-87.58462, 30.70073, -170.30283]
						},
						"1.0": {
							"vector": [-87.58462, 30.70073, -170.30283]
						},
						"1.375": {
							"vector": [-211.43618, 23.63256, -60.04365]
						},
						"1.5": {
							"vector": [-198.42383, 29.3891, -16.54167]
						}
					},
					"position": {
						"0.0": {
							"vector": [-0.39062, -7, -1.94531]
						},
						"0.4167": {
							"vector": [1.77797, 1.06641, 3.83125]
						},
						"0.5": {
							"vector": [-1.08922, 1.06641, -0.16875]
						},
						"1.0": {
							"vector": [-1.08922, 1.06641, -0.16875]
						},
						"1.5": {
							"vector": [-0.39062, -7, -1.94531]
						}
					}
				},
				"rightItem": {
					"rotation": {
						"0.0": {
							"vector": [14.17514, -53.09126, -21.9103]
						},
						"0.4167": {
							"vector": [44.96258, -77.98797, -54.82088]
						},
						"0.5": {
							"vector": [104.82297, -80.82871, -77.55202]
						},
						"1.0": {
							"vector": [104.82297, -80.82871, -77.55202]
						},
						"1.5": {
							"vector": [14.17514, -53.09126, -21.9103]
						}
					},
					"position": {
						"0.0": {
							"vector": [-1.04297, 1.27734, -1.35156]
						},
						"1.5": {
							"vector": [-1.04297, 1.27734, -1.35156]
						}
					}
				},
				"body": {
					"rotation": {
						"0.0": {
							"vector": [0, 0, 0]
						},
						"0.4167": {
							"vector": [17.5, 47.5, 0]
						},
						"0.5": {
							"vector": [12.5, -82.71464, 0]
						},
						"1.0": {
							"vector": [12.5, -82.71464, 0]
						},
						"1.5": {
							"vector": [0, 0, 0]
						}
					},
					"position": {
						"0.0": {
							"vector": [0, 0, 0]
						},
						"0.4167": {
							"vector": [0, 0, 2]
						},
						"0.5": {
							"vector": [0, 0, 2]
						},
						"1.0": {
							"vector": [0, 0, 2]
						},
						"1.5": {
							"vector": [0, 0, 0]
						}
					}
				},
				"left_arm": {
					"rotation": {
						"0.0": {
							"vector": [0, 0, 0]
						},
						"0.4167": {
							"vector": [-206.49955, 84.41125, -116.60872]
						},
						"0.5": {
							"vector": [-98.67258, 54.68982, -7.09519]
						},
						"1.0": {
							"vector": [-98.67258, 54.68982, -7.09519]
						},
						"1.5": {
							"vector": [0, 0, 0]
						}
					},
					"position": {
						"0.0": {
							"vector": [0, 0, 0]
						},
						"0.4167": {
							"vector": [-1.26172, 0, -3.11719]
						},
						"0.5": {
							"vector": [0.80078, 0, -0.41406]
						},
						"1.0": {
							"vector": [0.80078, 0, -0.41406]
						},
						"1.5": {
							"vector": [0, 0, 0]
						}
					}
				},
				"head": {
					"rotation": {
						"0.0": {
							"vector": [0, 0, 0]
						},
						"0.4167": {
							"vector": [0, -47.5, 0]
						},
						"0.5": {
							"vector": [0, 87.5, 0]
						},
						"1.0": {
							"vector": [0, 87.5, 0]
						},
						"1.5": {
							"vector": [0, 0, 0]
						}
					}
				},
				"right_leg": {
					"rotation": {
						"0.0": {
							"vector": [0, 0, 0]
						},
						"0.4167": {
							"vector": [-14.6658, 2.57594, 14.78217]
						},
						"0.5": {
							"vector": [-14.6658, 2.57594, 14.78217]
						},
						"1.0": {
							"vector": [-14.6658, 2.57594, 14.78217]
						},
						"1.5": {
							"vector": [0, 0, 0]
						}
					},
					"position": {
						"0.0": {
							"vector": [0, 0, 0]
						},
						"0.4167": {
							"vector": [0, 1, -4]
						},
						"0.5": {
							"vector": [0, 1, -4]
						},
						"1.0": {
							"vector": [0, 1, -4]
						},
						"1.5": {
							"vector": [0, 0, 0]
						}
					}
				},
				"left_leg": {
					"rotation": {
						"0.0": {
							"vector": [0, 0, 0]
						},
						"0.4167": {
							"vector": [-1.3032, -0.7795, -13.00509]
						},
						"0.5": {
							"vector": [23.6968, -0.7795, -13.00509]
						},
						"1.0": {
							"vector": [23.6968, -0.7795, -13.00509]
						},
						"1.5": {
							"vector": [0, 0, 0]
						}
					},
					"position": {
						"0.0": {
							"vector": [0, 0, 0]
						},
						"1.5": {
							"vector": [0, 0, 0]
						}
					}
				}
			}
		}
	},
	"geckolib_format_version": 2
}