{
	"format_version": "1.8.0",
	"animations": {
		"sword2": {
			"animation_length": 1.5,
			"override_previous_animation": true,
			"bones": {
				"right_arm": {
					"rotation": {
						"0.0": {
							"vector": [-198.42383, 29.3891, -16.54167]
						},
						"0.375": {
							"vector": [-63.53503, -27.03284, -235.2439]
						},
						"0.4583": {
							"vector": [-61.11961, 58.2013, -178.26151]
						},
						"1.0417": {
							"vector": [-61.11961, 58.2013, -178.26151]
						},
						"1.4167": {
							"vector": [-209.7736, 24.16868, -73.63614]
						},
						"1.5": {
							"vector": [-198.42383, 29.3891, -16.54167]
						}
					},
					"position": {
						"0.0": {
							"vector": [-0.39062, -7, -1.94531]
						},
						"0.1667": {
							"vector": [0.69, 1.85031, 0.94]
						},
						"0.375": {
							"vector": [1.77797, 1.06641, 3.83125]
						},
						"0.4583": {
							"vector": [-1.03844, 1.06641, -5.06328]
						},
						"1.0417": {
							"vector": [-1.03844, 1.06641, -5.06328]
						},
						"1.2917": {
							"vector": [-0.65, 1.65453, 0.99453]
						},
						"1.4167": {
							"vector": [-0.48, -5.88, -1.01672]
						},
						"1.5": {
							"vector": [-0.39062, -7, -1.94531]
						}
					}
				},
				"rightItem": {
					"rotation": {
						"0.0": {
							"vector": [14.17514, -53.09126, -21.9103]
						},
						"0.375": {
							"vector": [44.96258, -77.98797, -54.82088]
						},
						"0.4583": {
							"vector": [151.38762, -64.89827, -131.34139]
						},
						"1.0417": {
							"vector": [151.38762, -64.89827, -131.34139]
						},
						"1.5": {
							"vector": [14.17514, -53.09126, -21.9103]
						}
					},
					"position": {
						"0.0": {
							"vector": [-1.04297, 1.27734, -1.35156]
						},
						"1.5": {
							"vector": [-1.04297, 1.27734, -1.35156]
						}
					}
				},
				"body": {
					"rotation": {
						"0.0": {
							"vector": [0, 0, 0]
						},
						"0.375": {
							"vector": [32.5, 47.5, 0]
						},
						"0.4583": {
							"vector": [-3.12141, -57.42823, 7.14196]
						},
						"1.0417": {
							"vector": [-24.40433, -64.90954, 32.2913]
						},
						"1.2917": {
							"vector": [-4.1979, -23.92429, 1.82698]
						},
						"1.5": {
							"vector": [0, 0, 0]
						}
					},
					"position": {
						"0.0": {
							"vector": [0, 0, 0]
						},
						"0.375": {
							"vector": [3.75391, 0, 2]
						},
						"0.4583": {
							"vector": [-3.24609, 1.80859, 2]
						},
						"1.0417": {
							"vector": [-3.24609, 1.80859, 2]
						},
						"1.5": {
							"vector": [0, 0, 0]
						}
					}
				},
				"left_arm": {
					"rotation": {
						"0.0": {
							"vector": [0, 0, 0]
						},
						"0.375": {
							"vector": [-206.49955, 84.41125, -116.60872]
						},
						"0.4583": {
							"vector": [-128.2522, 36.41105, 30.04639]
						},
						"1.0417": {
							"vector": [-128.2522, 36.41105, 30.04639]
						},
						"1.5": {
							"vector": [0, 0, 0]
						}
					},
					"position": {
						"0.0": {
							"vector": [0, 0, 0]
						},
						"0.375": {
							"vector": [-2.13281, 0.26953, -3.375]
						},
						"0.4583": {
							"vector": [-2.13281, 0.26953, -3.375]
						},
						"1.0417": {
							"vector": [-2.13281, 0.26953, -3.375]
						},
						"1.5": {
							"vector": [0, 0, 0]
						}
					}
				},
				"head": {
					"rotation": {
						"0.0": {
							"vector": [0, 0, 0]
						},
						"0.375": {
							"vector": [0, -47.5, 0]
						},
						"0.4583": {
							"vector": [18.20313, 54.2429, 8.14875]
						},
						"1.0417": {
							"vector": [11.69359, 68.26348, -0.14832]
						},
						"1.2917": {
							"vector": [9.57533, 28.58528, -1.01854]
						},
						"1.5": {
							"vector": [0, 0, 0]
						}
					}
				},
				"right_leg": {
					"rotation": {
						"0.0": {
							"vector": [0, 0, 0]
						},
						"0.375": {
							"vector": [-14.6658, 2.57594, 14.78217]
						},
						"0.4583": {
							"vector": [3.14595, 2.18416, 22.27842]
						},
						"1.0417": {
							"vector": [-7.18402, 0.34078, 7.38784]
						},
						"1.5": {
							"vector": [0, 0, 0]
						}
					},
					"position": {
						"0.0": {
							"vector": [0, 0, 0]
						},
						"0.375": {
							"vector": [0, 3, -4]
						},
						"0.4583": {
							"vector": [0, 0, -4]
						},
						"1.0417": {
							"vector": [0, 0, -4]
						},
						"1.5": {
							"vector": [0, 0, 0]
						}
					}
				},
				"left_leg": {
					"rotation": {
						"0.0": {
							"vector": [0, 0, 0]
						},
						"0.375": {
							"vector": [-1.3032, -0.7795, -13.00509]
						},
						"0.4583": {
							"vector": [18.6968, -0.7795, -13.00509]
						},
						"1.0417": {
							"vector": [18.6968, -0.7795, -13.00509]
						},
						"1.5": {
							"vector": [0, 0, 0]
						}
					},
					"position": {
						"0.0": {
							"vector": [0, 0, 0]
						},
						"1.5": {
							"vector": [0, 0, 0]
						}
					}
				},
				"root": {
					"position": {
						"0.0": {
							"vector": [0, 0, 0]
						},
						"0.4583": {
							"vector": [0, -4, 0]
						},
						"1.5": {
							"vector": [0, 0, 0]
						}
					}
				}
			}
		}
	},
	"geckolib_format_version": 2
}