{
	"format_version": "1.8.0",
	"animations": {
		"sword10": {
			"animation_length": 0.75,
			"override_previous_animation": true,
			"bones": {
				"right_arm": {
					"rotation": {
						"0.0": {
							"vector": [-198.42383, 29.3891, -16.54167]
						},
						"0.25": {
							"vector": [-188.47089, -17.93891, -34.25491]
						},
						"0.375": {
							"vector": [-50.27891, 4.69141, -49.93437]
						},
						"0.75": {
							"vector": [-50.27891, 4.69141, -49.93437]
						}
					},
					"position": {
						"0.0": {
							"vector": [-0.39062, -7, -1.94531]
						},
						"0.25": {
							"vector": [-0.39, -2, -1.95]
						},
						"0.375": {
							"vector": [-0.39, 1, -1.95]
						},
						"0.75": {
							"vector": [-0.39, 1, -1.95]
						}
					}
				},
				"rightItem": {
					"rotation": {
						"0.0": {
							"vector": [14.17514, -53.09126, -21.9103]
						},
						"0.25": {
							"vector": [-52.3457, -35.83722, 39.81782]
						},
						"0.3333": {
							"vector": [-0.16991, 8.37904, 5.76201]
						},
						"0.375": {
							"vector": [25.91748, 4.23728, -11.18828]
						},
						"0.75": {
							"vector": [25.91748, 4.23728, -11.18828]
						}
					},
					"position": {
						"0.0": {
							"vector": [-1.04297, 1.27734, -1.35156]
						},
						"0.375": {
							"vector": [-1.04297, 0.76563, 0.04688]
						},
						"0.75": {
							"vector": [-1.04297, 0.76563, 0.04688]
						}
					}
				},
				"body": {
					"rotation": {
						"0.0": {
							"vector": [0, 0, 0]
						},
						"0.25": {
							"vector": [5, 32.5, 0]
						},
						"0.375": {
							"vector": [31.53971, -62.10588, -10.69526]
						},
						"0.75": {
							"vector": [31.53971, -62.10588, -10.69526]
						}
					}
				},
				"left_arm": {
					"rotation": {
						"0.0": {
							"vector": [0, 0, 0]
						},
						"0.375": {
							"vector": [19.25656, 11.86554, -30.48005]
						},
						"0.75": {
							"vector": [19.25656, 11.86554, -30.48005]
						}
					}
				},
				"head": {
					"rotation": {
						"0.0": {
							"vector": [0, 0, 0]
						},
						"0.25": {
							"vector": [0, -32.5, 0]
						},
						"0.375": {
							"vector": [0, 60, 0]
						},
						"0.75": {
							"vector": [0, 60, 0]
						}
					}
				},
				"right_leg": {
					"rotation": {
						"0.0": {
							"vector": [0, 0, 0]
						},
						"0.25": {
							"vector": [0, 0, 12.5]
						},
						"0.375": {
							"vector": [7.5, 0, 12.5]
						},
						"0.75": {
							"vector": [7.5, 0, 12.5]
						}
					}
				},
				"left_leg": {
					"rotation": {
						"0.0": {
							"vector": [0, 0, 0]
						},
						"0.25": {
							"vector": [0, 0, -5]
						},
						"0.375": {
							"vector": [-15, 0, -5]
						},
						"0.75": {
							"vector": [-15, 0, -5]
						}
					},
					"position": {
						"0.0": {
							"vector": [0, 0, 0]
						},
						"0.25": {
							"vector": [0, 0, 0]
						},
						"0.375": {
							"vector": [0, 1, -3]
						},
						"0.75": {
							"vector": [0, 1, -3]
						}
					}
				}
			}
		}
	},
	"geckolib_format_version": 2
}