{
	"format_version": "1.8.0",
	"animations": {
		"sword22": {
			"animation_length": 1.1667,
			"override_previous_animation": true,
			"bones": {
				"body": {
					"rotation": {
						"0.0": {
							"vector": [0, 0, 0]
						},
						"0.375": {
							"vector": [9.78796, 25.03717, -0.479]
						},
						"0.5": {
							"vector": [1.50447, -19.54949, -6.08798]
						},
						"0.9167": {
							"vector": [1.50447, -19.54949, -6.08798]
						},
						"1.125": {
							"vector": [0, 0, 0]
						}
					},
					"position": {
						"0.0": {
							"vector": [0, 0, 0]
						},
						"0.375": {
							"vector": [0, 0, 11]
						},
						"0.5": {
							"vector": [0, 0, -2]
						},
						"0.9167": {
							"vector": [0, 0, -2]
						},
						"1.125": {
							"vector": [0, 0, 0]
						}
					}
				},
				"left_arm": {
					"rotation": {
						"0.0": {
							"vector": [0, 0, 0]
						},
						"0.375": {
							"vector": [-12.31594, -2.15393, -9.76758]
						},
						"0.5": {
							"vector": [10.18406, -2.15393, -9.76758]
						},
						"0.9167": {
							"vector": [10.18406, -2.15393, -9.76758]
						},
						"1.125": {
							"vector": [0, 0, 0]
						}
					}
				},
				"right_arm": {
					"rotation": {
						"0.0": {
							"vector": [7.5, 0, 15]
						},
						"0.375": {
							"vector": [45, 0, 15]
						},
						"0.5": {
							"vector": [-157.66289, -5.73853, 64.75742]
						},
						"0.9167": {
							"vector": [-157.66289, -5.73853, 64.75742]
						},
						"1.125": {
							"vector": [7.5, 0, 15]
						}
					},
					"position": {
						"0.0": {
							"vector": [0, 0, 0]
						},
						"0.375": {
							"vector": [0, 0, 0]
						},
						"0.5": {
							"vector": [0, 0, -4]
						},
						"0.9167": {
							"vector": [0, 0, -4]
						},
						"1.125": {
							"vector": [0, 0, 0]
						}
					}
				},
				"head": {
					"rotation": {
						"0.0": {
							"vector": [0, 0, 0]
						},
						"0.375": {
							"vector": [-2.5, -30, 0]
						},
						"0.5": {
							"vector": [-1.39364, 20.04216, 0.62181]
						},
						"0.9167": {
							"vector": [-1.39364, 20.04216, 0.62181]
						},
						"1.125": {
							"vector": [0, 0, 0]
						}
					}
				},
				"right_leg": {
					"rotation": {
						"0.0": {
							"vector": [0, 0, 0]
						},
						"0.375": {
							"vector": [15, 0, 0]
						},
						"0.5": {
							"vector": [-10, 0, 0]
						},
						"0.9167": {
							"vector": [-10, 0, 0]
						},
						"1.125": {
							"vector": [0, 0, 0]
						}
					}
				},
				"left_leg": {
					"rotation": {
						"0.0": {
							"vector": [0, 0, 0]
						},
						"0.375": {
							"vector": [-20, 0, 0]
						},
						"0.5": {
							"vector": [25, 0, 0]
						},
						"0.9167": {
							"vector": [25, 0, 0]
						},
						"1.125": {
							"vector": [0, 0, 0]
						}
					},
					"position": {
						"0.0": {
							"vector": [0, 0, 0]
						},
						"0.375": {
							"vector": [0, 0, -4]
						},
						"0.5": {
							"vector": [0, 0, 1]
						},
						"0.9167": {
							"vector": [0, 0, 1]
						},
						"1.125": {
							"vector": [0, 0, 0]
						}
					}
				},
				"Sword": {
					"position": {
						"0.0": {
							"vector": [0, 0, 0]
						},
						"0.375": {
							"vector": [0, 0, 0]
						},
						"1.125": {
							"vector": [0, 0, 0]
						}
					},
					"scale": {
						"0.0": {
							"vector": [1, 1, 1]
						},
						"0.375": {
							"vector": [1, 2.2, 1]
						},
						"1.125": {
							"vector": [1, 1, 1]
						}
					}
				}
			}
		}
	},
	"geckolib_format_version": 2
}