{
	"format_version": "1.8.0",
	"animations": {
		"sword_to_left": {
			"animation_length": 0.5,
			"bones": {
				"body": {
					"rotation": {
						"0.0": {
							"vector": [0, 45, 0]
						},
						"0.0417": {
							"vector": [10, -12.5, 0]
						},
						"0.125": {
							"vector": [12.2638, -37.04866, -5.27575]
						},
						"0.1667": {
							"vector": [18.81424, -74.56214, -14.71366]
						}
					},
					"position": {
						"0.0": {
							"vector": [0, 0, 0]
						},
						"0.125": {
							"vector": [0, -1, 0]
						}
					}
				},
				"torso": {
					"rotation": {
						"0.0": {
							"vector": [0, 0, 0]
						},
						"0.0417": {
							"vector": [10, 0, 0]
						}
					},
					"position": {
						"0.0": {
							"vector": [0, 0, 0]
						},
						"0.0833": {
							"vector": [0, -1, 0]
						}
					}
				},
				"head": {
					"rotation": {
						"0.0": {
							"vector": [0, -45, 0]
						},
						"0.1667": {
							"vector": [0, 50, 0]
						}
					},
					"position": {
						"0.0": {
							"vector": [0, 0, 0]
						},
						"0.125": {
							"vector": [0, -1, 0]
						},
						"0.1667": {
							"vector": [0, -1.3, 0]
						}
					}
				},
				"right_arm": {
					"rotation": {
						"0.0": {
							"vector": [-208.34658, -24.4733, -17.79718]
						},
						"0.0417": {
							"vector": [-109.42278, 4.90143, -53.37384]
						},
						"0.125": {
							"vector": [-4.63221, 4.70405, -55.87482]
						},
						"0.1667": {
							"vector": [2.86779, 4.70405, -55.87482]
						}
					},
					"position": {
						"0.0": {
							"vector": [0, 0, 0]
						},
						"0.0417": {
							"vector": [0, 1, -2]
						},
						"0.125": {
							"vector": [2, 0, -4]
						},
						"0.1667": {
							"vector": [3, -1, -3.7]
						}
					}
				},
				"left_arm": {
					"rotation": {
						"0.0": {
							"vector": [-20, 0, -15]
						},
						"0.125": {
							"vector": [26.70536, -12.4692, -72.72424]
						},
						"0.1667": {
							"vector": [39.20536, -12.4692, -72.72424]
						}
					},
					"position": {
						"0.0": {
							"vector": [0, 0, 0]
						},
						"0.0417": {
							"vector": [0, 0, 2]
						},
						"0.125": {
							"vector": [-1, -1, 3]
						},
						"0.1667": {
							"vector": [-1, -2, 4]
						}
					}
				},
				"right_leg": {
					"rotation": {
						"0.0": {
							"vector": [0, 0, 0]
						},
						"0.0417": {
							"vector": [25, 0, 0]
						},
						"0.1667": {
							"vector": [35, 0, 0]
						}
					},
					"position": {
						"0.0": {
							"vector": [0, 0, 0]
						},
						"0.0417": {
							"vector": [0, 0, 1.7]
						},
						"0.125": {
							"vector": [-0.8, -1, 1.2]
						}
					}
				},
				"left_leg": {
					"rotation": {
						"0.0": {
							"vector": [0, 0, 0]
						},
						"0.0417": {
							"vector": [-22.5, 0, 0]
						},
						"0.1667": {
							"vector": [-30, 0, 0]
						}
					},
					"position": {
						"0.0": {
							"vector": [0, 0, 0]
						},
						"0.0417": {
							"vector": [-0.4, 0, 3.3]
						},
						"0.125": {
							"vector": [-0.4, -1, 3.3]
						}
					}
				}
			}
		}
	},
	"geckolib_format_version": 2
}