{
	"format_version": "1.8.0",
	"animations": {
		"sword20": {
			"animation_length": 1.1667,
			"override_previous_animation": true,
			"bones": {
				"body": {
					"rotation": {
						"0.0": {
							"vector": [-0.71124, 327.31914, -3.01672]
						},
						"0.25": {
							"vector": [-6.48265, 289.98174, 4.6058]
						},
						"0.3333": {
							"vector": [-11.50276, 421.46453, -16.17963]
						},
						"0.5": {
							"vector": [0, 533.78763, 0]
						},
						"0.5833": {
							"vector": [0, 668.79, 0]
						},
						"0.625": {
							"vector": [15, 748.79, 0]
						},
						"0.9167": {
							"vector": [15, 748.79, 0]
						},
						"1.1667": {
							"vector": [0, 720, 0]
						}
					},
					"position": {
						"0.0": {
							"vector": [0, -1, 0]
						},
						"0.5833": {
							"vector": [0, -1, 0]
						},
						"0.625": {
							"vector": [0, -3, 0]
						},
						"0.9167": {
							"vector": [0, -3, 0]
						},
						"1.1667": {
							"vector": [0, 0, 0]
						}
					}
				},
				"left_arm": {
					"rotation": {
						"0.0": {
							"vector": [-95.00933, 0.43399, -19.96207]
						},
						"0.3333": {
							"vector": [-36.54625, 11.47204, -9.65002]
						},
						"0.4167": {
							"vector": [-67.57266, 45.66341, 15.64187]
						},
						"0.625": {
							"vector": [-52.31658, 33.50596, 12.28051]
						},
						"0.9167": {
							"vector": [-52.31658, 33.50596, 12.28051]
						},
						"1.1667": {
							"vector": [0, 0, 0]
						}
					},
					"position": {
						"vector": [0, 0, 0]
					}
				},
				"right_arm": {
					"rotation": {
						"0.0": {
							"vector": [-157.45545, -8.95341, 58.60246]
						},
						"0.25": {
							"vector": [-162.34661, -16.78123, 80.26631]
						},
						"0.3333": {
							"vector": [3.5809, -21.90683, 62.51665]
						},
						"0.5": {
							"vector": [-105.80122, -20.62359, 67.70264]
						},
						"0.7083": {
							"vector": [-23.30122, -20.62359, 67.70264]
						},
						"0.9167": {
							"vector": [-23.30122, -20.62359, 67.70264]
						},
						"1.1667": {
							"vector": [7.5, 0, 15]
						}
					},
					"position": {
						"0.0": {
							"vector": [1.53906, 0, -3.71016]
						},
						"0.25": {
							"vector": [1.53906, 0, -3.71016]
						},
						"0.3333": {
							"vector": [-0.46, 0, 0.29]
						},
						"1.1667": {
							"vector": [0, 0, 0]
						}
					},
					"scale": {
						"0.0": {
							"vector": [1, 1, 1]
						},
						"0.9167": {
							"vector": [1, 1, 1]
						},
						"1.1667": {
							"vector": [1, 1, 1]
						}
					}
				},
				"head": {
					"rotation": {
						"0.0": {
							"vector": [-3.70227, 26.41387, -5.39371]
						},
						"0.25": {
							"vector": [0, 53.83, 0]
						},
						"0.3333": {
							"vector": [7.5, -51.17, 0]
						},
						"0.5833": {
							"vector": [5.86654, 3.85252, 0.64809]
						},
						"0.625": {
							"vector": [-8.74176, -33.5373, -1.83015]
						},
						"0.9167": {
							"vector": [-8.74176, -33.5373, -1.83015]
						},
						"1.1667": {
							"vector": [0, 0, 0]
						}
					}
				},
				"right_leg": {
					"rotation": {
						"0.0": {
							"vector": [17.52341, -0.42473, 10.10837]
						},
						"0.3333": {
							"vector": [17.42546, -1.927, 14.8785]
						},
						"0.5417": {
							"vector": [17.42546, -1.927, 14.8785]
						},
						"0.5833": {
							"vector": [29.92546, -1.927, 14.8785]
						},
						"0.9167": {
							"vector": [29.92546, -1.927, 14.8785]
						},
						"1.1667": {
							"vector": [0, 0, 0]
						}
					},
					"position": {
						"0.0": {
							"vector": [0, 0, 0]
						}
					}
				},
				"left_leg": {
					"rotation": {
						"0.0": {
							"vector": [-5.0693, 1.2969, -7.37314]
						},
						"0.3333": {
							"vector": [-5.0693, 1.2969, -7.37314]
						},
						"0.9167": {
							"vector": [-5.0693, 1.2969, -7.37314]
						},
						"1.1667": {
							"vector": [0, 0, 0]
						}
					},
					"position": {
						"0.0": {
							"vector": [0, 0, 0]
						},
						"0.3333": {
							"vector": [0, 0, 0]
						},
						"0.4167": {
							"vector": [0, 1, -4]
						},
						"0.5417": {
							"vector": [0, 0.09375, -0.36719]
						},
						"0.5833": {
							"vector": [0, 3.09, -2.37]
						},
						"0.9167": {
							"vector": [0, 3.09, -2.37]
						},
						"1.1667": {
							"vector": [0, 0, 0]
						}
					}
				},
				"Sword": {
					"position": {
						"0.0": {
							"vector": [0, 0, 0]
						},
						"0.25": {
							"vector": [0, -1.54687, 0]
						},
						"0.4167": {
							"vector": [0, 0, 0]
						},
						"0.5417": {
							"vector": [0, -1.54687, 0]
						},
						"0.9167": {
							"vector": [0, 0, 0]
						},
						"1.1667": {
							"vector": [0, 0, 0]
						}
					},
					"scale": {
						"0.0": {
							"vector": [1, 1, 1]
						},
						"0.25": {
							"vector": [1, 1.9, 1]
						},
						"0.4167": {
							"vector": [1, 1, 1]
						},
						"0.5417": {
							"vector": [1, 1.9, 1]
						},
						"0.9167": {
							"vector": [1, 1, 1]
						},
						"1.1667": {
							"vector": [1, 1, 1]
						}
					}
				}
			}
		}
	},
	"geckolib_format_version": 2
}