{
	"format_version": "1.8.0",
	"animations": {
		"sword23": {
			"animation_length": 4,
			"override_previous_animation": true,
			"bones": {
				"body": {
					"rotation": {
						"0.0": {
							"vector": [0, 0, 0]
						},
						"0.25": {
							"vector": [-28.56431, 60.24584, -39.54682]
						},
						"0.625": {
							"vector": [-28.56431, 60.24584, -39.54682]
						},
						"0.6667": {
							"vector": [-5.53248, 42.4211, -14.9486]
						},
						"0.75": {
							"vector": [14.24229, 1.57861, -5.28066]
						},
						"1.75": {
							"vector": [16.74229, 1.57861, -5.28066]
						},
						"1.9167": {
							"vector": [14.80437, -40.89772, -6.83784]
						},
						"2.0417": {
							"vector": [1.90751, 24.06752, -4.55053]
						},
						"3.5": {
							"vector": [1.90751, 24.06752, -4.55053]
						},
						"4.0": {
							"vector": [0, 0, 0]
						}
					},
					"position": {
						"0.0": {
							"vector": [0, 0, 0]
						},
						"1.75": {
							"vector": [0, 0, 2]
						},
						"1.9167": {
							"vector": [0, 0, 5]
						},
						"2.0417": {
							"vector": [0, 0, -43]
						},
						"3.5": {
							"vector": [0, 0, -43]
						},
						"4.0": {
							"vector": [0, 0, 0]
						}
					}
				},
				"left_arm": {
					"rotation": {
						"0.0": {
							"vector": [0, 0, 0]
						},
						"0.25": {
							"vector": [-36.83829, 7.57131, 9.97528]
						},
						"0.625": {
							"vector": [-36.83829, 7.57131, 9.97528]
						},
						"0.75": {
							"vector": [-60.18526, 51.57799, 31.67833]
						},
						"1.75": {
							"vector": [-60.18526, 51.57799, 31.67833]
						},
						"1.9167": {
							"vector": [-13.34446, 31.72402, 11.96333]
						},
						"2.0417": {
							"vector": [-15.70285, 5.28113, -4.02504]
						},
						"3.5": {
							"vector": [-15.70285, 5.28113, -4.02504]
						},
						"4.0": {
							"vector": [0, 0, 0]
						}
					},
					"position": {
						"0.0": {
							"vector": [0, 0, 0]
						},
						"0.25": {
							"vector": [0, 0, 0]
						},
						"0.625": {
							"vector": [0, 0, 0]
						},
						"0.75": {
							"vector": [0, 0, -3.07031]
						},
						"1.75": {
							"vector": [0, 0, -3.07031]
						},
						"1.9167": {
							"vector": [0, 0, -1.19531]
						},
						"2.0417": {
							"vector": [0.70703, 0, -0.71875]
						},
						"3.5": {
							"vector": [0.70703, 0, -0.71875]
						},
						"4.0": {
							"vector": [0, 0, 0]
						}
					}
				},
				"right_arm": {
					"rotation": {
						"0.0": {
							"vector": [7.5, 0, 15]
						},
						"0.25": {
							"vector": [-41.0355, 57.86971, 39.55451]
						},
						"0.625": {
							"vector": [-41.0355, 57.86971, 39.55451]
						},
						"0.6667": {
							"vector": [-85.92085, -35.75587, 3.91235]
						},
						"0.75": {
							"vector": [-97.14974, -16.15796, 23.27405]
						},
						"1.75": {
							"vector": [-97.14974, -16.15796, 23.27405]
						},
						"1.9167": {
							"vector": [-180.50197, -10.33765, 108.68633]
						},
						"2.0417": {
							"vector": [14.22723, -6.91546, 93.91154]
						},
						"3.5": {
							"vector": [14.22723, -6.91546, 93.91154]
						},
						"4.0": {
							"vector": [7.5, 0, 15]
						}
					},
					"position": {
						"0.0": {
							"vector": [0, 0, 0]
						},
						"0.25": {
							"vector": [2, 0, 3]
						},
						"0.625": {
							"vector": [2, 0, 3]
						},
						"0.6667": {
							"vector": [2, 0, -2.71984]
						},
						"0.75": {
							"vector": [2, 0, -3.35937]
						},
						"1.75": {
							"vector": [2, 0, -3.35937]
						},
						"1.9167": {
							"vector": [2, 0, -4.44922]
						},
						"2.0417": {
							"vector": [2, 0, 0.55078]
						},
						"3.5": {
							"vector": [2, 0, 0.55078]
						},
						"4.0": {
							"vector": [0, 0, 0]
						}
					}
				},
				"head": {
					"rotation": {
						"0.0": {
							"vector": [0, 0, 0]
						},
						"0.25": {
							"vector": [14.07606, -61.57276, -5.91377]
						},
						"0.625": {
							"vector": [14.07606, -61.57276, -5.91377]
						},
						"0.75": {
							"vector": [-8.34619, -2.28242, 6.25507]
						},
						"1.75": {
							"vector": [-8.34619, -2.28242, 6.25507]
						},
						"1.9167": {
							"vector": [7.88634, 32.45508, 10.77247]
						},
						"2.0417": {
							"vector": [12.47282, -27.0992, 3.10177]
						},
						"3.5": {
							"vector": [12.47282, -27.0992, 3.10177]
						},
						"4.0": {
							"vector": [0, 0, 0]
						}
					}
				},
				"right_leg": {
					"rotation": {
						"0.0": {
							"vector": [0, 0, 0]
						},
						"0.25": {
							"vector": [0, 0, 32.5]
						},
						"0.625": {
							"vector": [0, 0, 32.5]
						},
						"0.75": {
							"vector": [-5.76366, 5.188, 15.76366]
						},
						"1.75": {
							"vector": [-13.26366, 5.188, 15.76366]
						},
						"1.9167": {
							"vector": [9.23634, 5.188, 15.76366]
						},
						"2.0417": {
							"vector": [-10.76366, 5.188, 15.76366]
						},
						"3.5": {
							"vector": [-10.76366, 5.188, 15.76366]
						},
						"3.6667": {
							"vector": [7.42557, 3.65081, 11.09295]
						},
						"3.8333": {
							"vector": [-7.65039, 1.72933, 5.25455]
						},
						"4.0": {
							"vector": [0, 0, 0]
						}
					},
					"position": {
						"0.0": {
							"vector": [0, 0, 0]
						},
						"0.25": {
							"vector": [0, 2, -4]
						},
						"0.625": {
							"vector": [0, 2, -4]
						},
						"0.75": {
							"vector": [0, 2, -4.08594]
						},
						"1.75": {
							"vector": [0, 2, -4.08594]
						},
						"1.9167": {
							"vector": [0, 2, -3.08594]
						},
						"2.0417": {
							"vector": [0, 0, -0.08594]
						},
						"3.5": {
							"vector": [0, 0, -0.08594]
						},
						"4.0": {
							"vector": [0, 0, 0]
						}
					}
				},
				"left_leg": {
					"rotation": {
						"0.0": {
							"vector": [0, 0, 0]
						},
						"0.25": {
							"vector": [15, 0, 0]
						},
						"0.625": {
							"vector": [15, 0, 0]
						},
						"0.75": {
							"vector": [15, 0, 0]
						},
						"1.75": {
							"vector": [15, 0, 0]
						},
						"1.9167": {
							"vector": [27.5, 0, 0]
						},
						"2.0417": {
							"vector": [15, 0, 0]
						},
						"3.5": {
							"vector": [15, 0, 0]
						},
						"3.6667": {
							"vector": [-4.44, 0, 0]
						},
						"3.8333": {
							"vector": [9.07, 0, 0]
						},
						"4.0": {
							"vector": [0, 0, 0]
						}
					},
					"position": {
						"0.0": {
							"vector": [0, 0, 0]
						},
						"0.25": {
							"vector": [0, 0, 0]
						},
						"0.625": {
							"vector": [0, 0, 0]
						},
						"0.75": {
							"vector": [0, 0, -1.08203]
						},
						"1.75": {
							"vector": [0, 0, -1.08203]
						},
						"1.9167": {
							"vector": [0, 0, -1.08203]
						},
						"2.0417": {
							"vector": [0, 0, -1.08203]
						},
						"3.5": {
							"vector": [0, 0, -1.08203]
						},
						"4.0": {
							"vector": [0, 0, 0]
						}
					}
				},
				"Sword": {
					"position": {
						"0.0": {
							"vector": [0, 0, 0]
						},
						"4.0": {
							"vector": [0, 0, 0]
						}
					},
					"scale": {
						"0.0": {
							"vector": [1, 1, 1]
						},
						"4.0": {
							"vector": [1, 1, 1]
						}
					}
				}
			}
		}
	},
	"geckolib_format_version": 2
}