{
	"format_version": "1.8.0",
	"animations": {
		"sword9": {
			"animation_length": 1.5,
			"override_previous_animation": true,
			"bones": {
				"right_arm": {
					"rotation": {
						"0.0": {
							"vector": [-179.41076, -37.25975, -91.00138]
						},
						"0.4167": {
							"vector": [-46.25515, -55.62934, -139.45715]
						},
						"0.4583": {
							"vector": [-67.11343, -3.55229, -135.08921]
						},
						"0.5": {
							"vector": [-54.61616, 50.82096, -124.66428]
						},
						"0.8333": {
							"vector": [-54.61616, 50.82096, -124.66428]
						},
						"1.5": {
							"vector": [-198.42383, 29.3891, -16.54167]
						}
					},
					"position": {
						"0.0": {
							"vector": [-1.12812, 1.19, -1.04]
						},
						"0.4167": {
							"vector": [-1.13, 1.19, -0.49703]
						},
						"0.5": {
							"vector": [-1.13, 1.19, -5.29391]
						},
						"0.8333": {
							"vector": [-1.13, 1.19, -5.29391]
						},
						"1.125": {
							"vector": [-1.79391, 1.94953, -0.64328]
						},
						"1.5": {
							"vector": [-0.39062, -7, -0.35937]
						}
					}
				},
				"rightItem": {
					"rotation": {
						"0.0": {
							"vector": [-135.93836, 5.87912, 181.20042]
						},
						"0.4167": {
							"vector": [-342.05334, -57.38066, 336.5369]
						},
						"0.5": {
							"vector": [-392.83524, -69.5648, 422.92876]
						},
						"0.8333": {
							"vector": [-392.83524, -69.5648, 422.92876]
						},
						"1.3333": {
							"vector": [39.62185, -85.35161, 29.44869]
						},
						"1.4583": {
							"vector": [13.15501, -41.95927, 0.21476]
						},
						"1.5": {
							"vector": [14.17514, -53.09126, -21.9103]
						}
					},
					"position": {
						"0.0": {
							"vector": [-1.04297, 0.76563, 0.04688]
						},
						"0.4167": {
							"vector": [-1.05078, 0.76563, 1.04688]
						},
						"0.5": {
							"vector": [-1.05078, 0.76563, 1.04688]
						},
						"0.8333": {
							"vector": [-1.05078, 0.76563, 1.04688]
						},
						"1.5": {
							"vector": [-1.04297, 1.27734, -1.35156]
						}
					}
				},
				"body": {
					"rotation": {
						"0.0": {
							"vector": [23.80021, 50.02565, 13.99879]
						},
						"0.4167": {
							"vector": [-11.94712, 54.15114, -8.52568]
						},
						"0.5": {
							"vector": [28.54492, -35.68634, -3.25308]
						},
						"0.8333": {
							"vector": [28.54492, -35.68634, -3.25308]
						},
						"1.5": {
							"vector": [0, 0, 0]
						}
					},
					"position": {
						"0.0": {
							"vector": [0.13, -0.16016, 0]
						},
						"0.4167": {
							"vector": [0, -0.16, 0]
						},
						"0.5": {
							"vector": [-3, -1, 0]
						},
						"0.8333": {
							"vector": [-3, -1, 0]
						},
						"1.5": {
							"vector": [0, 0, 0]
						}
					}
				},
				"left_arm": {
					"rotation": {
						"0.0": {
							"vector": [33.57663, -7.73903, -21.63503]
						},
						"0.4167": {
							"vector": [-158.41574, 16.47768, -21.31257]
						},
						"0.4583": {
							"vector": [-117.2324, 27.27062, -42.65378]
						},
						"0.5": {
							"vector": [-84.51808, 17.42216, -44.74867]
						},
						"0.8333": {
							"vector": [-84.51808, 17.42216, -44.74867]
						},
						"1.5": {
							"vector": [0, 0, 0]
						}
					},
					"position": {
						"0.0": {
							"vector": [1, 0, 0.58672]
						},
						"0.4167": {
							"vector": [-4.07812, 1.25781, -5.27328]
						},
						"0.5": {
							"vector": [-0.19922, 1.00781, 0.10172]
						},
						"0.8333": {
							"vector": [-0.19922, 1.00781, 0.10172]
						},
						"1.5": {
							"vector": [0, 0, 0]
						}
					}
				},
				"head": {
					"rotation": {
						"0.0": {
							"vector": [13.24172, -52.11887, -3.57312]
						},
						"0.4167": {
							"vector": [13.24172, -52.11887, -3.57312]
						},
						"0.5": {
							"vector": [5.21212, 27.50569, -5.76283]
						},
						"0.8333": {
							"vector": [5.21212, 27.50569, -5.76283]
						},
						"1.5": {
							"vector": [0, 0, 0]
						}
					}
				},
				"right_leg": {
					"rotation": {
						"0.0": {
							"vector": [-1.89898, 6.35134, 10.45693]
						},
						"0.4167": {
							"vector": [-0.24703, 6.43889, 18.00344]
						},
						"0.5": {
							"vector": [-20.70362, 4.68889, 13.29733]
						},
						"0.8333": {
							"vector": [-20.70362, 4.68889, 13.29733]
						},
						"1.5": {
							"vector": [0, 0, 0]
						}
					},
					"position": {
						"0.0": {
							"vector": [0, -0.11703, -3.01]
						},
						"0.4167": {
							"vector": [0, -0.33484, -0.92797]
						},
						"0.5": {
							"vector": [0, 2.66516, -3.92797]
						},
						"0.8333": {
							"vector": [0, 2.66516, -3.92797]
						},
						"1.5": {
							"vector": [0, 0, 0]
						}
					}
				},
				"left_leg": {
					"rotation": {
						"0.0": {
							"vector": [15.4738, -1.40267, -10.28142]
						},
						"0.4167": {
							"vector": [15.4738, -1.40267, -10.28142]
						},
						"0.5": {
							"vector": [15.4738, -1.40267, -10.28142]
						},
						"0.8333": {
							"vector": [15.4738, -1.40267, -10.28142]
						},
						"1.5": {
							"vector": [0, 0, 0]
						}
					},
					"position": {
						"0.0": {
							"vector": [0, 0.11078, 0.26906]
						},
						"0.4167": {
							"vector": [0, 0.11, 0.27]
						},
						"0.5": {
							"vector": [0, 0.11, 0.27]
						},
						"0.8333": {
							"vector": [0, 0.11, 0.27]
						},
						"1.5": {
							"vector": [0, 0, 0]
						}
					}
				}
			}
		}
	},
	"geckolib_format_version": 2
}