{
	"format_version": "1.8.0",
	"animations": {
		"sword4": {
			"animation_length": 2.6667,
			"override_previous_animation": true,
			"bones": {
				"right_arm": {
					"rotation": {
						"0.0": {
							"vector": [-198.42383, 29.3891, -16.54167]
						},
						"0.125": {
							"vector": [-156.62475, -29.06848, 12.08295]
						},
						"0.25": {
							"vector": [-122.09168, -41.47126, 75.99884]
						},
						"0.875": {
							"vector": [-122.09168, -41.47126, 75.99884]
						},
						"1.0": {
							"vector": [-122.09168, -41.47126, 75.99884]
						},
						"2.25": {
							"vector": [-122.09168, -41.47126, 75.99884]
						},
						"2.5": {
							"vector": [-156.62475, -29.06848, 12.08295]
						},
						"2.6667": {
							"vector": [-198.42383, 29.3891, -16.54167]
						}
					},
					"position": {
						"0.0": {
							"vector": [-0.39062, -7, -1.94531]
						},
						"0.25": {
							"vector": [-0.02281, 0, -3.64922]
						},
						"0.875": {
							"vector": [-0.02281, 0, -3.64922]
						},
						"1.0": {
							"vector": [-0.02281, 0, -3.64922]
						},
						"2.25": {
							"vector": [-0.02281, 0, -3.64922]
						},
						"2.6667": {
							"vector": [-0.39062, -7, -1.94531]
						}
					}
				},
				"rightItem": {
					"rotation": {
						"0.0": {
							"vector": [14.17514, -53.09126, -21.9103]
						},
						"0.0833": {
							"vector": [8.61458, 10.94001, -8.84562]
						},
						"0.1667": {
							"vector": [30.6351, 14.49436, -8.03646]
						},
						"0.25": {
							"vector": [10.47084, -35.97962, -16.68921]
						},
						"0.875": {
							"vector": [10.47084, -35.97962, -16.68921]
						},
						"1.0": {
							"vector": [10.47084, -35.97962, -16.68921]
						},
						"2.25": {
							"vector": [10.47084, -35.97962, -16.68921]
						},
						"2.4167": {
							"vector": [30.6351, 14.49436, -8.03646]
						},
						"2.5417": {
							"vector": [8.61458, 10.94001, -8.84562]
						},
						"2.6667": {
							"vector": [14.17514, -53.09126, -21.9103]
						}
					},
					"position": {
						"0.0": {
							"vector": [-1.04297, 1.27734, -1.35156]
						},
						"0.125": {
							"vector": [-1.04, 1.28, 1.61094]
						},
						"2.5": {
							"vector": [-1.04, 1.28, 1.61094]
						},
						"2.6667": {
							"vector": [-1.04297, 1.27734, -1.35156]
						}
					}
				},
				"body": {
					"rotation": {
						"0.0": {
							"vector": [0, 0, 0]
						},
						"0.25": {
							"vector": [30, -35, 0]
						},
						"0.875": {
							"vector": [30, -35, 0]
						},
						"1.0": {
							"vector": [25, -35, 0]
						},
						"2.25": {
							"vector": [25, -35, 0]
						},
						"2.6667": {
							"vector": [0, 0, 0]
						}
					},
					"position": {
						"0.0": {
							"vector": [0, 0, 0]
						},
						"0.25": {
							"vector": [-4, -2, 4]
						},
						"0.875": {
							"vector": [-4, -2, 4]
						},
						"0.9167": {
							"vector": [-4, 0, -89]
						},
						"0.9583": {
							"vector": [-4, 0, 98.69]
						},
						"1.0": {
							"vector": [-4, 0, 4]
						},
						"2.25": {
							"vector": [-4, 0, 4]
						},
						"2.6667": {
							"vector": [0, 0, 0]
						}
					},
					"scale": {
						"0.0": {
							"vector": [1, 1, 1]
						},
						"0.875": {
							"vector": [1, 1, 1]
						},
						"0.9167": {
							"vector": [0, 1, 0]
						},
						"1.0": {
							"vector": [1, 1, 1]
						},
						"2.25": {
							"vector": [1, 1, 1]
						},
						"2.6667": {
							"vector": [1, 1, 1]
						}
					}
				},
				"left_arm": {
					"rotation": {
						"0.0": {
							"vector": [0, 0, 0]
						},
						"0.25": {
							"vector": [19.82417, -1.61888, -62.60362]
						},
						"0.875": {
							"vector": [19.82417, -1.61888, -62.60362]
						},
						"1.0": {
							"vector": [19.82417, -1.61888, -62.60362]
						},
						"2.25": {
							"vector": [19.82417, -1.61888, -62.60362]
						},
						"2.6667": {
							"vector": [0, 0, 0]
						}
					},
					"position": {
						"0.0": {
							"vector": [0, 0, 0]
						},
						"2.6667": {
							"vector": [0, 0, 0]
						}
					}
				},
				"head": {
					"rotation": {
						"0.0": {
							"vector": [0, 0, 0]
						},
						"0.25": {
							"vector": [28.75755, 32.24859, -6.53364]
						},
						"0.875": {
							"vector": [28.75755, 32.24859, -6.53364]
						},
						"1.0": {
							"vector": [28.75755, 32.24859, -6.53364]
						},
						"2.25": {
							"vector": [28.75755, 32.24859, -6.53364]
						},
						"2.6667": {
							"vector": [0, 0, 0]
						}
					}
				},
				"right_leg": {
					"rotation": {
						"0.0": {
							"vector": [0, 0, 0]
						},
						"0.25": {
							"vector": [10, 0, 15]
						},
						"0.875": {
							"vector": [10, 0, 15]
						},
						"1.0": {
							"vector": [10, 0, 15]
						},
						"2.25": {
							"vector": [10, 0, 15]
						},
						"2.6667": {
							"vector": [0, 0, 0]
						}
					},
					"position": {
						"0.0": {
							"vector": [0, 0, 0]
						},
						"2.6667": {
							"vector": [0, 0, 0]
						}
					}
				},
				"left_leg": {
					"rotation": {
						"0.0": {
							"vector": [0, 0, 0]
						},
						"0.25": {
							"vector": [-32.10967, -3.73171, -11.93845]
						},
						"0.875": {
							"vector": [-32.10967, -3.73171, -11.93845]
						},
						"1.0": {
							"vector": [-32.10967, -3.73171, -11.93845]
						},
						"2.25": {
							"vector": [-32.10967, -3.73171, -11.93845]
						},
						"2.6667": {
							"vector": [0, 0, 0]
						}
					},
					"position": {
						"0.0": {
							"vector": [0, 0, 0]
						},
						"0.25": {
							"vector": [0, 5.10938, -3.16797]
						},
						"0.875": {
							"vector": [0, 5.10938, -3.16797]
						},
						"1.0": {
							"vector": [0, 1.10938, -3.16797]
						},
						"2.25": {
							"vector": [0, 1.10938, -3.16797]
						},
						"2.6667": {
							"vector": [0, 0, 0]
						}
					}
				},
				"root": {
					"position": {
						"0.0": {
							"vector": [0, 0, 0]
						},
						"0.25": {
							"vector": [0, 0, 0]
						},
						"0.875": {
							"vector": [0, 0, 0]
						},
						"1.0": {
							"vector": [0, 0, 0]
						},
						"2.25": {
							"vector": [0, 0, 0]
						},
						"2.6667": {
							"vector": [0, 0, 0]
						}
					}
				}
			}
		}
	},
	"geckolib_format_version": 2
}