{
	"format_version": "1.8.0",
	"animations": {
		"sword24": {
			"animation_length": 1,
			"override_previous_animation": true,
			"bones": {
				"body": {
					"rotation": {
						"0.0": {
							"vector": [0, 0, 0]
						},
						"0.2083": {
							"vector": [-1.50591, 39.96792, -3.18529]
						},
						"0.2917": {
							"vector": [11.30509, -15.01922, -1.90813]
						},
						"0.7083": {
							"vector": [11.30509, -15.01922, -1.90813]
						},
						"1.0": {
							"vector": [0, 0, 0]
						}
					},
					"position": {
						"0.0": {
							"vector": [0, 0, 0]
						},
						"0.2083": {
							"vector": [0, 0, 0]
						},
						"0.2917": {
							"vector": [0, 0, 0]
						},
						"0.7083": {
							"vector": [0, 0, 0]
						},
						"1.0": {
							"vector": [0, 0, 0]
						}
					}
				},
				"left_arm": {
					"rotation": {
						"0.0": {
							"vector": [0, 0, 0]
						},
						"0.2083": {
							"vector": [0, 0, -10]
						},
						"0.2917": {
							"vector": [-57.76903, 75.86587, 17.07569]
						},
						"0.7083": {
							"vector": [-57.76903, 75.86587, 17.07569]
						},
						"1.0": {
							"vector": [0, 0, 0]
						}
					},
					"position": {
						"0.0": {
							"vector": [0, 0, 0]
						},
						"0.2083": {
							"vector": [0, 0, 0]
						},
						"0.2917": {
							"vector": [0, 1.03516, -2.6875]
						},
						"0.7083": {
							"vector": [0, 1.03516, -2.6875]
						},
						"1.0": {
							"vector": [0, 0, 0]
						}
					}
				},
				"right_arm": {
					"rotation": {
						"0.0": {
							"vector": [7.5, 0, 15]
						},
						"0.2083": {
							"vector": [-86.98637, 23.9231, 5.66299]
						},
						"0.2917": {
							"vector": [-97.16677, -13.53155, 3.77656]
						},
						"0.7083": {
							"vector": [-97.16677, -13.53155, 3.77656]
						},
						"1.0": {
							"vector": [7.5, 0, 15]
						}
					},
					"position": {
						"0.0": {
							"vector": [0, 0, 0]
						},
						"0.2083": {
							"vector": [0, 0, 3]
						},
						"0.2917": {
							"vector": [0, 0, -3.0625]
						},
						"0.7083": {
							"vector": [0, 0, -3.0625]
						},
						"1.0": {
							"vector": [0, 0, 0]
						}
					}
				},
				"head": {
					"rotation": {
						"0.0": {
							"vector": [0, 0, 0]
						},
						"0.2083": {
							"vector": [2.8557, -37.48652, -0.68172]
						},
						"0.2917": {
							"vector": [-2.6796, 12.46918, 1.55837]
						},
						"0.7083": {
							"vector": [-2.6796, 12.46918, 1.55837]
						},
						"1.0": {
							"vector": [0, 0, 0]
						}
					}
				},
				"right_leg": {
					"rotation": {
						"0.0": {
							"vector": [0, 0, 0]
						},
						"0.2083": {
							"vector": [0, 0, 7.5]
						},
						"0.2917": {
							"vector": [12.5, 0, 7.5]
						},
						"0.7083": {
							"vector": [12.5, 0, 7.5]
						},
						"1.0": {
							"vector": [0, 0, 0]
						}
					}
				},
				"left_leg": {
					"rotation": {
						"0.0": {
							"vector": [0, 0, 0]
						},
						"0.2083": {
							"vector": [0, 0, 0]
						},
						"0.2917": {
							"vector": [2.5, 0, 0]
						},
						"0.7083": {
							"vector": [2.5, 0, 0]
						},
						"1.0": {
							"vector": [0, 0, 0]
						}
					},
					"position": {
						"0.0": {
							"vector": [0, 0, 0]
						},
						"0.2083": {
							"vector": [0, 0, 0]
						},
						"0.2917": {
							"vector": [0, 2.75781, -3.11719]
						},
						"0.7083": {
							"vector": [0, 2.75781, -3.11719]
						},
						"1.0": {
							"vector": [0, 0, 0]
						}
					}
				},
				"Sword": {
					"position": {
						"0.0": {
							"vector": [0, 0, 0]
						},
						"1.0": {
							"vector": [0, 0, 0]
						}
					},
					"scale": {
						"0.0": {
							"vector": [1, 1, 1]
						},
						"1.0": {
							"vector": [1, 1, 1]
						}
					}
				}
			}
		}
	},
	"geckolib_format_version": 2
}