{
	"format_version": "1.8.0",
	"animations": {
		"sword5": {
			"animation_length": 3.0417,
			"override_previous_animation": true,
			"bones": {
				"right_arm": {
					"rotation": {
						"0.0": {
							"vector": [-198.42383, 29.3891, -16.54167]
						},
						"0.2917": {
							"vector": [-161.56806, 9.38744, -12.69283]
						},
						"0.5833": {
							"vector": [-122.09168, -41.47126, 75.99884]
						},
						"0.9167": {
							"vector": [-122.09168, -41.47126, 75.99884]
						},
						"1.0": {
							"vector": [-122.09168, -41.47126, 75.99884]
						},
						"2.125": {
							"vector": [-122.09168, -41.47126, 75.99884]
						},
						"2.375": {
							"vector": [-122.09168, -41.47126, 75.99884]
						},
						"2.5": {
							"vector": [-198.42383, 29.3891, -16.54167]
						},
						"2.7917": {
							"vector": [-198.42383, 29.3891, -16.54167]
						},
						"3.0417": {
							"vector": [-198.42383, 29.3891, -16.54167]
						}
					},
					"position": {
						"0.0": {
							"vector": [-0.39062, -7, -1.94531]
						},
						"0.5833": {
							"vector": [-0.02281, 0, -3.64922]
						},
						"0.9167": {
							"vector": [-0.02281, 0, -3.64922]
						},
						"1.0": {
							"vector": [-0.02281, 0, -3.64922]
						},
						"2.125": {
							"vector": [-0.02281, 0, -3.64922]
						},
						"2.375": {
							"vector": [-0.02281, 0, -3.64922]
						},
						"2.5": {
							"vector": [-0.39062, -7, -1.94531]
						},
						"2.7917": {
							"vector": [-0.39062, -7, -1.94531]
						},
						"3.0417": {
							"vector": [-0.39062, -7, -1.94531]
						}
					}
				},
				"rightItem": {
					"rotation": {
						"0.0": {
							"vector": [14.17514, -53.09126, -21.9103]
						},
						"0.0833": {
							"vector": [8.61458, 10.94001, -8.84562]
						},
						"0.5833": {
							"vector": [17.43695, -37.44574, -16.16562]
						},
						"0.9167": {
							"vector": [17.43695, -37.44574, -16.16562]
						},
						"1.0": {
							"vector": [17.43695, -37.44574, -16.16562]
						},
						"2.125": {
							"vector": [17.43695, -37.44574, -16.16562]
						},
						"2.375": {
							"vector": [17.43695, -37.44574, -16.16562]
						},
						"2.5": {
							"vector": [14.17514, -53.09126, -21.9103]
						},
						"2.7917": {
							"vector": [14.17514, -53.09126, -21.9103]
						},
						"3.0417": {
							"vector": [14.17514, -53.09126, -21.9103]
						}
					},
					"position": {
						"0.0": {
							"vector": [-1.04297, 1.27734, -1.35156]
						},
						"2.5": {
							"vector": [-1.04297, 1.27734, -1.35156]
						},
						"2.7917": {
							"vector": [-1.04297, 1.27734, -1.35156]
						},
						"3.0417": {
							"vector": [-1.04297, 1.27734, -1.35156]
						}
					}
				},
				"body": {
					"rotation": {
						"0.0": {
							"vector": [0, 0, 0]
						},
						"0.5833": {
							"vector": [31.26385, -55.94572, -3.17142]
						},
						"0.9167": {
							"vector": [31.26385, -55.94572, -3.17142]
						},
						"1.0": {
							"vector": [41.1359, -1.75728, 2.24561]
						},
						"2.125": {
							"vector": [41.1359, -1.75728, 2.24561]
						},
						"2.375": {
							"vector": [41.1359, -1.75728, 2.24561]
						},
						"2.5833": {
							"vector": [0, 0, 0]
						},
						"2.7917": {
							"vector": [2.5, 0, 0]
						},
						"3.0417": {
							"vector": [0, 0, 0]
						}
					},
					"position": {
						"0.0": {
							"vector": [0, 0, 0]
						},
						"0.5833": {
							"vector": [-4, -2, 4]
						},
						"0.9167": {
							"vector": [-4, -2, 4]
						},
						"1.0": {
							"vector": [-4, -2, -149]
						},
						"2.125": {
							"vector": [-4, -2, -149]
						},
						"2.375": {
							"vector": [0, 154, 0]
						},
						"2.5833": {
							"vector": [0, -2.57812, 0]
						},
						"2.7917": {
							"vector": [0, -2.57812, 0]
						},
						"3.0417": {
							"vector": [0, 0, 0]
						}
					},
					"scale": {
						"0.0": {
							"vector": [1, 1, 1]
						},
						"0.9167": {
							"vector": [1, 1, 1]
						},
						"1.0": {
							"vector": [0, 1, 0]
						},
						"2.125": {
							"vector": [0, 1, 0]
						},
						"2.2917": {
							"vector": [0, 1, 0]
						},
						"2.375": {
							"vector": [1, 1, 1]
						},
						"2.5833": {
							"vector": [1, 1, 1]
						},
						"2.7917": {
							"vector": [1, 1, 1]
						},
						"3.0417": {
							"vector": [1, 1, 1]
						}
					}
				},
				"left_arm": {
					"rotation": {
						"0.0": {
							"vector": [0, 0, 0]
						},
						"0.5833": {
							"vector": [19.82417, -1.61888, -62.60362]
						},
						"0.9167": {
							"vector": [19.82417, -1.61888, -62.60362]
						},
						"1.0": {
							"vector": [19.82417, -1.61888, -62.60362]
						},
						"2.125": {
							"vector": [19.82417, -1.61888, -62.60362]
						},
						"2.375": {
							"vector": [19.82417, -1.61888, -62.60362]
						},
						"2.5833": {
							"vector": [1.00272, -0.39004, -2.26009]
						},
						"2.7917": {
							"vector": [1.00272, -0.39004, -2.26009]
						},
						"3.0417": {
							"vector": [0, 0, 0]
						}
					},
					"position": {
						"0.0": {
							"vector": [0, 0, 0]
						},
						"2.5833": {
							"vector": [0, 0, 0]
						},
						"2.7917": {
							"vector": [0, 0, 0]
						},
						"3.0417": {
							"vector": [0, 0, 0]
						}
					}
				},
				"head": {
					"rotation": {
						"0.0": {
							"vector": [0, 0, 0]
						},
						"0.5833": {
							"vector": [28.75755, 32.24859, -6.53364]
						},
						"0.9167": {
							"vector": [28.75755, 32.24859, -6.53364]
						},
						"1.0": {
							"vector": [17.37616, -0.57499, 8.31485]
						},
						"2.125": {
							"vector": [17.37616, -0.57499, 8.31485]
						},
						"2.375": {
							"vector": [17.37616, -0.57499, 8.31485]
						},
						"2.5833": {
							"vector": [40, 0, 0]
						},
						"2.7917": {
							"vector": [32.5, 0, 0]
						},
						"3.0417": {
							"vector": [0, 0, 0]
						}
					}
				},
				"right_leg": {
					"rotation": {
						"0.0": {
							"vector": [0, 0, 0]
						},
						"0.5833": {
							"vector": [10, 0, 15]
						},
						"0.9167": {
							"vector": [10, 0, 15]
						},
						"1.0": {
							"vector": [10, 0, 15]
						},
						"2.125": {
							"vector": [10, 0, 15]
						},
						"2.375": {
							"vector": [10, 0, 15]
						},
						"2.5833": {
							"vector": [15, 0, 10]
						},
						"2.7917": {
							"vector": [15, 0, 10]
						},
						"3.0417": {
							"vector": [0, 0, 0]
						}
					},
					"position": {
						"0.0": {
							"vector": [0, 0, 0]
						},
						"2.5833": {
							"vector": [0, 0, -2.98828]
						},
						"2.7917": {
							"vector": [0, 0, -2.98828]
						},
						"3.0417": {
							"vector": [0, 0, 0]
						}
					}
				},
				"left_leg": {
					"rotation": {
						"0.0": {
							"vector": [0, 0, 0]
						},
						"0.5833": {
							"vector": [-32.10967, -3.73171, -11.93845]
						},
						"0.9167": {
							"vector": [-32.10967, -3.73171, -11.93845]
						},
						"1.0": {
							"vector": [-32.10967, -3.73171, -11.93845]
						},
						"2.125": {
							"vector": [-32.10967, -3.73171, -11.93845]
						},
						"2.375": {
							"vector": [-32.10967, -3.73171, -11.93845]
						},
						"2.5833": {
							"vector": [10, 0, -10]
						},
						"2.7917": {
							"vector": [10, 0, -10]
						},
						"3.0417": {
							"vector": [0, 0, 0]
						}
					},
					"position": {
						"0.0": {
							"vector": [0, 0, 0]
						},
						"0.5833": {
							"vector": [0, 5.10938, -3.16797]
						},
						"0.9167": {
							"vector": [0, 5.10938, -3.16797]
						},
						"1.0": {
							"vector": [0, 5.10938, -3.16797]
						},
						"2.125": {
							"vector": [0, 5.10938, -3.16797]
						},
						"2.375": {
							"vector": [0, 5.10938, -3.16797]
						},
						"2.5833": {
							"vector": [0, 0, -2.14844]
						},
						"2.7917": {
							"vector": [0, 0, -2.14844]
						},
						"3.0417": {
							"vector": [0, 0, 0]
						}
					}
				},