{
	"format_version": "1.8.0",
	"animations": {
		"sword15": {
			"animation_length": 1,
			"override_previous_animation": true,
			"bones": {
				"body": {
					"rotation": {
						"0.0": {
							"vector": [0, 318.27591, 0]
						},
						"0.0833": {
							"vector": [0, 300.78, 0]
						},
						"0.125": {
							"vector": [0, 238.28, 0]
						},
						"0.25": {
							"vector": [10, -89.22, 0]
						},
						"0.4167": {
							"vector": [25, -89.22, 0]
						},
						"0.5": {
							"vector": [-2.5, 75.75327, 0]
						},
						"0.8333": {
							"vector": [-2.5, 75.75327, 0]
						},
						"1.0": {
							"vector": [0, 0, 0]
						}
					},
					"position": {
						"0.0": {
							"vector": [0, -0.98437, 0]
						},
						"1.0": {
							"vector": [0, 0, 0]
						}
					}
				},
				"left_arm": {
					"rotation": {
						"0.0": {
							"vector": [-3.16936, 1.12606, -34.33245]
						},
						"0.3333": {
							"vector": [19.33064, 1.12606, -34.33245]
						},
						"0.4167": {
							"vector": [19.33064, 1.12606, -34.33245]
						},
						"0.5": {
							"vector": [-23.16936, 1.12606, -34.33245]
						},
						"0.8333": {
							"vector": [-23.16936, 1.12606, -34.33245]
						},
						"1.0": {
							"vector": [0, 0, 0]
						}
					},
					"position": {
						"vector": [0.65, 0, -0.9]
					}
				},
				"right_arm": {
					"rotation": {
						"0.0": {
							"vector": [-136.07044, 12.24239, 68.42719]
						},
						"0.0833": {
							"vector": [-140.89844, 19.84491, 44.13844]
						},
						"0.25": {
							"vector": [-23.0751, -8.02928, 102.84436]
						},
						"0.3333": {
							"vector": [-103.0751, -8.02928, 102.84436]
						},
						"0.4167": {
							"vector": [-103.0751, -8.02928, 102.84436]
						},
						"0.5": {
							"vector": [24.4249, -8.02928, 102.84436]
						},
						"0.8333": {
							"vector": [24.4249, -8.02928, 102.84436]
						},
						"1.0": {
							"vector": [-20.71731, -18.02209, 22.32873]
						}
					},
					"position": {
						"0.0": {
							"vector": [-1.2, -0.97, -4.26]
						},
						"0.25": {
							"vector": [0.41328, -0.97, 2.6775]
						},
						"0.3333": {
							"vector": [0.41, -0.97, -0.97234]
						},
						"0.4167": {
							"vector": [0.41, -0.97, -0.97234]
						},
						"0.5": {
							"vector": [-0.59, -0.97, 2.03]
						},
						"0.8333": {
							"vector": [-0.59, -0.97, 2.03]
						},
						"1.0": {
							"vector": [0, 0, 0]
						}
					}
				},
				"rightItem": {
					"rotation": {
						"0.0": {
							"vector": [181.88988, -1.86452, 168.90132]
						},
						"0.0833": {
							"vector": [283.16544, 2.2017, 222.13531]
						},
						"0.125": {
							"vector": [457.52764, -59.45394, 146.41359]
						},
						"0.2083": {
							"vector": [454.94641, -27.65095, 242.75721]
						},
						"0.2917": {
							"vector": [358.06991, 11.859, 348.56605]
						},
						"0.5": {
							"vector": [383.06991, 11.859, 348.56605]
						},
						"0.8333": {
							"vector": [383.06991, 11.859, 348.56605]
						},
						"1.0": {
							"vector": [160, 0, 180]
						}
					},
					"position": {
						"0.0": {
							"vector": [0, 0.375, -0.22656]
						},
						"0.0833": {
							"vector": [-18, -14.62, -1.23]
						},
						"0.125": {
							"vector": [-27.53, 8.12, -13.72]
						},
						"0.1667": {
							"vector": [-13, 20.30969, -27.06594]
						},
						"0.2083": {
							"vector": [-6.59, -1.08, -11.99]
						},
						"0.25": {
							"vector": [0.41, -0.08, 1.01]
						},
						"0.5": {
							"vector": [0.41, -0.08, 1.01]
						},
						"0.8333": {
							"vector": [0.41, -0.08, 1.01]
						},
						"1.0": {
							"vector": [0, 0, 0]
						}
					}
				},
				"head": {
					"rotation": {
						"0.0": {
							"vector": [1.4469, 40.10729, 0.28231]
						},
						"0.0833": {
							"vector": [1.72543, 50.1035, 0.674]
						},
						"0.25": {
							"vector": [2.62836, 65.09326, 1.73428]
						},
						"0.3333": {
							"vector": [2.40481, 62.59567, 1.48528]
						},
						"0.4167": {
							"vector": [2.40481, 62.59567, 1.48528]
						},
						"0.4583": {
							"vector": [-8.91518, -1.56956, -1.06127]
						},
						"0.5": {
							"vector": [30.85368, -69.50639, -28.34668]
						},
						"0.8333": {
							"vector": [30.85368, -69.50639, -28.34668]
						},
						"1.0": {
							"vector": [0, 0, 0]
						}
					}
				},
				"right_leg": {
					"rotation": {
						"0.0": {
							"vector": [9.97085, 0.11605, 17.35062]
						},
						"0.3333": {
							"vector": [2.41803, 0.54524, 9.8596]
						},
						"0.4167": {
							"vector": [2.41803, 0.54524, 9.8596]
						},
						"0.5": {
							"vector": [19.91803, 0.54524, 9.8596]
						},
						"0.8333": {
							"vector": [19.91803, 0.54524, 9.8596]
						},
						"1.0": {
							"vector": [0, 0, 0]
						}
					},
					"position": {
						"vector": [0, 0.71, -0.25]
					}
				},
				"left_leg": {
					"rotation": {
						"0.0": {
							"vector": [0, 0, -20]
						},
						"0.25": {
							"vector": [-20, 0, -20]
						},
						"0.3333": {
							"vector": [-27.5, 0, -20]
						},
						"0.4167": {
							"vector": [-27.5, 0, -20]
						},
						"0.5": {
							"vector": [-2.52136, -0.32621, -12.50706]
						},
						"0.8333": {
							"vector": [-2.52136, -0.32621, -12.50706]
						},
						"1.0": {
							"vector": [0, 0, 0]
						}
					},
					"position": {
						"0.0": {
							"vector": [0, -0.36, -1.56]
						},
						"0.3333": {
							"vector": [0, 1.64, -2.56]
						},
						"0.4167": {
							"vector": [0, 1.64, -2.56]
						},
						"0.5": {
							"vector": [0, 0.64, 0.10797]
						},
						"0.8333": {
							"vector": [0, 0.64, 0.10797]
						},
						"1.0": {
							"vector": [0, 0, 0]
						}
					}
				}
			}
		}
	},
	"geckolib_format_version": 2
}