{
	"format_version": "1.8.0",
	"animations": {
		"sword8": {
			"animation_length": 0.75,
			"override_previous_animation": true,
			"bones": {
				"right_arm": {
					"rotation": {
						"0.0": {
							"vector": [-208.14009, 5.99084, -86.82046]
						},
						"0.1667": {
							"vector": [-50.30148, -1.9839, -77.18106]
						},
						"0.25": {
							"vector": [-34.30148, -1.9839, -77.18106]
						},
						"0.3333": {
							"vector": [-179.41076, -37.25975, -91.00138]
						},
						"0.75": {
							"vector": [-179.41076, -37.25975, -91.00138]
						}
					},
					"position": {
						"0.0": {
							"vector": [-0.97984, 1.1875, -1.43438]
						},
						"0.1667": {
							"vector": [1.95359, 1.19, -5.04328]
						},
						"0.3333": {
							"vector": [-1.12812, 1.19, -1.04]
						},
						"0.75": {
							"vector": [-1.12812, 1.19, -1.04]
						}
					}
				},
				"rightItem": {
					"rotation": {
						"0.0": {
							"vector": [-148.2058, -10.32751, 182.36245]
						},
						"0.25": {
							"vector": [-168.43836, 5.87912, 181.20042]
						},
						"0.3333": {
							"vector": [-135.93836, 5.87912, 181.20042]
						},
						"0.75": {
							"vector": [-135.93836, 5.87912, 181.20042]
						}
					},
					"position": {
						"0.0": {
							"vector": [-1.04297, 0.76563, 0.04688]
						}
					}
				},
				"body": {
					"rotation": {
						"0.0": {
							"vector": [7.11656, -312.00347, -3.80084]
						},
						"0.1667": {
							"vector": [0, -194.5, 0]
						},
						"0.25": {
							"vector": [15, -72, 0]
						},
						"0.3333": {
							"vector": [23.80021, 50.02565, 13.99879]
						},
						"0.75": {
							"vector": [23.80021, 50.02565, 13.99879]
						}
					},
					"position": {
						"0.0": {
							"vector": [3.12734, 0, 0]
						},
						"0.1667": {
							"vector": [0.13, 0, 0]
						},
						"0.3333": {
							"vector": [0.13, -0.16016, 0]
						},
						"0.75": {
							"vector": [0.13, -0.16016, 0]
						}
					}
				},
				"left_arm": {
					"rotation": {
						"0.0": {
							"vector": [22.87098, -9.71174, -16.98658]
						},
						"0.1667": {
							"vector": [-1.42337, -7.73903, -21.63503]
						},
						"0.3333": {
							"vector": [33.57663, -7.73903, -21.63503]
						},
						"0.75": {
							"vector": [33.57663, -7.73903, -21.63503]
						}
					},
					"position": {
						"0.0": {
							"vector": [1, 0, 0.58672]
						},
						"0.1667": {
							"vector": [1, 0, 0.58672]
						}
					}
				},
				"head": {
					"rotation": {
						"0.0": {
							"vector": [3.4359, -44.92073, 2.44104]
						},
						"0.1667": {
							"vector": [12.99915, -16.99372, 0.55944]
						},
						"0.25": {
							"vector": [12.37179, 48.96989, 16.34416]
						},
						"0.3333": {
							"vector": [13.24172, -52.11887, -3.57312]
						},
						"0.75": {
							"vector": [13.24172, -52.11887, -3.57312]
						}
					}
				},
				"right_leg": {
					"rotation": {
						"0.0": {
							"vector": [5.01868, 1.74435, 32.13833]
						},
						"0.1667": {
							"vector": [6.60102, 6.35134, 10.45693]
						},
						"0.25": {
							"vector": [20.60102, 6.35134, 10.45693]
						},
						"0.3333": {
							"vector": [-1.89898, 6.35134, 10.45693]
						},
						"0.75": {
							"vector": [-1.89898, 6.35134, 10.45693]
						}
					},
					"position": {
						"0.0": {
							"vector": [0, -0.41016, -0.00781]
						},
						"0.1667": {
							"vector": [0, -0.41016, -0.00781]
						},
						"0.3333": {
							"vector": [0, -0.11703, -3.01]
						},
						"0.75": {
							"vector": [0, -0.11703, -3.01]
						}
					}
				},
				"left_leg": {
					"rotation": {
						"0.0": {
							"vector": [-13.88989, -4.757, -17.81932]
						},
						"0.1667": {
							"vector": [-9.70025, -2.73012, -5.45761]
						},
						"0.25": {
							"vector": [-19.70025, -2.73012, -5.45761]
						},
						"0.3333": {
							"vector": [15.4738, -1.40267, -10.28142]
						},
						"0.75": {
							"vector": [15.4738, -1.40267, -10.28142]
						}
					},
					"position": {
						"0.0": {
							"vector": [0, -0.23828, -2.83203]
						},
						"0.1667": {
							"vector": [0, 0, 0]
						},
						"0.25": {
							"vector": [0, 0.8125, -3.77344]
						},
						"0.3333": {
							"vector": [0, 0.11078, 0.26906]
						},
						"0.75": {
							"vector": [0, 0.11078, 0.26906]
						}
					}
				}
			}
		}
	},
	"geckolib_format_version": 2
}