{
	"format_version": "1.8.0",
	"animations": {
		"sword6": {
			"animation_length": 0.75,
			"override_previous_animation": true,
			"bones": {
				"right_arm": {
					"rotation": {
						"0.0": {
							"vector": [-50.27891, 4.69141, -49.93437]
						},
						"0.25": {
							"vector": [-213.66822, -2.64978, -85.61347]
						},
						"0.3333": {
							"vector": [-24.35958, 5.70697, -52.39993]
						},
						"0.75": {
							"vector": [-24.35958, 5.70697, -52.39993]
						}
					},
					"position": {
						"0.0": {
							"vector": [-0.39, 1, -1.95]
						},
						"0.25": {
							"vector": [-0.39, 1, 0.05]
						},
						"0.3333": {
							"vector": [1.57484, 1, -4.01641]
						},
						"0.75": {
							"vector": [1.57484, 1, -4.01641]
						}
					}
				},
				"rightItem": {
					"rotation": {
						"0.0": {
							"vector": [25.91748, 4.23728, -11.18828]
						},
						"0.25": {
							"vector": [-24.58252, 0, 0]
						},
						"0.3333": {
							"vector": [-1.58252, 0, 0]
						},
						"0.75": {
							"vector": [-1.58252, 0, 0]
						}
					},
					"position": {
						"0.0": {
							"vector": [-1.04297, 0.76563, 0.04688]
						}
					}
				},
				"body": {
					"rotation": {
						"0.0": {
							"vector": [31.53971, -62.10588, -10.69526]
						},
						"0.25": {
							"vector": [-5, -296.08, 0]
						},
						"0.3333": {
							"vector": [18.8366, -399.29503, -1.35647]
						},
						"0.75": {
							"vector": [18.8366, -399.29503, -1.35647]
						}
					}
				},
				"left_arm": {
					"rotation": {
						"0.0": {
							"vector": [19.25656, 11.86554, -30.48005]
						},
						"0.25": {
							"vector": [-25.34807, -7.2722, -40.05117]
						},
						"0.3333": {
							"vector": [9.65193, -7.2722, -40.05117]
						},
						"0.75": {
							"vector": [9.65193, -7.2722, -40.05117]
						}
					},
					"position": {
						"0.0": {
							"vector": [0, 0, 0]
						},
						"0.25": {
							"vector": [1, 0, 0.45]
						},
						"0.3333": {
							"vector": [1, 0, 1.71172]
						},
						"0.75": {
							"vector": [1, 0, 1.71172]
						}
					}
				},
				"head": {
					"rotation": {
						"0.0": {
							"vector": [0, 60, 0]
						},
						"0.25": {
							"vector": [14.56623, -50.80446, -13.97157]
						},
						"0.3333": {
							"vector": [3.17493, 39.98439, 6.91006]
						},
						"0.75": {
							"vector": [3.17493, 39.98439, 6.91006]
						}
					}
				},
				"right_leg": {
					"rotation": {
						"0.0": {
							"vector": [7.5, 0, 12.5]
						},
						"0.25": {
							"vector": [7.43656, -0.9762, 19.93656]
						},
						"0.3333": {
							"vector": [-25.06344, -0.9762, 19.93656]
						},
						"0.75": {
							"vector": [-25.06344, -0.9762, 19.93656]
						}
					},
					"position": {
						"0.0": {
							"vector": [0, 0, 0]
						},
						"0.25": {
							"vector": [0, 0, 0]
						},
						"0.3333": {
							"vector": [0, 1, -4]
						},
						"0.75": {
							"vector": [0, 1, -4]
						}
					}
				},
				"left_leg": {
					"rotation": {
						"0.0": {
							"vector": [-15, 0, -5]
						},
						"0.25": {
							"vector": [11.83068, -6.51401, -25.14636]
						},
						"0.3333": {
							"vector": [11.83068, -6.51401, -25.14636]
						},
						"0.75": {
							"vector": [11.83068, -6.51401, -25.14636]
						}
					},
					"position": {
						"0.0": {
							"vector": [0, 1, -3]
						}
					}
				}
			}
		}
	},
	"geckolib_format_version": 2
}