{
	"format_version": "1.8.0",
	"animations": {
		"sword19": {
			"animation_length": 0.9583,
			"override_previous_animation": true,
			"bones": {
				"body": {
					"rotation": {
						"0.0": {
							"vector": [15, 416.31, 0]
						},
						"0.125": {
							"vector": [-0.71124, 327.31914, -3.01672]
						},
						"0.5417": {
							"vector": [-0.71124, 327.31914, -3.01672]
						},
						"0.9167": {
							"vector": [-0.71124, 327.31914, -3.01672]
						}
					},
					"position": {
						"0.0": {
							"vector": [0, -2, 0]
						},
						"0.125": {
							"vector": [0, -1, 0]
						},
						"0.5417": {
							"vector": [0, -1, 0]
						},
						"0.9167": {
							"vector": [0, -1, 0]
						}
					}
				},
				"left_arm": {
					"rotation": {
						"0.0": {
							"vector": [-40.00933, 0.43399, -19.96207]
						},
						"0.125": {
							"vector": [-95.00933, 0.43399, -19.96207]
						},
						"0.5417": {
							"vector": [-95.00933, 0.43399, -19.96207]
						},
						"0.9167": {
							"vector": [-95.00933, 0.43399, -19.96207]
						}
					}
				},
				"right_arm": {
					"rotation": {
						"0.0": {
							"vector": [-0.22062, 2.60911, 63.36748]
						},
						"0.125": {
							"vector": [-157.45545, -8.95341, 58.60246]
						},
						"0.5417": {
							"vector": [-157.45545, -8.95341, 58.60246]
						},
						"0.9167": {
							"vector": [-157.45545, -8.95341, 58.60246]
						}
					},
					"position": {
						"0.0": {
							"vector": [-1, 0, 1.45]
						},
						"0.125": {
							"vector": [1.53906, 0, -3.71016]
						},
						"0.5417": {
							"vector": [1.53906, 0, -3.71016]
						},
						"0.9167": {
							"vector": [1.53906, 0, -3.71016]
						}
					},
					"scale": {
						"0.0": {
							"vector": [1, 1, 1]
						},
						"0.9167": {
							"vector": [1, 1, 1]
						}
					}
				},
				"head": {
					"rotation": {
						"0.0": {
							"vector": [-5, -48.43, 0]
						},
						"0.125": {
							"vector": [-3.70227, 26.41387, -5.39371]
						},
						"0.5417": {
							"vector": [-3.70227, 26.41387, -5.39371]
						},
						"0.9167": {
							"vector": [-3.70227, 26.41387, -5.39371]
						}
					}
				},
				"right_leg": {
					"rotation": {
						"0.0": {
							"vector": [-4.97659, -0.42473, 10.10837]
						},
						"0.125": {
							"vector": [17.52341, -0.42473, 10.10837]
						},
						"0.5417": {
							"vector": [17.52341, -0.42473, 10.10837]
						},
						"0.9167": {
							"vector": [17.52341, -0.42473, 10.10837]
						}
					},
					"position": {
						"0.0": {
							"vector": [0, 2, -3]
						},
						"0.125": {
							"vector": [0, 0, 0]
						},
						"0.5417": {
							"vector": [0, 0, 0]
						},
						"0.9167": {
							"vector": [0, 0, 0]
						}
					}
				},
				"left_leg": {
					"rotation": {
						"0.0": {
							"vector": [14.9307, 1.2969, -7.37314]
						},
						"0.125": {
							"vector": [-5.0693, 1.2969, -7.37314]
						},
						"0.5417": {
							"vector": [-5.0693, 1.2969, -7.37314]
						},
						"0.9167": {
							"vector": [-5.0693, 1.2969, -7.37314]
						}
					}
				},
				"Sword": {
					"position": {
						"0.0": {
							"vector": [0, 0, 0]
						},
						"0.0833": {
							"vector": [0, 0, 0]
						},
						"0.5833": {
							"vector": [0, 0, 0]
						},
						"0.9583": {
							"vector": [0, 0, 0]
						}
					},
					"scale": {
						"0.0": {
							"vector": [1, 1, 1]
						},
						"0.0833": {
							"vector": [1, 2.7, 1]
						},
						"0.5833": {
							"vector": [1, 1, 1]
						},
						"0.9583": {
							"vector": [1, 1, 1]
						}
					}
				}
			}
		}
	},
	"geckolib_format_version": 2
}