{
	"format_version": "1.8.0",
	"animations": {
		"sword17": {
			"animation_length": 0.9167,
			"override_previous_animation": true,
			"bones": {
				"body": {
					"rotation": {
						"0.0": {
							"vector": [0.60357, -51.18332, 4.00968]
						},
						"0.125": {
							"vector": [0.63882, -53.68317, 3.96522]
						},
						"0.25": {
							"vector": [10.57454, 48.8137, 4.91235]
						},
						"0.625": {
							"vector": [10.57454, 48.8137, 4.91235]
						},
						"0.9167": {
							"vector": [10.57454, 48.8137, 4.91235]
						}
					}
				},
				"left_arm": {
					"rotation": {
						"0.0": {
							"vector": [10, 0, -17.5]
						},
						"0.125": {
							"vector": [9.99067, 0.43399, -19.96207]
						}
					}
				},
				"right_arm": {
					"rotation": {
						"0.0": {
							"vector": [-137.69289, -1.10538, 68.49289]
						},
						"0.125": {
							"vector": [-137.69289, -1.10538, 68.49289]
						},
						"0.25": {
							"vector": [12.30711, -1.10538, 68.49289]
						},
						"0.625": {
							"vector": [12.30711, -1.10538, 68.49289]
						},
						"0.9167": {
							"vector": [12.30711, -1.10538, 68.49289]
						}
					},
					"position": {
						"0.0": {
							"vector": [0, 0, 0]
						},
						"0.125": {
							"vector": [0, 0, 0]
						},
						"0.25": {
							"vector": [-1, 0, 1]
						},
						"0.625": {
							"vector": [-1, 0, 1]
						},
						"0.9167": {
							"vector": [-1, 0, 1]
						}
					},
					"scale": {
						"0.0": {
							"vector": [1, 1, 1]
						},
						"0.125": {
							"vector": [1, 1, 1]
						},
						"0.9167": {
							"vector": [1, 1, 1]
						}
					}
				},
				"head": {
					"rotation": {
						"0.0": {
							"vector": [0, 45, 0]
						},
						"0.125": {
							"vector": [0, 40, 0]
						},
						"0.25": {
							"vector": [0, -48.43, 0]
						},
						"0.625": {
							"vector": [0, -48.43, 0]
						},
						"0.9167": {
							"vector": [0, -48.43, 0]
						}
					}
				},
				"right_leg": {
					"rotation": {
						"0.0": {
							"vector": [-17.47659, -0.42473, 10.10837]
						}
					}
				},
				"left_leg": {
					"rotation": {
						"0.0": {
							"vector": [14.97178, 0.65182, -4.95744]
						},
						"0.125": {
							"vector": [14.9307, 1.2969, -7.37314]
						}
					}
				},
				"Sword": {
					"position": {
						"0.0": {
							"vector": [0, 0, 0]
						},
						"0.125": {
							"vector": [0, -1, 0]
						},
						"0.625": {
							"vector": [0, 0, 0]
						},
						"0.9167": {
							"vector": [0, 0, 0]
						}
					},
					"scale": {
						"0.0": {
							"vector": [1, 1, 1]
						},
						"0.125": {
							"vector": [1, 3.3, 1]
						},
						"0.625": {
							"vector": [1, 1, 1]
						},
						"0.9167": {
							"vector": [1, 1, 1]
						}
					}
				}
			}
		}
	},
	"geckolib_format_version": 2
}