{
	"format_version": "1.8.0",
	"animations": {
		"tojispear": {
			"animation_length": 6.125,
			"bones": {
				"body": {
					"rotation": {
						"0.0625": [0, 0, 0],
						"1.125": [27.5, 0, 0],
						"1.25": [27.5, 0, 0],
						"3.0625": [27.5, 0, 0],
						"3.125": [5, 0, 0]
					},
					"position": {
						"0.0625": [0, -2, 0],
						"1.125": [0, -2, 36],
						"1.25": [0, -2, 36],
						"3.0": [0, -2, 36],
						"3.125": [0, -3, 11]
					},
					"scale": {
						"0.0625": [1, 1, 1],
						"0.1042": [0, 1, 0],
						"1.0833": [0, 1, 0],
						"1.125": [1, 1, 1]
					}
				},
				"torso": {
					"rotation": {
						"0.0625": [2.5, 0, 0],
						"1.125": [22.5, 0, 0],
						"2.125": [-7.5, 0, 0],
						"3.0": [-7.5, 0, 0],
						"3.0625": [22.5, 0, 0],
						"3.125": [10.34527, -14.76689, -2.66399],
						"3.8125": [10.35, -14.77, -2.66],
						"4.4583": [10.35, -14.77, -2.66],
						"4.5": [12.53554, 36.83115, 7.59782],
						"4.7292": [12.54, 36.83, 7.6],
						"4.7708": [-1.81004, -30.34351, 5.67212],
						"4.8333": [14.90639, -40.04663, 2.70498],
						"4.8958": [23.18128, -45.96861, -0.76854],
						"4.9583": [23.22205, -51.06537, -4.10517],
						"5.0208": [15.35509, -31.53244, 4.09428],
						"5.125": [15.35509, -31.53244, 4.09428],
						"5.375": [15.35509, -31.53244, 4.09428],
						"5.4167": [-1.81, -30.34, 5.67],
						"5.4583": [-1.56719, 4.6458, 4.62852],
						"5.7083": [-1.57, 4.65, 4.63],
						"5.75": [19.44928, -42.97524, 7.52439],
						"6.0625": [19.45, -42.98, 7.52],
						"6.125": [-3.98997, 39.09314, 3.98553]
					},
					"position": {
						"3.8125": [0, 0, 0],
						"4.4583": [0, 0, 0],
						"4.7292": [0, 0, 0],
						"5.4167": [0, 0, 0],
						"5.7083": [0, 0, 0],
						"6.0625": [0, 0, 0]
					}
				},
				"head": {
					"rotation": {
						"0.0625": [17.5, 0, 0],
						"1.125": [17.5, 0, 0],
						"3.0": [17.5, 0, 0],
						"3.0625": [-30, 0, 0],
						"3.125": [0, 12.5, 0],
						"3.875": [0, 12.5, 0],
						"4.4583": [0, 12.5, 0],
						"4.5": [0, -22.5, 0],
						"4.7083": [0, -22.5, 0],
						"4.7708": [0, 27.5, 0],
						"5.125": [0, 27.5, 0],
						"5.4167": [0, 27.5, 0],
						"5.4583": [0, -2.5, 0],
						"5.7083": [0, -2.5, 0],
						"5.75": [30, 20, 0],
						"6.0833": [30, 20, 0],
						"6.125": [14.85363, -29.02299, -6.10233]
					}
				},
				"right_arm": {
					"rotation": {
						"0.0625": [-125.66387, -25.27252, 60.99577],
						"1.125": [13.06967, 31.12326, 53.6097],
						"1.25": [13.07, 31.12, 53.61],
						"2.125": [-25.88363, 42.97607, 58.32833],
						"3.0625": [-25.88363, 42.97607, 58.32833],
						"3.125": [-125.65281, 7.97896, 58.8401],
						"3.8125": [-125.65, 7.98, 58.84],
						"3.875": [-119.09813, 22.93318, 82.88259],
						"4.4583": [-119.1, 22.93, 82.88],
						"4.5": [17.51063, 31.84211, 59.53527],
						"4.7292": [17.51, 31.84, 59.54],
						"4.7708": [-39.78783, 7.06244, 101.39542],
						"4.8333": [-46.56078, -18.30303, 70.04635],
						"4.8958": [-60.95855, -20.1094, 68.21607],
						"4.9583": [-62.79949, 4.25043, 81.20545],
						"5.0208": [-64.43582, -10.51066, 110.28582],
						"5.0833": [-81.93582, -10.51066, 110.28582],
						"5.125": [-72.89461, -7.69132, 100.56781],
						"5.4167": [-72.89, -7.69, 100.57],
						"5.4583": [-150.75608, 67.54119, -3.51317],
						"5.7083": [-150.76, 67.54, -3.51],
						"5.75": [-55.1516, -18.48845, -45.24056],
						"6.0625": [-55.15, -18.49, -45.24],
						"6.125": [28.66006, 13.30001, 37.36282]
					},
					"position": {
						"0.0625": [1, -2, -3],
						"1.125": [1, -2, 1],
						"1.25": [1, -2, 1],
						"2.125": [1, -2, 0],
						"3.0625": [1, -2, 0],
						"3.125": [4, -1, -3],
						"3.8125": [4, -1, -3],
						"3.875": [1, -1, -3],
						"4.4583": [1, -1, -3],
						"4.5": [0, -1, 1],
						"4.7292": [0, -1, 1],
						"4.7917": [1, -1, 3.8],
						"4.8333": [0, -1, -1],
						"4.8542": [0, -1, -2.67],
						"4.8958": [0, -1, -3],
						"4.9167": [0, -1, 4],
						"4.9583": [0, -1, 0],
						"5.0208": [-1, -1, -3],
						"5.0833": [-1, -1, 5],
						"5.125": [-1, -1, -2],
						"5.4167": [-1, -1, -2],
						"5.4583": [-1, -1, 0],
						"5.7083": [-1, -1, 0],
						"6.0625": [-1, -1, 0],
						"6.125": [0, -1, 0]
					}
				},
				"left_arm": {
					"rotation": {
						"0.0625": [-18.19367, 5.68422, -18.9042],
						"1.125": [-50.69367, 5.68422, -18.9042],
						"1.25": [-50.69, 5.68, -18.9],
						"2.125": [-40.69, 5.68, -18.9],
						"3.0625": [-40.69, 5.68, -18.9],
						"3.125": [5.43634, 4.61387, -6.39474],
						"3.8125": [5.44, 4.61, -6.39],
						"4.5": [-28.54614, 32.11195, -33.63143],
						"4.7292": [-28.55, 32.11, -33.63],
						"4.7708": [-33.90958, 2.7819, -18.73241],
						"5.4167": [-33.91, 2.78, -18.73],
						"5.4583": [-41.57788, 32.8952, -42.5881],
						"5.7083": [-41.58, 32.9, -42.59],
						"5.75": [-103.76278, -36.90007, 67.45585],
						"6.0625": [-103.76, -36.9, 67.46],
						"6.125": [-59.7053, 6.643, -91.06195]
					},
					"position": {
						"0.0625": [0, 0, 3],
						"1.125": [0, -2, -3],
						"1.25": [0, -2, -3],
						"2.125": [0, 0, 0],
						"3.8125": [0, 0, 0],
						"4.7292": [0, 0, 0],
						"4.7708": [0, 0, 2],
						"5.4167": [0, 0, 2],
						"5.7083": [0, 0, 2],
						"5.75": [0, 0, 4],
						"6.0625": [0, 0, 4],
						"6.125": [1, 0, -2]
					}
				},
				"right_leg": {
					"rotation": {
						"0.0625": [0, 0, 0],
						"1.125": [-27.5, 0, 0],
						"1.25": [-27.5, 0, 0],
						"2.125": [-27.5, 0, 0],
						"3.0625": [-27.5, 0, 0],
						"3.125": [24.72359, 40.20798, 11.68235],
						"3.8125": [24.72, 40.21, 11.68],
						"4.4583": [24.72, 40.21, 11.68],
						"4.5": [14.72, 40.21, 11.68],
						"4.7292": [14.72, 40.21, 11.68],
						"4.7708": [-6.24763, 6.03771, 3.25259],
						"5.4167": [-6.25, 6.04, 3.25],
						"5.4583": [-6.25, 6.04, 3.25],
						"5.7083": [-6.25, 6.04, 3.25],
						"5.75": [26.25, 6.04, 3.25],
						"6.0625": [26.25, 6.04, 3.25]
					},
					"position": {
						"0.0625": [0, 2, -2],
						"1.125": [0, 5, -2],
						"1.25": [0, 5, -2],
						"2.125": [0, 5, -2],
						"3.0625": [0, 5, -2],
						"3.125": [-1, 2, -1],
						"3.8125": [-1, 2, -1],
						"4.4583": [-1, 2, -1],
						"4.7292": [-1, 2, -1],
						"4.7708": [-1, 3, -3],
						"5.4167": [-1, 3, -3],
						"5.4583": [-1, 3, -2],
						"5.7083": [-1, 3, -2],
						"5.75": [-1, 1, -2],
						"6.0625": [-1, 1, -2],
						"6.125": [0, 1, 1]
					}
				},
				"left_leg": {
					"rotation": {
						"0.0625": [0, -12.5, 0],
						"1.125": [2.5, -12.5, 0],
						"1.25": [2.5, -12.5, 0],
						"2.125": [2.5, -12.5, 0],
						"3.0625": [2.5, -12.5, 0],
						"3.125": [-14.88119, -0.04607, -1.08089],
						"3.8125": [-14.88, -0.05, -1.08],
						"4.4583": [-14.88, -0.05, -1.08],
						"4.5": [-12.38, -0.05, -1.08],
						"4.7292": [-12.38, -0.05, -1.08],
						"4.7708": [17.62, -0.05, -1.08],
						"5.4167": [17.62, -0.05, -1.08],
						"5.4583": [7.62, -0.05, -1.08],
						"5.7083": [7.62, -0.05, -1.08],
						"5.75": [-1.72217, -44.9586, -5.16764],
						"6.0625": [-1.72, -44.96, -5.17],
						"6.125": [-9.69699, -7.24679, 1.33306]
					},
					"position": {
						"0.0625": [1, 2, 0],
						"1.125": [1, 2, 0],
						"1.25": [1, 2, 0],
						"3.0625": [1, 2, 0],
						"3.125": [0, 3, -3],
						"4.4583": [0, 3, -3],
						"4.7292": [0, 3, -3],
						"4.7708": [0, 2, -1],
						"5.4167": [0, 2, -1],
						"5.4583": [0, 3, 0],
						"5.7083": [0, 3, 0],
						"5.75": [2, 3, -2],
						"6.0625": [2, 3, -2],
						"6.125": [0, 3, -4]
					}
				}
			}
		}
	},
	"geckolib_format_version": 2
}