{
	"format_version": "1.8.0",
	"animations": {
		"tojispear": {
			"animation_length": 12.25,
			"bones": {
				"body": {
					"rotation": {
						"0.125": {
							"vector": [0, 0, 0]
						},
						"2.25": {
							"vector": [27.5, 0, 0]
						},
						"2.5": {
							"vector": [27.5, 0, 0]
						},
						"6.125": {
							"vector": [27.5, 0, 0]
						},
						"6.25": {
							"vector": [5, 0, 0]
						}
					},
					"position": {
						"0.125": {
							"vector": [0, -2, 0]
						},
						"2.25": {
							"vector": [0, -2, 36]
						},
						"2.5": {
							"vector": [0, -2, 36]
						},
						"6.0": {
							"vector": [0, -2, 36]
						},
						"6.25": {
							"vector": [0, -3, 11]
						}
					},
					"scale": {
						"0.125": {
							"vector": [1, 1, 1]
						},
						"0.2083": {
							"vector": [0, 1, 0]
						},
						"2.1667": {
							"vector": [0, 1, 0]
						},
						"2.25": {
							"vector": [1, 1, 1]
						}
					}
				},
				"torso": {
					"rotation": {
						"0.125": {
							"vector": [2.5, 0, 0]
						},
						"2.25": {
							"vector": [22.5, 0, 0]
						},
						"4.25": {
							"vector": [-7.5, 0, 0]
						},
						"6.0": {
							"vector": [-7.5, 0, 0]
						},
						"6.125": {
							"vector": [22.5, 0, 0]
						},
						"6.25": {
							"vector": [10.34527, -14.76689, -2.66399]
						},
						"7.625": {
							"vector": [10.35, -14.77, -2.66]
						},
						"8.9167": {
							"vector": [10.35, -14.77, -2.66]
						},
						"9.0": {
							"vector": [12.53554, 36.83115, 7.59782]
						},
						"9.4583": {
							"vector": [12.54, 36.83, 7.6]
						},
						"9.5417": {
							"vector": [-1.81004, -30.34351, 5.67212]
						},
						"9.6667": {
							"vector": [14.90639, -40.04663, 2.70498]
						},
						"9.7917": {
							"vector": [23.18128, -45.96861, -0.76854]
						},
						"9.9167": {
							"vector": [23.22205, -51.06537, -4.10517]
						},
						"10.0417": {
							"vector": [15.35509, -31.53244, 4.09428]
						},
						"10.25": {
							"vector": [15.35509, -31.53244, 4.09428]
						},
						"10.75": {
							"vector": [15.35509, -31.53244, 4.09428]
						},
						"10.8333": {
							"vector": [-1.81, -30.34, 5.67]
						},
						"10.9167": {
							"vector": [-1.56719, 4.6458, 4.62852]
						},
						"11.4167": {
							"vector": [-1.57, 4.65, 4.63]
						},
						"11.5": {
							"vector": [19.44928, -42.97524, 7.52439]
						},
						"12.125": {
							"vector": [19.45, -42.98, 7.52]
						},
						"12.25": {
							"vector": [-3.98997, 39.09314, 3.98553]
						}
					},
					"position": {
						"7.625": {
							"vector": [0, 0, 0]
						},
						"8.9167": {
							"vector": [0, 0, 0]
						},
						"9.4583": {
							"vector": [0, 0, 0]
						},
						"10.8333": {
							"vector": [0, 0, 0]
						},
						"11.4167": {
							"vector": [0, 0, 0]
						},
						"12.125": {
							"vector": [0, 0, 0]
						}
					}
				},
				"head": {
					"rotation": {
						"0.125": {
							"vector": [17.5, 0, 0]
						},
						"2.25": {
							"vector": [17.5, 0, 0]
						},
						"6.0": {
							"vector": [17.5, 0, 0]
						},
						"6.125": {
							"vector": [-30, 0, 0]
						},
						"6.25": {
							"vector": [0, 12.5, 0]
						},
						"7.75": {
							"vector": [0, 12.5, 0]
						},
						"8.9167": {
							"vector": [0, 12.5, 0]
						},
						"9.0": {
							"vector": [0, -22.5, 0]
						},
						"9.4167": {
							"vector": [0, -22.5, 0]
						},
						"9.5417": {
							"vector": [0, 27.5, 0]
						},
						"10.25": {
							"vector": [0, 27.5, 0]
						},
						"10.8333": {
							"vector": [0, 27.5, 0]
						},
						"10.9167": {
							"vector": [0, -2.5, 0]
						},
						"11.4167": {
							"vector": [0, -2.5, 0]
						},
						"11.5": {
							"vector": [30, 20, 0]
						},
						"12.1667": {
							"vector": [30, 20, 0]
						},
						"12.25": {
							"vector": [14.85363, -29.02299, -6.10233]
						}
					}
				},
				"right_arm": {
					"rotation": {
						"0.125": {
							"vector": [-125.66387, -25.27252, 60.99577]
						},
						"2.25": {
							"vector": [13.06967, 31.12326, 53.6097]
						},
						"2.5": {
							"vector": [13.07, 31.12, 53.61]
						},
						"4.25": {
							"vector": [-25.88363, 42.97607, 58.32833]
						},
						"6.125": {
							"vector": [-25.88363, 42.97607, 58.32833]
						},
						"6.25": {
							"vector": [-125.65281, 7.97896, 58.8401]
						},
						"7.625": {
							"vector": [-125.65, 7.98, 58.84]
						},
						"7.75": {
							"vector": [-119.09813, 22.93318, 82.88259]
						},
						"8.9167": {
							"vector": [-119.1, 22.93, 82.88]
						},
						"9.0": {
							"vector": [17.51063, 31.84211, 59.53527]
						},
						"9.4583": {
							"vector": [17.51, 31.84, 59.54]
						},
						"9.5417": {
							"vector": [-39.78783, 7.06244, 101.39542]
						},
						"9.6667": {
							"vector": [-46.56078, -18.30303, 70.04635]
						},
						"9.7917": {
							"vector": [-60.95855, -20.1094, 68.21607]
						},
						"9.9167": {
							"vector": [-62.79949, 4.25043, 81.20545]
						},
						"10.0417": {
							"vector": [-64.43582, -10.51066, 110.28582]
						},
						"10.1667": {
							"vector": [-81.93582, -10.51066, 110.28582]
						},
						"10.25": {
							"vector": [-72.89461, -7.69132, 100.56781]
						},
						"10.8333": {
							"vector": [-72.89, -7.69, 100.57]
						},
						"10.9167": {
							"vector": [-150.75608, 67.54119, -3.51317]
						},
						"11.4167": {
							"vector": [-150.76, 67.54, -3.51]
						},
						"11.5": {
							"vector": [-55.1516, -18.48845, -45.24056]
						},
						"12.125": {
							"vector": [-55.15, -18.49, -45.24]
						},
						"12.25": {
							"vector": [28.66006, 13.30001, 37.36282]
						}
					},
					"position": {
						"0.125": {
							"vector": [1, -2, -3]
						},
						"2.25": {
							"vector": [1, -2, 1]
						},
						"2.5": {
							"vector": [1, -2, 1]
						},
						"4.25": {
							"vector": [1, -2, 0]
						},
						"6.125": {
							"vector": [1, -2, 0]
						},
						"6.25": {
							"vector": [4, -1, -3]
						},
						"7.625": {
							"vector": [4, -1, -3]
						},
						"7.75": {
							"vector": [1, -1, -3]
						},
						"8.9167": {
							"vector": [1, -1, -3]
						},
						"9.0": {
							"vector": [0, -1, 1]
						},
						"9.4583": {
							"vector": [0, -1, 1]
						},
						"9.5833": {
							"vector": [1, -1, 3.8]
						},
						"9.6667": {
							"vector": [0, -1, -1]
						},
						"9.7083": {
							"vector": [0, -1, -2.67]
						},
						"9.7917": {
							"vector": [0, -1, -3]
						},
						"9.8333": {
							"vector": [0, -1, 4]
						},
						"9.9167": {
							"vector": [0, -1, 0]
						},
						"10.0417": {
							"vector": [-1, -1, -3]
						},
						"10.1667": {
							"vector": [-1, -1, 5]
						},
						"10.25": {
							"vector": [-1, -1, -2]
						},
						"10.8333": {
							"vector": [-1, -1, -2]
						},
						"10.9167": {
							"vector": [-1, -1, 0]
						},
						"11.4167": {
							"vector": [-1, -1, 0]
						},
						"12.125": {
							"vector": [-1, -1, 0]
						},
						"12.25": {
							"vector": [0, -1, 0]
						}
					}
				},
				"left_arm": {
					"rotation": {
						"0.125": {
							"vector": [-18.19367, 5.68422, -18.9042]
						},
						"2.25": {
							"vector": [-50.69367, 5.68422, -18.9042]
						},
						"2.5": {
							"vector": [-50.69, 5.68, -18.9]
						},
						"4.25": {
							"vector": [-40.69, 5.68, -18.9]
						},
						"6.125": {
							"vector": [-40.69, 5.68, -18.9]
						},
						"6.25": {
							"vector": [5.43634, 4.61387, -6.39474]
						},
						"7.625": {
							"vector": [5.44, 4.61, -6.39]
						},
						"9.0": {
							"vector": [-28.54614, 32.11195, -33.63143]
						},
						"9.4583": {
							"vector": [-28.55, 32.11, -33.63]
						},
						"9.5417": {
							"vector": [-33.90958, 2.7819, -18.73241]
						},
						"10.8333": {
							"vector": [-33.91, 2.78, -18.73]
						},