{
	"format_version": "1.8.0",
	"animations": {
		"tojidomainbreaker": {
			"animation_length": 4,
			"override_previous_animation": true,
			"bones": {
				"Chain6": {
					"scale": {
						"vector": [0, 0, 0]
					}
				},
				"Pistol": {
					"scale": {
						"vector": [0, 0, 0]
					}
				},
				"Split_soul_katana": {
					"scale": {
						"vector": [0, 0, 0]
					}
				},
				"Playful_cloud": {
					"scale": {
						"vector": [0, 0, 0]
					}
				},
				"body": {
					"rotation": {
						"vector": [0, 0, 0]
					},
					"position": {
						"0.4167": {
							"vector": [0, -2, 0]
						},
						"0.7917": {
							"vector": [0, -2, 0]
						},
						"0.8333": {
							"vector": [0, 0, 0]
						}
					}
				},
				"torso": {
					"rotation": {
						"0.4167": {
							"vector": [10, 0, 0]
						},
						"0.5": {
							"vector": [11.80868, 31.94715, 6.31274]
						},
						"0.7917": {
							"vector": [11.81, 31.95, 6.31]
						},
						"0.8333": {
							"vector": [3.73549, 47.37089, 3.39907]
						},
						"1.0": {
							"vector": [3.73549, 47.37089, 3.39907]
						}
					},
					"position": {
						"vector": [0, 0, 0]
					}
				},
				"head": {
					"rotation": {
						"0.4167": {
							"vector": [0, 0, 0]
						},
						"0.5": {
							"vector": [0, -25, 0]
						},
						"0.7917": {
							"vector": [0, -25, 0]
						},
						"1.0": {
							"vector": [0, -37.5, 0]
						}
					},
					"position": {
						"0.4167": {
							"vector": [0, 0, 0]
						},
						"0.7917": {
							"vector": [0, 0, 0]
						}
					}
				},
				"right_arm": {
					"rotation": {
						"0.4167": {
							"vector": [-114.52775, -7.74776, 91.14487]
						},
						"0.5": {
							"vector": [26.85144, -0.27955, 107.02189]
						},
						"0.8333": {
							"vector": [26.85, -0.28, 107.02]
						},
						"0.875": {
							"vector": [-133.40449, -17.0467, 61.86129]
						},
						"0.9167": {
							"vector": [53.78644, -33.78243, 74.06276]
						},
						"0.9583": {
							"vector": [-37.5627, -10.79395, -71.97455]
						},
						"1.0": {
							"vector": [-355.79221, 53.23037, -249.08198]
						},
						"1.0417": {
							"vector": [-294.98157, -1.69386, -252.52929]
						},
						"1.0833": {
							"vector": [-400.00223, -1.56787, -417.88622]
						},
						"1.125": {
							"vector": [-376.47388, -11.78066, -249.27458]
						},
						"1.1667": {
							"vector": [-309.8086, 43.00293, -268.36354]
						},
						"1.2083": {
							"vector": [-390.14963, -21.63562, -422.02074]
						},
						"1.25": {
							"vector": [-328.33294, 22.16226, -244.65474]
						},
						"1.2917": {
							"vector": [-372.31088, -20.23895, -442.70552]
						},
						"1.3333": {
							"vector": [-461.17577, 18.59528, -273.16648]
						},
						"1.375": {
							"vector": [-296.17577, 18.59528, -273.16648]
						},
						"1.4167": {
							"vector": [-39.27513, 2.828, -51.12933]
						},
						"1.4583": {
							"vector": [-19.64742, -12.44566, 120.8047]
						},
						"1.5": {
							"vector": [66.93086, 1.65587, 155.80345]
						},
						"1.5417": {
							"vector": [-121.50364, -35.04082, 55.96115]
						},
						"1.5833": {
							"vector": [-334.9455, -6.97383, -254.70314]
						},
						"1.625": {
							"vector": [-400.72942, -9.37817, -403.64445]
						},
						"1.6667": {
							"vector": [-374.26003, -17.80584, -430.61829]
						},
						"1.7083": {
							"vector": [-363.09486, -4.66068, -249.37486]
						},
						"1.75": {
							"vector": [-492.14141, 36.73217, -345.15594]
						},
						"1.8333": {
							"vector": [-492.14141, 36.73217, -345.15594]
						},
						"1.875": {
							"vector": [-379.94925, -8.85208, -420.164]
						},
						"1.9167": {
							"vector": [-392.31441, -12.31379, -247.84407]
						},
						"1.9583": {
							"vector": [-304.09517, 4.38397, -222.7691]
						},
						"2.0": {
							"vector": [-83.09176, 16.11881, -53.22112]
						},
						"2.0417": {
							"vector": [-47.27893, -7.73502, -75.5199]
						},
						"2.0833": {
							"vector": [59.83499, -37.91671, 40.38565]
						},
						"2.125": {
							"vector": [-89.65963, 16.48035, 102.99936]
						},
						"2.1667": {
							"vector": [88.53849, -23.31163, 72.96688]
						},
						"2.2083": {
							"vector": [-52.32315, -13.95519, -74.48035]
						},
						"2.25": {
							"vector": [0.8189, 7.72952, 97.54716]
						},
						"2.2917": {
							"vector": [326.68196, 7.26897, 277.3335]
						},
						"2.3333": {
							"vector": [392.85708, -19.67935, 448.64953]
						},
						"2.375": {
							"vector": [670.89508, 9.65179, 645.7753]
						},
						"2.4167": {
							"vector": [773.57515, -6.35975, 829.57622]
						},
						"2.4583": {
							"vector": [618.56198, -36.46873, 737.98302]
						},
						"2.5": {
							"vector": [719.72046, 15.08587, 829.38149]
						},
						"2.5417": {
							"vector": [667.28079, -28.71022, 689.02622]
						},
						"2.5833": {
							"vector": [684.7002, 10.94973, 645.90763]
						},
						"2.625": {
							"vector": [686.24237, -24.96763, 814.85695]
						},
						"2.6667": {
							"vector": [788.40746, -17.01931, 843.12553]
						},
						"2.7083": {
							"vector": [632.70172, -51.57289, 753.97662]
						},
						"2.75": {
							"vector": [688.37715, 0.28093, 847.6462]
						},
						"2.7917": {
							"vector": [708.79675, -6.76354, 659.22027]
						},
						"2.8333": {
							"vector": [693.59588, -34.83908, 830.0177]
						},
						"2.875": {
							"vector": [687.03338, -0.75199, 666.95954]
						},
						"2.9167": {
							"vector": [765.5677, -28.0623, 826.24617]
						},
						"2.9583": {
							"vector": [702.79649, -22.28308, 661.66712]
						},
						"3.0": {
							"vector": [658.58321, -8.92445, 832.41014]
						},
						"3.0417": {
							"vector": [766.08321, -8.92445, 832.41014]
						},
						"3.0833": {
							"vector": [687.52316, 4.25015, 614.31211]
						},
						"3.125": {
							"vector": [616.54112, 26.18119, 776.40767]
						},
						"3.1667": {
							"vector": [673.12556, -27.80115, 644.37591]
						},
						"3.2083": {
							"vector": [722.66133, 32.77507, 830.88168]
						},
						"3.25": {
							"vector": [679.51096, 36.38166, 745.49679]
						}
					},
					"position": {
						"0.8333": {
							"vector": [0, 0, 0]
						},
						"0.875": {
							"vector": [0, 3, 0]
						},
						"0.9167": {
							"vector": [0, 1, 0]
						},
						"0.9583": {
							"vector": [1, 1, -3]
						},
						"1.0": {
							"vector": [1, 1, 0]
						},
						"1.0417": {
							"vector": [0, 1, -1]
						},
						"1.0833": {
							"vector": [3, 1, -3]
						},
						"1.125": {
							"vector": [-2, 1, 1]
						},
						"1.1667": {
							"vector": [0, -1, -1]
						},
						"1.2083": {
							"vector": [3, 0, -4]
						},
						"1.25": {
							"vector": [-1, 0, 0]
						},
						"1.2917": {
							"vector": [2, 0, -3]
						},
						"1.3333": {
							"vector": [0, 0, -3]
						},
						"1.375": {
							"vector": [0, 0, 2]
						},
						"1.4167": {
							"vector": [0, 0, -2]
						},
						"1.4583": {
							"vector": [0, 0, 1]
						},
						"1.5": {
							"vector": [-1, 0, 3]
						},
						"1.5417": {
							"vector": [1, 0, -3]
						},
						"1.5833": {
							"vector": [1, 0, 1]
						},
						"1.625": {
							"vector": [3, 0, -1]
						},
						"1.6667": {
							"vector": [0, -1, -1]
						},
						"1.7083": {
							"vector": [0, 0, 1]
						},
						"1.75": {
							"vector": [0, 0, -1]
						},
						"1.8333": {
							"vector": [0, 0, -1]
						},
						"1.875": {
							"vector": [3, 0, -4]
						},
						"1.9167": {
							"vector": [-2, 0, 2]
						},
						"1.9583": {
							"vector": [-1, 0, 0]
						},
						"2.0": {
							"vector": [2, 0, -1]
						},
						"2.0417": {
							"vector": [4, 0, -6]
						},
						"2.0833": {
							"vector": [0, 0, 1]
						},
						"2.125": {
							"vector": [2, 0, -2]
						},
						"2.1667": {
							"vector": [0, 0, 1]
						},
						"2.2083": {
							"vector": [2, 0, -1]
						},