{
	"format_version": "1.8.0",
	"animations": {
		"worldslash4": {
			"animation_length": 3.3438,
			"override_previous_animation": true,
			"bones": {
				"body": {
					"rotation": {
						"0.0": [15.98334, -29.09818, -1.05331],
						"0.4896": [10, 0, 0],
						"1.4479": [11, 0, 0],
						"1.8958": [11, 0, 0],
						"2.0": [-14, 0, 0],
						"3.0104": [-14, 0, 0],
						"3.2604": [0, 0, 0],
						"3.3438": [0, 0, 0]
					},
					"position": {
						"0.0": [0, -0.99141, 0],
						"0.4896": [0, -0.99141, 0],
						"1.4479": [0, -0.99141, 0],
						"1.8958": [0, -0.99141, 0],
						"2.0": [0, -0.99141, -3],
						"3.0104": [0, 0, 0],
						"3.2604": [0, 0, 0],
						"3.3438": [0, 0, 0]
					}
				},
				"left_arm": {
					"rotation": {
						"0.0": [-109.78333, 79.13801, -22.38016],
						"0.4896": [-132.18609, 56.58535, -53.9578],
						"1.4479": [-90, 61.57276, -14.07606],
						"1.8958": [-90, 61.57276, -14.07606],
						"1.9479": [-62.1426, 15.62914, 56.47543],
						"2.0": [-270, -61.57276, 165.92394],
						"3.0104": [-270, -61.57276, 165.92394],
						"3.2604": [0, 0, 0],
						"3.3438": [0, 0, 0]
					},
					"position": {
						"0.0": [-2.97656, 0, -1.95703],
						"0.4896": [0, 0, -2.25781],
						"1.4479": [-0.49609, -0.16797, -2.25781],
						"1.8958": [-0.49609, -0.16797, -2.25781],
						"2.0": [0, 0.44141, 0.70313],
						"3.0104": [0, 0.44141, 0.70313],
						"3.2604": [0, 0, 0],
						"3.3438": [0, 0, 0]
					}
				},
				"right_arm": {
					"rotation": {
						"0.0": [-90.48993, 24.48049, 10.95714],
						"0.4896": [-139.71833, -56.59651, 64.25673],
						"1.4479": [-90, -61.5728, 14.0761],
						"1.8958": [-90, -61.5728, 14.0761],
						"1.9479": [-51.60028, -9.04835, -57.21691],
						"2.0": [-270, 79.0728, -165.9239],
						"3.0104": [-270, 79.0728, -165.9239],
						"3.2604": [0, 0, 0],
						"3.3438": [0, 0, 0]
					},
					"position": {
						"0.0": [0, 0, 0.16016],
						"0.4896": [0, 0, -2],
						"1.4479": [0.89844, -0.16797, -2],
						"1.8958": [0.89844, -0.16797, -2],
						"2.0": [0, 0, 0.00391],
						"3.0104": [0, 0, 0.00391],
						"3.2604": [0, 0, 0],
						"3.3438": [0, 0, 0]
					}
				},
				"right_leg": {
					"rotation": {
						"0.0": [9.43497, -5.45526, 11.81794],
						"0.4896": [7.43656, -0.9762, 2.43656],
						"1.4479": [7.43656, -0.9762, 2.43656],
						"1.8958": [7.43656, -0.9762, 2.43656],
						"2.0": [7.43656, -0.9762, 2.43656],
						"3.0104": [7.43656, -0.9762, 2.43656],
						"3.2604": [0, 0, 0],
						"3.3438": [0, 0, 0]
					},
					"position": {
						"0.0": [0, 0, 0],
						"0.4896": [0, 0, 0],
						"1.4479": [0, 0, 0],
						"1.8958": [0, 0, 0],
						"2.0": [0, 0, 0],
						"3.0104": [0, 0, 0],
						"3.2604": [0, 0, 0],
						"3.3438": [0, 0, 0]
					}
				},
				"left_leg": {
					"rotation": {
						"0.0": [-11.43438, -5.42328, -6.87723],
						"0.4896": [-5.00463, -0.2203, -5.00939],
						"1.4479": [-8.00463, -0.2203, -5.00939],
						"1.8958": [-8.00463, -0.2203, -5.00939],
						"2.0": [34.99537, -0.2203, -5.00939],
						"3.0104": [34.99537, -0.2203, -5.00939],
						"3.2604": [0, 0, 0],
						"3.3438": [0, 0, 0]
					},
					"position": {
						"0.0": [0, 1.56453, -3.06781],
						"0.4896": [0, 0, -2],
						"1.4479": [0, 0, -2],
						"1.8958": [0, 0, -2],
						"2.0": [0, 0, -0.62891],
						"3.0104": [0, 0, -0.62891],
						"3.2604": [0, 0, 0],
						"3.3438": [0, 0, 0]
					}
				},
				"head": {
					"rotation": {
						"0.0": [0, 25, 0],
						"0.4896": [27, 0, 0],
						"1.4479": [33, 0, 0],
						"1.8958": [33, 0, 0],
						"2.0": [-43, 0, 0],
						"3.0104": [-43, 0, 0],
						"3.2604": [0, 0, 0],
						"3.3438": [0, 0, 0]
					}
				}
			}
		}
	}
}