{
	"format_version": "1.8.0",
	"animations": {
		"worldslash1": {
			"animation_length": 3,
			"override_previous_animation": true,
			"bones": {
				"body": {
					"rotation": {
						"0.0": [23.30435, 35.41744, 6.2434],
						"1.0": [16.75648, 39.98399, -8.48923],
						"1.75": [16.75648, 39.98399, -8.48923],
						"1.9167": [17.75684, -11.19202, -4.45521],
						"2.0": [-19.72874, -68.69404, 21.05302],
						"2.5": [-19.72874, -68.69404, 21.05302],
						"2.9583": [0, 0, 0],
						"3.0": [0, 0, 0]
					},
					"position": {
						"0.0": [0, 0, 0],
						"1.0": [0, 0, 0],
						"1.75": [0, 0, 0],
						"2.0": [0, 0, -2],
						"2.5": [0, 0, -2],
						"2.9583": [0, 0, -2],
						"3.0": [0, 0, -2]
					}
				},
				"left_arm": {
					"rotation": {
						"0.0": [-55.65116, -12.20423, -89.95548],
						"1.0": [-108.61608, 20.05638, -104.88079],
						"1.75": [-108.61608, 20.05638, -104.88079],
						"2.0": [35, 52.64385, 0],
						"2.5": [35, 52.64385, 0],
						"2.9583": [0, 0, 0],
						"3.0": [0, 0, 0]
					},
					"position": {
						"0.0": [0.84, 0, -0.91469],
						"1.0": [0.84, 0, -0.91469],
						"1.75": [0.84, 0, -0.91469],
						"2.0": [0.84, 1, 1.09],
						"2.5": [0.84, 1, 1.09],
						"2.9583": [0, 0, 0],
						"3.0": [0, 0, 0]
					}
				},
				"right_arm": {
					"rotation": {
						"0.0": [9.26744, 9.2462, 30.77671],
						"1.0": [66.64628, 40.46407, 58.0598],
						"1.75": [66.64628, 40.46407, 58.0598],
						"2.0": [-110.85372, 40.46407, 58.0598],
						"2.5": [-110.85372, 40.46407, 58.0598],
						"2.9583": [0, 0, 0],
						"3.0": [0, 0, 0]
					},
					"position": {
						"0.0": [-1, 1.39, 0.9025],
						"1.0": [-1, 0.39, 3.86484],
						"1.75": [-1, 0.39, 3.86484],
						"2.0": [-1, 0.39, -0.13516],
						"2.5": [-1, 0.39, -0.13516],
						"2.9583": [0, 0, 0],
						"3.0": [0, 0, 0]
					}
				},
				"head": {
					"rotation": {
						"0.0": [-1.84257, -35.78932, -0.92651],
						"1.0": [-1.84257, -35.78932, -0.92651],
						"1.75": [-1.84257, -35.78932, -0.92651],
						"1.9167": [-5.92128, 11.68732, -0.46325],
						"2.0": [0, 59.16395, 0],
						"2.5": [0, 59.16395, 0],
						"2.9583": [0, 0, 0],
						"3.0": [0, 0, 0]
					}
				},
				"right_leg": {
					"rotation": {
						"0.0": [-25.51443, 0.14684, 1.67821],
						"1.0": [-17.58374, 3.98167, 13.58543],
						"1.75": [-17.58374, 3.98167, 13.58543],
						"2.0": [9.08438, 5.63633, 3.68799],
						"2.5": [9.08438, 5.63633, 3.68799],
						"2.9583": [0, 0, 0],
						"3.0": [0, 0, 0]
					},
					"position": {
						"0.0": [0, 1.63281, -3],
						"1.0": [0, 1.63281, -3],
						"1.75": [0, 1.63281, -3],
						"2.0": [0, 0.63, 0],
						"2.5": [0, 0.63, 0],
						"2.9583": [0, 0, 0],
						"3.0": [0, 0, 0]
					}
				},
				"left_leg": {
					"rotation": {
						"0.0": [12.39638, 1.61888, -7.32417],
						"1.0": [12.39638, 1.61888, -7.32417],
						"1.75": [12.39638, 1.61888, -7.32417],
						"2.0": [-12.27497, -3.37354, -26.69577],
						"2.5": [-12.27497, -3.37354, -26.69577],
						"2.9583": [0, 0, 0],
						"3.0": [0, 0, 0]
					},
					"position": {
						"0.0": [0, 0, 0],
						"1.0": [0, 0, 0],
						"1.75": [0, 0, 0],
						"2.0": [0, 0, 0],
						"2.5": [0, 0, 0],
						"2.9583": [0, 0, 0],
						"3.0": [0, 0, 0]
					}
				}
			}
		}
	}
}