{
	"format_version": "1.8.0",
	"animations": {
		"worldslash2": {
			"animation_length": 3,
			"override_previous_animation": true,
			"bones": {
				"body": {
					"rotation": {
						"0.0": [0, 0, 0],
						"0.25": [3.84599, -30.01474, -3.1549],
						"0.5": [5.74946, -29.19848, -1.28328],
						"0.8854": [8.98334, -29.09818, -1.05331],
						"1.0417": [14.15145, -29.09172, -1.03849],
						"1.2083": [15.98334, -29.09818, -1.05331],
						"1.5": [15.98334, -29.09818, -1.05331],
						"1.75": [15.98334, -29.09818, -1.05331],
						"2.0": [13.97159, -4.92013, 5.65618]
					},
					"position": {
						"0.0": [0, 0, 0],
						"0.25": [0, 0.19922, 0],
						"0.5": [0, 0.19922, 0],
						"0.8854": [0, -0.43344, 0],
						"1.0521": [0, -0.13609, 0],
						"1.2083": [0, -0.99141, 0],
						"1.5": [0, -0.99141, 0],
						"1.75": [0, -0.99141, 0]
					}
				},
				"left_arm": {
					"rotation": {
						"0.0": [0, 0, 0],
						"0.125": [-50, 0, -35],
						"0.25": [-109.78333, 79.13801, -22.38016],
						"0.5": [-109.78333, 79.13801, -22.38016],
						"1.2083": [-109.78333, 79.13801, -22.38016],
						"1.5": [-109.78333, 79.13801, -22.38016],
						"1.75": [-109.78333, 79.13801, -22.38016],
						"2.0104": [-93.89534, -20.19023, -1.58118]
					},
					"position": {
						"0.0": [0, 0, 0],
						"0.25": [-2.97656, 0, -1.95703],
						"0.5": [-2.97656, 0, -1.95703],
						"1.2083": [-2.97656, 0, -1.95703],
						"1.5": [-2.97656, 0, -1.95703],
						"1.75": [-2.97656, 0, -1.95703]
					}
				},
				"right_arm": {
					"rotation": {
						"0.0": [0, 0, 0],
						"0.25": [-90, 31, 0],
						"0.5": [-90, 31, 0],
						"1.2083": [-90.48993, 24.48049, 10.95714],
						"1.5": [-90.48993, 24.48049, 10.95714],
						"1.75": [-90.48993, 24.48049, 10.95714],
						"2.0104": [-268.47337, 73.01353, -167.37689]
					},
					"position": {
						"0.0": [0, 0, 0],
						"0.25": [0, 0, 0.16016],
						"0.5": [0, 0, 0.16016],
						"1.2083": [0, 0, 0.16016],
						"1.5": [0, 0, 0.16016],
						"1.75": [0, 0, 0.16016]
					}
				},
				"right_leg": {
					"rotation": {
						"0.0": [0, 0, 0],
						"0.25": [2.48663, 0.8451, -1.81275],
						"0.5": [9.43497, -5.45526, 11.81794],
						"1.2083": [9.43497, -5.45526, 11.81794],
						"1.5": [9.43497, -5.45526, 11.81794],
						"1.75": [9.43497, -5.45526, 11.81794]
					},
					"position": [0, 0, 0]
				},
				"left_leg": {
					"rotation": {
						"0.0": [0, 0, 0],
						"0.25": [0, -4, 0],
						"0.5": [-11.43438, -5.42328, -6.87723],
						"1.2083": [-11.43438, -5.42328, -6.87723],
						"1.5": [-11.43438, -5.42328, -6.87723],
						"1.75": [-11.43438, -5.42328, -6.87723]
					},
					"position": {
						"0.0": [0, 0, 0],
						"0.25": [0, -0.15625, 0.11328],
						"0.5": [0, 0.69531, -0.13281],
						"0.8958": [0, 4.06172, -2.69906],
						"1.2083": [0, 1.56453, -3.06781],
						"1.5": [0, 1.56453, -3.06781],
						"1.75": [0, 1.56453, -3.06781]
					}
				},
				"head": {
					"rotation": {
						"0.0": [0, 0, 0],
						"2.0": [-15, 0, 0]
					}
				}
			}
		}
	}
}