{
	"format_version": "1.8.0",
	"animations": {
		"yuduki": {
			"animation_length": 0.5,
			"override_previous_animation": true,
			"bones": {
				"left_arm": {
					"rotation": {
						"0.0": {
							"vector": [-19.69195, 30.57344, -47.0958]
						},
						"0.0625": {
							"vector": [-19.69195, 30.57344, -47.0958]
						},
						"0.0833": {
							"vector": [-19.69195, 30.57344, -47.0958]
						},
						"0.1458": {
							"vector": [-19.69195, 30.57344, -47.0958]
						},
						"0.3125": {
							"vector": [-19.69195, 30.57344, -47.0958]
						},
						"0.5": {
							"vector": [-5, 0, 0]
						}
					},
					"position": {
						"0.0": {
							"vector": [0, -0.19922, 0]
						},
						"0.5": {
							"vector": [0, -0.19922, 0]
						}
					}
				},
				"rightItem": {
					"rotation": {
						"0.0": {
							"vector": [14.08619, 17.07228, 3.90399]
						},
						"0.0625": {
							"vector": [14.08619, 17.07228, 3.90399]
						},
						"0.0833": {
							"vector": [14.08619, 17.07228, 3.90399]
						},
						"0.1458": {
							"vector": [14.08619, 17.07228, 3.90399]
						},
						"0.3125": {
							"vector": [14.08619, 17.07228, 3.90399]
						},
						"0.5": {
							"vector": [0, 0, 0]
						}
					},
					"position": {
						"0.0": {
							"vector": [2.02344, 0.83594, 0]
						},
						"0.0625": {
							"vector": [2.02344, 0.83594, 0]
						},
						"0.0833": {
							"vector": [2.02344, 0.83594, 0]
						},
						"0.1458": {
							"vector": [2.02344, 0.83594, 0]
						},
						"0.3125": {
							"vector": [2.02344, 0.83594, 0]
						},
						"0.5": {
							"vector": [0, 0, 0]
						}
					}
				},
				"leftItem": {
					"position": {
						"0.0": {
							"vector": [0, -0.59766, 6.17578]
						},
						"0.5": {
							"vector": [0, -0.59766, 6.17578]
						}
					}
				},
				"body": {
					"rotation": {
						"0.0": {
							"vector": [37.36889, -48.72206, -3.42241]
						},
						"0.0625": {
							"vector": [37.36889, -48.72206, -3.42241]
						},
						"0.0833": {
							"vector": [37.36889, -48.72206, -3.42241]
						},
						"0.1458": {
							"vector": [37.36889, -48.72206, -3.42241]
						},
						"0.3125": {
							"vector": [37.36889, -48.72206, -3.42241]
						},
						"0.5": {
							"vector": [0, 0, 0]
						}
					},
					"position": {
						"0.0": {
							"vector": [-1.46094, 0, 4.64453]
						},
						"0.0625": {
							"vector": [-1.46094, 0, 4.64453]
						},
						"0.0833": {
							"vector": [-1.46094, 0, 4.64453]
						},
						"0.1458": {
							"vector": [-1.46094, 0, 4.64453]
						},
						"0.3125": {
							"vector": [-1.46094, 0, 4.64453]
						},
						"0.5": {
							"vector": [0, 0, 0]
						}
					},
					"scale": {
						"0.0": {
							"vector": [1, 1, 1]
						},
						"0.0625": {
							"vector": [1, 1, 1]
						},
						"0.0833": {
							"vector": [1, 1, 1]
						},
						"0.1458": {
							"vector": [1, 1, 1]
						},
						"0.3125": {
							"vector": [1, 1, 1]
						},
						"0.5": {
							"vector": [1, 1, 1]
						}
					}
				},
				"right_arm": {
					"rotation": {
						"0.0": {
							"vector": [-156.17553, -1.56923, 119.37511]
						},
						"0.0625": {
							"vector": [-156.17553, -1.56923, 119.37511]
						},
						"0.0833": {
							"vector": [-127.92308, 6.73254, 124.9607]
						},
						"0.1458": {
							"vector": [-156.17553, -1.56923, 119.37511]
						},
						"0.3125": {
							"vector": [-156.17553, -1.56923, 119.37511]
						},
						"0.5": {
							"vector": [0, 0, 0]
						}
					},
					"position": {
						"0.0": {
							"vector": [3.99219, -1.23437, -6.02734]
						},
						"0.0625": {
							"vector": [3.99219, -1.23437, -6.02734]
						},
						"0.0833": {
							"vector": [-1.60547, -0.99609, -6.07812]
						},
						"0.1458": {
							"vector": [3.99219, -1.23437, -6.02734]
						},
						"0.3125": {
							"vector": [3.99219, -1.23437, -6.02734]
						},
						"0.5": {
							"vector": [0, 0, 0]
						}
					}
				},
				"head": {
					"rotation": {
						"0.0": {
							"vector": [26.48935, 43.95539, -17.18177]
						},
						"0.0625": {
							"vector": [26.48935, 43.95539, -17.18177]
						},
						"0.0833": {
							"vector": [26.48935, 43.95539, -17.18177]
						},
						"0.1458": {
							"vector": [26.48935, 43.95539, -17.18177]
						},
						"0.3125": {
							"vector": [26.48935, 43.95539, -17.18177]
						},
						"0.5": {
							"vector": [0, 0, 0]
						}
					}
				},
				"left_leg": {
					"rotation": {
						"0.0": {
							"vector": [16, 0, -5]
						},
						"0.0625": {
							"vector": [16, 0, -5]
						},
						"0.0833": {
							"vector": [16, 0, -5]
						},
						"0.1458": {
							"vector": [16, 0, -5]
						},
						"0.3125": {
							"vector": [16, 0, -5]
						},
						"0.5": {
							"vector": [0, 0, 0]
						}
					},
					"position": {
						"0.0": {
							"vector": [0, 0, -0.13672]
						},
						"0.0625": {
							"vector": [0, 0, -0.13672]
						},
						"0.0833": {
							"vector": [0, 0, -0.13672]
						},
						"0.1458": {
							"vector": [0, 0, -0.13672]
						},
						"0.3125": {
							"vector": [0, 0, -0.13672]
						}
					}
				},
				"right_leg": {
					"rotation": {
						"0.0": {
							"vector": [-43.75405, 5.20222, 5.40994]
						},
						"0.0625": {
							"vector": [-43.75405, 5.20222, 5.40994]
						},
						"0.0833": {
							"vector": [-43.75405, 5.20222, 5.40994]
						},
						"0.1458": {
							"vector": [-43.75405, 5.20222, 5.40994]
						},
						"0.3125": {
							"vector": [-43.75405, 5.20222, 5.40994]
						},
						"0.5": {
							"vector": [0, 0, 0]
						}
					},
					"position": {
						"0.0": {
							"vector": [0, 3.21484, -3.48828]
						},
						"0.0625": {
							"vector": [0, 3.21484, -3.48828]
						},
						"0.0833": {
							"vector": [0, 3.21484, -3.48828]
						},
						"0.1458": {
							"vector": [0, 3.21484, -3.48828]
						},
						"0.3125": {
							"vector": [0, 3.21484, -3.48828]
						},
						"0.5": {
							"vector": [0, 0, 0]
						}
					}
				}
			}
		}
	},
	"geckolib_format_version": 2
}