{
	"format_version": "1.8.0",
	"animations": {
		"yuun5": {
			"animation_length": 0.5,
			"bones": {
				"body": {
					"rotation": {
						"0.0": {
							"vector": [0, 0, 0]
						},
						"0.125": {
							"vector": [0, -27.5, 0]
						},
						"0.25": {
							"vector": [0, 7.5, 0]
						},
						"0.3333": {
							"vector": [0, 47.5, 0]
						},
						"0.5": {
							"vector": [0, 55, 0]
						}
					}
				},
				"torso": {
					"rotation": {
						"0.0833": {
							"vector": [0, -17.5, 0]
						},
						"0.125": {
							"vector": [0, -67.5, 0]
						},
						"0.3333": {
							"vector": [0, 12.5, 0]
						},
						"0.5": {
							"vector": [0, 37.5, 0]
						}
					}
				},
				"head": {
					"rotation": {
						"0.0": {
							"vector": [0, 17.5, 0]
						},
						"0.125": {
							"vector": [0, 67.5, 0]
						},
						"0.3333": {
							"vector": [0, -42.5, 0]
						},
						"0.5": {
							"vector": [0, -57.5, 0]
						}
					}
				},
				"right_arm": {
					"rotation": {
						"0.0": {
							"vector": [-53.31106, 46.19962, 4.78279]
						},
						"0.125": {
							"vector": [-34.10341, -8.14875, 54.35437]
						},
						"0.25": {
							"vector": [-46.91669, 13.04692, -58.05955]
						},
						"0.3333": {
							"vector": [0.38458, -8.81557, 74.56674]
						},
						"0.5": {
							"vector": [-69.3925, 71.7872, 4.23967]
						}
					},
					"position": {
						"0.0": {
							"vector": [0, 0, -2]
						},
						"0.125": {
							"vector": [0, 0, 1]
						}
					}
				},
				"left_arm": {
					"rotation": {
						"0.0": {
							"vector": [-85, 0, 0]
						},
						"0.125": {
							"vector": [-21.52885, -35.28276, -75.58946]
						},
						"0.25": {
							"vector": [-46.91669, -13.04692, 58.05955]
						},
						"0.3333": {
							"vector": [0.38458, 8.81557, -74.56674]
						},
						"0.5": {
							"vector": [153.41521, 60.92972, 79.78606]
						}
					},
					"position": {
						"0.0": {
							"vector": [0, 0, -4]
						},
						"0.125": {
							"vector": [0, 0, 1]
						}
					}
				},
				"right_leg": {
					"rotation": {
						"0.0": {
							"vector": [0, 0, 0]
						},
						"0.125": {
							"vector": [-2.5, 0, 0]
						},
						"0.25": {
							"vector": [-2.5, 0, 0]
						},
						"0.3333": {
							"vector": [2.5, 0, 0]
						},
						"0.4167": {
							"vector": [2.5, 0, 0]
						},
						"0.5": {
							"vector": [0, 35, 0]
						}
					},
					"position": {
						"0.0": {
							"vector": [0, 0, -2]
						},
						"0.125": {
							"vector": [0, 0, -3]
						},
						"0.25": {
							"vector": [0, 0, -3]
						},
						"0.3333": {
							"vector": [0, 0, -2]
						},
						"0.4167": {
							"vector": [0, 0, -2]
						},
						"0.5": {
							"vector": [0, 0, 2]
						}
					}
				},
				"left_leg": {
					"rotation": {
						"0.0": {
							"vector": [30, 0, 0]
						},
						"0.125": {
							"vector": [0, -70, 0]
						},
						"0.25": {
							"vector": [0, -70, 0]
						},
						"0.3333": {
							"vector": [0, -17.5, 0]
						},
						"0.4167": {
							"vector": [0, -17.5, 0]
						},
						"0.5": {
							"vector": [0, -2.5, 0]
						}
					},
					"position": {
						"0.0": {
							"vector": [0, 0, 0]
						},
						"0.125": {
							"vector": [-1, 0, 2]
						},
						"0.25": {
							"vector": [-1, 0, 2]
						},
						"0.3333": {
							"vector": [1, 0, -1]
						},
						"0.4167": {
							"vector": [1, 0, -1]
						},
						"0.5": {
							"vector": [0, 0, -2]
						}
					}
				}
			}
		}
	},
	"geckolib_format_version": 2
}