{
	"format_version": "1.8.0",
	"animations": {
		"yuun2": {
			"animation_length": 0.29167,
			"bones": {
				"torso": {
					"rotation": {
						"0.0": {
							"vector": [20.88852, -16.41371, -6.15491]
						},
						"0.0833": {
							"vector": [0.79854, -26.2634, -5.18149]
						}
					},
					"position": {
						"0.0": {
							"vector": [0, -3, -5]
						},
						"0.0417": {
							"vector": [-0.5, -0.5, -4]
						},
						"0.0833": {
							"vector": [-1, -2, -3]
						}
					}
				},
				"head": {
					"position": {
						"0.0": {
							"vector": [0, -3, -5]
						},
						"0.0417": {
							"vector": [-0.5, -0.73, -4]
						},
						"0.0833": {
							"vector": [-1, -2.45, -3]
						}
					}
				},
				"right_arm": {
					"rotation": {
						"0.0": {
							"vector": [-112.27794, -34.65749, 80.86961]
						},
						"0.0417": {
							"vector": [-40.95357, 4.61676, 94.47945]
						},
						"0.0833": {
							"vector": [28.33321, 9.97696, 137.8452]
						}
					},
					"position": {
						"0.0": {
							"vector": [2, -5, -7]
						},
						"0.0417": {
							"vector": [0.5, -1.4, -5.2]
						},
						"0.0833": {
							"vector": [-1, -1.8, -3.4]
						}
					}
				},
				"left_arm": {
					"rotation": {
						"0.0": {
							"vector": [-10, 0, -20]
						},
						"0.0833": {
							"vector": [59.24821, -24.65158, -57.34484]
						}
					},
					"position": {
						"0.0": {
							"vector": [0, -3, -3]
						},
						"0.0417": {
							"vector": [-0.5, -1, -2.5]
						},
						"0.0833": {
							"vector": [-1, -3, 0]
						}
					}
				},
				"right_leg": {
					"rotation": {
						"vector": [0, 0, 0]
					},
					"position": {
						"0.0": {
							"vector": [0, 0, -6]
						},
						"0.0417": {
							"vector": [0, 2, -7]
						},
						"0.0833": {
							"vector": [0, 0, -7]
						}
					}
				},
				"left_leg": {
					"rotation": {
						"0.0": {
							"vector": [42.5, 0, 0]
						},
						"0.0833": {
							"vector": [47.5, 0, 0]
						}
					},
					"position": {
						"0.0": {
							"vector": [0, -2, -1]
						},
						"0.0417": {
							"vector": [0.5, 0, -2]
						},
						"0.0833": {
							"vector": [1, -2, -3]
						}
					}
				}
			}
		}
	},
	"geckolib_format_version": 2
}