{
	"credit": "Made with Blockbench",
	"textures": {
		"0": "Desktop/bloodarms"
	},
	"elements": [
		{
			"from": [4.9, -0.1, 4.9],
			"to": [9.1, 6.1, 9.1],
			"faces": {
				"north": {"uv": [11.03125, 6.375, 11.96875, 7.96875], "texture": "#0"},
				"east": {"uv": [10, 6.46875, 10.96875, 7.96875], "texture": "#0"},
				"south": {"uv": [13.03125, 6.3125, 13.96875, 7.96875], "texture": "#0"},
				"west": {"uv": [11.96875, 6.59375, 12.96875, 7.96875], "texture": "#0"},
				"up": {"uv": [8.625, 13.34375, 9.8125, 14.46875], "texture": "#0"},
				"down": {"uv": [12.03125, 4.03125, 13, 4.96875], "texture": "#0"}
			}
		},
		{
			"from": [4.9, -0.1, 4.9],
			"to": [9.1, 6.1, 9.1],
			"faces": {
				"north": {"uv": [11, 6.375, 11.9375, 8.03125], "texture": "#0"},
				"east": {"uv": [10, 6.46875, 10.96875, 8.03125], "texture": "#0"},
				"south": {"uv": [13.03125, 6.3125, 13.96875, 8.03125], "texture": "#0"},
				"west": {"uv": [11.96875, 6.59375, 12.96875, 8.03125], "texture": "#0"},
				"up": {"uv": [8.625, 13.34375, 9.8125, 14.46875], "texture": "#0"},
				"down": {"uv": [12, 4, 13.03125, 5], "texture": "#0"}
			}
		}
	],
	"display": {
		"thirdperson_righthand": {
			"rotation": [90, 0, 0],
			"translation": [1, -3, 8]
		},
		"thirdperson_lefthand": {
			"rotation": [90, 180, 0],
			"translation": [1, -1, 8]
		},
		"firstperson_righthand": {
			"rotation": [122, 24, 0],
			"translation": [0, -2.75, 2]
		},
		"firstperson_lefthand": {
			"rotation": [122, -158, 0],
			"translation": [0, -1.75, 2]
		},
		"ground": {
			"translation": [0, 6.25, 0]
		},
		"gui": {
			"translation": [0.75, 1.75, 0]
		},
		"fixed": {
			"rotation": [0, 90, 0],
			"translation": [1, 0, 0]
		}
	}
}